{
  "facts": [
    {
      "cityName": "Aguila",
      "state": "AZ",
      "source": "Wikipedia",
      "factNumber": 1,
      "fact": "It is located on U.S. Route 60, 25 miles (40\u00a0km) west of Wickenburg and 22 miles (35\u00a0km) northeast of Wenden."
    },
    {
      "cityName": "Aguila",
      "state": "AZ",
      "source": "Wikipedia",
      "factNumber": 2,
      "fact": "Major economic activities include cantaloupe farming and formerly included mining."
    },
    {
      "cityName": "Aguila",
      "state": "AZ",
      "source": "Wikipedia",
      "factNumber": 3,
      "fact": "It uses the same street numbering system as Phoenix."
    },
    {
      "cityName": "Ahwatukee Foothills",
      "state": "AZ",
      "source": "Wikipedia",
      "factNumber": 1,
      "fact": "Ahwatukee Foothills is an urban village of Phoenix."
    },
    {
      "cityName": "Ahwatukee Foothills",
      "state": "AZ",
      "source": "Wikipedia",
      "factNumber": 2,
      "fact": "Ahwatukee is the southernmost part of Phoenix and is considered part of the East Valley region of the Phoenix metropolitan area."
    },
    {
      "cityName": "Alhambra",
      "state": "AZ",
      "source": "Wikipedia",
      "factNumber": 1,
      "fact": "The Alhambra is a palace and fortress complex located in Granada, Spain."
    },
    {
      "cityName": "Alhambra",
      "state": "AZ",
      "source": "Wikipedia",
      "factNumber": 2,
      "fact": "It is one of the most famous monuments of Islamic architecture and one of the best-preserved palaces of the historic Islamic world."
    },
    {
      "cityName": "Alhambra",
      "state": "AZ",
      "source": "Wikipedia",
      "factNumber": 3,
      "fact": "Additionally, the palace contains notable examples of Spanish Renaissance architecture."
    },
    {
      "cityName": "Apache Junction",
      "state": "AZ",
      "source": "Wikipedia",
      "factNumber": 1,
      "fact": "It is named for the junction of the Apache Trail and Old West Highway."
    },
    {
      "cityName": "Apache Junction",
      "state": "AZ",
      "source": "Wikipedia",
      "factNumber": 2,
      "fact": "The area where Apache Junction is located used to be known as Youngberg."
    },
    {
      "cityName": "Apache Junction",
      "state": "AZ",
      "source": "Wikipedia",
      "factNumber": 3,
      "fact": "Superstition Mountain, the westernmost peak of the Superstition Mountains, is to the east."
    },
    {
      "cityName": "Arizona City",
      "state": "AZ",
      "source": "Wikipedia",
      "factNumber": 1,
      "fact": "It is located near the junction of Interstate 8 and Interstate 10 at the midpoint between Phoenix and Tucson, approximately 60 miles (97\u00a0km) from the downtown of both cities."
    },
    {
      "cityName": "Bagdad",
      "state": "AZ",
      "source": "Wikipedia",
      "factNumber": 1,
      "fact": "It is one of only two remaining company towns in Arizona."
    },
    {
      "cityName": "Boulder City",
      "state": "AZ",
      "source": "Wikipedia",
      "factNumber": 1,
      "fact": "It is approximately 26 miles (42\u00a0km) southeast of Las Vegas."
    },
    {
      "cityName": "Boulder City",
      "state": "AZ",
      "source": "Wikipedia",
      "factNumber": 2,
      "fact": "The city took its name from Boulder Canyon."
    },
    {
      "cityName": "Boulder City",
      "state": "AZ",
      "source": "Wikipedia",
      "factNumber": 3,
      "fact": "Boulder City is one of only two places in Nevada that prohibits gambling, the other being the town of Panaca."
    },
    {
      "cityName": "Buckeye",
      "state": "AZ",
      "source": "Wikipedia",
      "factNumber": 1,
      "fact": "It is Arizona's second-largest city by area, and it is the westernmost suburb in the Phoenix Metropolitan Area."
    },
    {
      "cityName": "Buckeye",
      "state": "AZ",
      "source": "Wikipedia",
      "factNumber": 2,
      "fact": "It was the fastest-growing city in the United States for 2017, 2018, and 2021."
    },
    {
      "cityName": "Bullhead City",
      "state": "AZ",
      "source": "Wikipedia",
      "factNumber": 1,
      "fact": "Bullhead City is a city located on the Colorado River in Mohave County, Arizona, United States, 97 miles (156\u00a0km) south of Las Vegas, Nevada, and directly across the Colorado River from Laughlin, Nevada, whose casinos and ancillary services supply much of the employment for Bullhead City."
    },
    {
      "cityName": "Bullhead City",
      "state": "AZ",
      "source": "Wikipedia",
      "factNumber": 2,
      "fact": "Bullhead City is located at the southern end of Lake Mohave."
    },
    {
      "cityName": "Camp Verde",
      "state": "AZ",
      "source": "Wikipedia",
      "factNumber": 1,
      "fact": "Camp Verde is a town in Yavapai County, Arizona, United States."
    },
    {
      "cityName": "Casa Adobes",
      "state": "AZ",
      "source": "Wikipedia",
      "factNumber": 1,
      "fact": "Casas Adobes is situated south and southwest of the town of Oro Valley, and west of the community of Catalina Foothills."
    },
    {
      "cityName": "Casa Grande",
      "state": "AZ",
      "source": "Wikipedia",
      "factNumber": 1,
      "fact": "Casa Grande is a city in Pinal County, approximately halfway between Phoenix and Tucson, in the U.S. state of Arizona."
    },
    {
      "cityName": "Casa Grande",
      "state": "AZ",
      "source": "Wikipedia",
      "factNumber": 2,
      "fact": "It is named after the Casa Grande Ruins National Monument which is actually located in Coolidge."
    },
    {
      "cityName": "Casa Grande",
      "state": "AZ",
      "source": "Wikipedia",
      "factNumber": 3,
      "fact": "Casa Grande is Spanish for \"big house\"."
    },
    {
      "cityName": "Casas Adobes",
      "state": "AZ",
      "source": "Wikipedia",
      "factNumber": 1,
      "fact": "Casas Adobes is situated south and southwest of the town of Oro Valley, and west of the community of Catalina Foothills."
    },
    {
      "cityName": "Central City",
      "state": "AZ",
      "source": "Wikipedia",
      "factNumber": 1,
      "fact": "In urban planning, a historic core city or central city is the municipality with the largest 1940 population in the present metropolitan area."
    },
    {
      "cityName": "Central City",
      "state": "AZ",
      "source": "Wikipedia",
      "factNumber": 2,
      "fact": "Metropolitan areas were no longer considered monocentric, but polycentric due to suburbanization of employment."
    },
    {
      "cityName": "Chandler",
      "state": "AZ",
      "source": "Wikipedia",
      "factNumber": 1,
      "fact": "Chandler is a city in Maricopa County, Arizona, United States, and a suburb in the Phoenix-Mesa-Chandler Metropolitan Statistical Area."
    },
    {
      "cityName": "Chandler",
      "state": "AZ",
      "source": "Wikipedia",
      "factNumber": 2,
      "fact": "It is the fourth-most populous city in Arizona, after Mesa, Tucson, and Phoenix."
    },
    {
      "cityName": "Chandler",
      "state": "AZ",
      "source": "Wikipedia",
      "factNumber": 3,
      "fact": "Chandler is considered to be a part of the East Valley."
    },
    {
      "cityName": "Chino Valley",
      "state": "AZ",
      "source": "Wikipedia",
      "factNumber": 1,
      "fact": "Chino Valley is a town in Yavapai County, Arizona, United States."
    },
    {
      "cityName": "Cordes Junction",
      "state": "AZ",
      "source": "Wikipedia",
      "factNumber": 1,
      "fact": "The Agua Fria National Monument lies to the east and south of the community and Arcosanti is to the north."
    },
    {
      "cityName": "Cordes Lakes",
      "state": "AZ",
      "source": "Wikipedia",
      "factNumber": 1,
      "fact": "The Agua Fria National Monument lies to the east and south of the community and Arcosanti is to the north."
    },
    {
      "cityName": "Cottonwood",
      "state": "AZ",
      "source": "Wikipedia",
      "factNumber": 1,
      "fact": "It is located on the Verde River."
    },
    {
      "cityName": "Davis-Monthan AFB",
      "state": "AZ",
      "source": "Wikipedia",
      "factNumber": 1,
      "fact": "Davis\u2013Monthan Air Force Base is a United States Air Force base 5 miles southeast of downtown Tucson, Arizona."
    },
    {
      "cityName": "Davis-Monthan AFB",
      "state": "AZ",
      "source": "Wikipedia",
      "factNumber": 2,
      "fact": "It was established in 1925 as Davis\u2013Monthan Landing Field."
    },
    {
      "cityName": "Davis-Monthan AFB",
      "state": "AZ",
      "source": "Wikipedia",
      "factNumber": 3,
      "fact": "The host unit for Davis\u2013Monthan AFB is the 355th Wing assigned to Twelfth Air Force (12AF), part of Air Combat Command (ACC)."
    },
    {
      "cityName": "Davis-Monthan AFB",
      "state": "AZ",
      "source": "Wikipedia",
      "factNumber": 4,
      "fact": "The base is best known as the location of the Air Force Materiel Command's 309th Aerospace Maintenance and Regeneration Group, the Aircraft graveyard for all excess military and U.S. government aircraft and aerospace vehicles."
    },
    {
      "cityName": "Deer Valley",
      "state": "AZ",
      "source": "Wikipedia",
      "factNumber": 1,
      "fact": "Deer Valley is located in the city of Phoenix, Arizona, United States."
    },
    {
      "cityName": "Deer Valley",
      "state": "AZ",
      "source": "Wikipedia",
      "factNumber": 2,
      "fact": "The origin of the name is unclear; it first appeared on a 1921 United States General Land Office map of the area describing the valley created by Skunk Creek."
    },
    {
      "cityName": "Dewey-Humboldt",
      "state": "AZ",
      "source": "Wikipedia",
      "factNumber": 1,
      "fact": "Dewey\u2013Humboldt is a town in Yavapai County, Arizona, United States."
    },
    {
      "cityName": "Douglas",
      "state": "AZ",
      "source": "Wikipedia",
      "factNumber": 1,
      "fact": "Douglas is a city in Cochise County, Arizona, United States, that lies in the north-west to south-east running Sulphur Springs Valley."
    },
    {
      "cityName": "Douglas",
      "state": "AZ",
      "source": "Wikipedia",
      "factNumber": 2,
      "fact": "Douglas has a border crossing with Mexico at Agua Prieta and a history of mining."
    },
    {
      "cityName": "Dragoon",
      "state": "AZ",
      "source": "Wikipedia",
      "factNumber": 1,
      "fact": "Dragoon is 17 miles (27\u00a0km) east-northeast of the city of Benson, and about 57 miles (92\u00a0km) southeast of Tucson, Arizona."
    },
    {
      "cityName": "Dragoon",
      "state": "AZ",
      "source": "Wikipedia",
      "factNumber": 2,
      "fact": "Dragoon has the ZIP code of 85609."
    },
    {
      "cityName": "Duncan",
      "state": "AZ",
      "source": "Wikipedia",
      "factNumber": 1,
      "fact": "Duncan is a town in Greenlee County, Arizona, United States."
    },
    {
      "cityName": "Eagar",
      "state": "AZ",
      "source": "Wikipedia",
      "factNumber": 1,
      "fact": "Eagar is a town in Apache County, Arizona, United States."
    },
    {
      "cityName": "East Mesa",
      "state": "AZ",
      "source": "Wikipedia",
      "factNumber": 1,
      "fact": "Mesa is a city in Maricopa County, Arizona, United States."
    },
    {
      "cityName": "East Mesa",
      "state": "AZ",
      "source": "Wikipedia",
      "factNumber": 2,
      "fact": "It is the most populous city in the East Valley of the Phoenix metropolitan area."
    },
    {
      "cityName": "East Mesa",
      "state": "AZ",
      "source": "Wikipedia",
      "factNumber": 3,
      "fact": "It borders Tempe on the west, the Salt River Pima\u2013Maricopa Indian Community on the north, Chandler and Gilbert on the south along with Queen Creek, and Apache Junction on the east."
    },
    {
      "cityName": "Eloy",
      "state": "AZ",
      "source": "Wikipedia",
      "factNumber": 1,
      "fact": "Eloy is a city in Pinal County, Arizona, United States, approximately 50 miles (80\u00a0km) northwest of Tucson and about 65 miles (105\u00a0km) southeast of Phoenix."
    },
    {
      "cityName": "Encanto",
      "state": "AZ",
      "source": "Wikipedia",
      "factNumber": 1,
      "fact": "Encanto is a 2021 American animated musical fantasy comedy film produced by Walt Disney Animation Studios."
    },
    {
      "cityName": "Encanto",
      "state": "AZ",
      "source": "Wikipedia",
      "factNumber": 2,
      "fact": "It was directed by Jared Bush, and Byron Howard and written by Charise Castro Smith and Bush, with original songs written by Lin-Manuel Miranda and a score composed by Germaine Franco."
    },
    {
      "cityName": "Encanto",
      "state": "AZ",
      "source": "Wikipedia",
      "factNumber": 3,
      "fact": "The film stars the voices of Stephanie Beatriz, Mar\u00eda Cecilia Botero, John Leguizamo, Mauro Castillo, Jessica Darrow, Angie Cepeda, Carolina Gait\u00e1n, Diane Guerrero, and Wilmer Valderrama."
    },
    {
      "cityName": "Encanto",
      "state": "AZ",
      "source": "Wikipedia",
      "factNumber": 4,
      "fact": "Encanto follows a multigenerational Colombian family, the Madrigals, led by a matriarch whose children and grandchildren\u2014except for Mirabel Madrigal\u2014receive magical gifts from a miracle, which they use to help the people in their rural community, called the Encanto."
    },
    {
      "cityName": "Encanto",
      "state": "AZ",
      "source": "Wikipedia",
      "factNumber": 5,
      "fact": "When Mirabel learns that the family is losing their magic, she sets out to find out why and save the family and house."
    },
    {
      "cityName": "Florence",
      "state": "AZ",
      "source": "Wikipedia",
      "factNumber": 1,
      "fact": "Florence is a town in Pinal County, Arizona, United States."
    },
    {
      "cityName": "Fort Huachuca",
      "state": "AZ",
      "source": "Wikipedia",
      "factNumber": 1,
      "fact": "Fort Huachuca is a United States Army installation in Cochise County in southeast Arizona, approximately 15 miles (24\u00a0km) north of the border with Mexico and at the northern end of the Huachuca Mountains, adjacent to the town of Sierra Vista."
    },
    {
      "cityName": "Fort Huachuca",
      "state": "AZ",
      "source": "Wikipedia",
      "factNumber": 2,
      "fact": "Established on 3 March 1877 as Camp Huachuca, the garrison is under the command of the United States Army Installation Management Command."
    },
    {
      "cityName": "Fort Huachuca",
      "state": "AZ",
      "source": "Wikipedia",
      "factNumber": 3,
      "fact": "From 1913 to 1933, the fort was the base for the \"Buffalo Soldiers\" of the 10th Cavalry Regiment."
    },
    {
      "cityName": "Fort Huachuca",
      "state": "AZ",
      "source": "Wikipedia",
      "factNumber": 4,
      "fact": "During the build-up of World War II, the fort had quarters for more than 25,000 male soldiers and hundreds of WACs."
    },
    {
      "cityName": "Fort Huachuca",
      "state": "AZ",
      "source": "Wikipedia",
      "factNumber": 5,
      "fact": "Fort Huachuca has over 18,000 people on post during weekday work hours."
    },
    {
      "cityName": "Fort McDowell",
      "state": "AZ",
      "source": "Wikipedia",
      "factNumber": 1,
      "fact": "Fort McDowell is 23 miles northeast of Phoenix."
    },
    {
      "cityName": "Fort McDowell",
      "state": "AZ",
      "source": "Wikipedia",
      "factNumber": 2,
      "fact": "Fort McDowell has a post office with ZIP code 85264."
    },
    {
      "cityName": "Fort McDowell",
      "state": "AZ",
      "source": "Wikipedia",
      "factNumber": 3,
      "fact": "It is part of the Fort McDowell Yavapai Reservation."
    },
    {
      "cityName": "Fort Mohave",
      "state": "AZ",
      "source": "Wikipedia",
      "factNumber": 1,
      "fact": "It is named for a nearby fort that was used during the Mohave War."
    },
    {
      "cityName": "Fort Mohave",
      "state": "AZ",
      "source": "Wikipedia",
      "factNumber": 2,
      "fact": "It is a suburb of Bullhead City."
    },
    {
      "cityName": "Fortuna Foothills",
      "state": "AZ",
      "source": "Wikipedia",
      "factNumber": 1,
      "fact": "It is part of the Yuma Metropolitan Statistical Area."
    },
    {
      "cityName": "Fortuna Foothills",
      "state": "AZ",
      "source": "Wikipedia",
      "factNumber": 2,
      "fact": "Development of the area began in the 1960s, when local developer Hank Schechert purchased 3,000 acres east of Yuma."
    },
    {
      "cityName": "Fortuna Foothills",
      "state": "AZ",
      "source": "Wikipedia",
      "factNumber": 3,
      "fact": "Fortuna Foothills serves as a bedroom community for Yuma, Yuma Proving Ground, and Marine Corps Air Station Yuma."
    },
    {
      "cityName": "Fortuna Foothills",
      "state": "AZ",
      "source": "Wikipedia",
      "factNumber": 4,
      "fact": "Fortuna Foothills is also an area with a large amount of seasonal residents."
    },
    {
      "cityName": "Fountain Hills",
      "state": "AZ",
      "source": "Wikipedia",
      "factNumber": 1,
      "fact": "Fountain Hills is a town in Maricopa County, Arizona, United States."
    },
    {
      "cityName": "Fountain Hills",
      "state": "AZ",
      "source": "Wikipedia",
      "factNumber": 2,
      "fact": "Known for its impressive fountain, which can shoot water to a height of 560 feet (170\u00a0m), it borders the Fort McDowell Yavapai Nation, Salt River Pima-Maricopa Indian Community, and Scottsdale."
    },
    {
      "cityName": "Gilbert",
      "state": "AZ",
      "source": "Wikipedia",
      "factNumber": 1,
      "fact": "Gilbert is a town in Maricopa County, Arizona, United States."
    },
    {
      "cityName": "Gilbert",
      "state": "AZ",
      "source": "Wikipedia",
      "factNumber": 2,
      "fact": "Located southeast of Phoenix, Gilbert is home to 293,630 residents."
    },
    {
      "cityName": "Gilbert",
      "state": "AZ",
      "source": "Wikipedia",
      "factNumber": 3,
      "fact": "It is the fourth-most populous municipality in Arizona and is considered a suburb of Phoenix."
    },
    {
      "cityName": "Glendale",
      "state": "AZ",
      "source": "Wikipedia",
      "factNumber": 1,
      "fact": "Located about nine miles northwest of the state capital, as a suburb of Phoenix, Glendale is known for State Farm Stadium, which is the home of the Arizona Cardinals football team."
    },
    {
      "cityName": "Glendale",
      "state": "AZ",
      "source": "Wikipedia",
      "factNumber": 2,
      "fact": "The city also contains the Arrowhead Towne Center shopping mall."
    },
    {
      "cityName": "Globe",
      "state": "AZ",
      "source": "Wikipedia",
      "factNumber": 1,
      "fact": "A globe is a spherical model of Earth, of some other celestial body, or of the celestial sphere."
    },
    {
      "cityName": "Globe",
      "state": "AZ",
      "source": "Wikipedia",
      "factNumber": 2,
      "fact": "Globes serve purposes similar to maps, but, unlike maps, they do not distort the surface that they portray except to scale it down."
    },
    {
      "cityName": "Globe",
      "state": "AZ",
      "source": "Wikipedia",
      "factNumber": 3,
      "fact": "A model globe of Earth is called a terrestrial globe."
    },
    {
      "cityName": "Globe",
      "state": "AZ",
      "source": "Wikipedia",
      "factNumber": 4,
      "fact": "A model globe of the celestial sphere is called a celestial globe."
    },
    {
      "cityName": "Gold Camp",
      "state": "AZ",
      "source": "Wikipedia",
      "factNumber": 1,
      "fact": "The community is sometimes incorrectly called Gold Camp."
    },
    {
      "cityName": "Gold Canyon",
      "state": "AZ",
      "source": "Wikipedia",
      "factNumber": 1,
      "fact": "The community is sometimes incorrectly called Gold Camp."
    },
    {
      "cityName": "Grand Canyon",
      "state": "AZ",
      "source": "Wikipedia",
      "factNumber": 1,
      "fact": "The Grand Canyon is a steep-sided canyon carved by the Colorado River in Arizona, United States."
    },
    {
      "cityName": "Grand Canyon",
      "state": "AZ",
      "source": "Wikipedia",
      "factNumber": 2,
      "fact": "The Grand Canyon is 277 miles (446\u00a0km) long, up to 18 miles (29\u00a0km) wide and attains a depth of over a mile."
    },
    {
      "cityName": "Hayden",
      "state": "AZ",
      "source": "Wikipedia",
      "factNumber": 1,
      "fact": "Hayden is a town in Gila and Pinal counties in Arizona, United States."
    },
    {
      "cityName": "Higley",
      "state": "AZ",
      "source": "Wikipedia",
      "factNumber": 1,
      "fact": "Higley's ZIP code was 85236 until 2007, when the U.S. Postal Service decided to abolish it for physical addresses, the 85236 ZIP code, however, remains in use for P.O."
    },
    {
      "cityName": "Higley",
      "state": "AZ",
      "source": "Wikipedia",
      "factNumber": 2,
      "fact": "Box addresses at the Higley post office, located on Ray Road."
    },
    {
      "cityName": "Higley",
      "state": "AZ",
      "source": "Wikipedia",
      "factNumber": 3,
      "fact": "All that officially remains of Higley as an independent community is the school district, Higley Unified School District, however, some remaining commercial buildings in and around the original townsite are still standing and operate as small businesses."
    },
    {
      "cityName": "Humboldt",
      "state": "AZ",
      "source": "Wikipedia",
      "factNumber": 1,
      "fact": "Dewey\u2013Humboldt is a town in Yavapai County, Arizona, United States."
    },
    {
      "cityName": "Jerome",
      "state": "AZ",
      "source": "Wikipedia",
      "factNumber": 1,
      "fact": "Jerome, also known as Jerome of Stridon, was an early Christian priest, confessor, theologian, translator, and historian; he is commonly known as Saint Jerome."
    },
    {
      "cityName": "Joseph City",
      "state": "AZ",
      "source": "Wikipedia",
      "factNumber": 1,
      "fact": "It is located on Interstate 40, approximately eighty miles east of Flagstaff and about thirty-five miles west of Petrified Forest National Park."
    },
    {
      "cityName": "Joseph City",
      "state": "AZ",
      "source": "Wikipedia",
      "factNumber": 2,
      "fact": "In 2010, there were 1,386 inhabitants."
    },
    {
      "cityName": "Kearny",
      "state": "AZ",
      "source": "Wikipedia",
      "factNumber": 1,
      "fact": "Kearny is a town in Pinal County, Arizona, United States."
    },
    {
      "cityName": "Kearny",
      "state": "AZ",
      "source": "Wikipedia",
      "factNumber": 2,
      "fact": "The town was named after General Stephen Watts Kearny, who passed through the area on November 7, 1846, while leading 100 dragoons to California."
    },
    {
      "cityName": "Kearny",
      "state": "AZ",
      "source": "Wikipedia",
      "factNumber": 3,
      "fact": "The economic base of Kearny and nearby towns is the Ray mine and Hayden Smelter, both owned and operated by ASARCO."
    },
    {
      "cityName": "Kingman",
      "state": "AZ",
      "source": "Wikipedia",
      "factNumber": 1,
      "fact": "It is named after Lewis Kingman, an engineer for the Atlantic and Pacific Railroad."
    },
    {
      "cityName": "Lake Havasu City",
      "state": "AZ",
      "source": "Wikipedia",
      "factNumber": 1,
      "fact": "It is served by Lake Havasu City Airport."
    },
    {
      "cityName": "Lakeside",
      "state": "AZ",
      "source": "Wikipedia",
      "factNumber": 1,
      "fact": "Pinetop\u2013Lakeside is a town in Navajo County, Arizona, United States."
    },
    {
      "cityName": "Lakeside",
      "state": "AZ",
      "source": "Wikipedia",
      "factNumber": 2,
      "fact": "It was founded in 1984 when the neighboring towns of Pinetop and Lakeside merged."
    },
    {
      "cityName": "Laveen",
      "state": "AZ",
      "source": "Wikipedia",
      "factNumber": 1,
      "fact": "Laveen is a community in Maricopa County, Arizona, United States, situated eight miles (13\u00a0km) southwest of Downtown Phoenix, between South Mountain and the confluence of the Gila and Salt rivers."
    },
    {
      "cityName": "Laveen",
      "state": "AZ",
      "source": "Wikipedia",
      "factNumber": 2,
      "fact": "Laveen Village is split between District 7 and District 8, both notable as minority-majority districts for the city."
    },
    {
      "cityName": "Laveen",
      "state": "AZ",
      "source": "Wikipedia",
      "factNumber": 3,
      "fact": "Although Laveen has been home to \"pastoral alfalfa, cotton, and dairy farms\" since the 1880s, housing and commercial developments have been increasingly urbanizing the area."
    },
    {
      "cityName": "Marana",
      "state": "AZ",
      "source": "Wikipedia",
      "factNumber": 1,
      "fact": "Marana is a town that mostly lies in Pima County with a small portion in Pinal County, in the U.S. state of Arizona."
    },
    {
      "cityName": "Marana",
      "state": "AZ",
      "source": "Wikipedia",
      "factNumber": 2,
      "fact": "It is located northwest of Tucson, Arizona."
    },
    {
      "cityName": "Marble Canyon",
      "state": "AZ",
      "source": "Wikipedia",
      "factNumber": 1,
      "fact": "Marble Canyon is the section of the Colorado River canyon in northern Arizona from Lee's Ferry to the confluence with the Little Colorado River, which marks the beginning of the Grand Canyon."
    },
    {
      "cityName": "Maryvale",
      "state": "AZ",
      "source": "Wikipedia",
      "factNumber": 1,
      "fact": "Maryvale is an urban village of Phoenix, Arizona."
    },
    {
      "cityName": "Mayer",
      "state": "AZ",
      "source": "Wikipedia",
      "factNumber": 1,
      "fact": "Mayer includes three sites listed on the National Register of Historic Places: the Mayer Apartments, the Mayer Business Block, and the Mayer Red Brick Schoolhouse."
    },
    {
      "cityName": "Meadview",
      "state": "AZ",
      "source": "Wikipedia",
      "factNumber": 1,
      "fact": "It was founded in the 1960s as a retirement community and is still largely one, as well as a vacation spot for people coming to enjoy Lake Mead."
    },
    {
      "cityName": "Mesa",
      "state": "AZ",
      "source": "Wikipedia",
      "factNumber": 1,
      "fact": "It is the most populous city in the East Valley of the Phoenix metropolitan area."
    },
    {
      "cityName": "Mesa",
      "state": "AZ",
      "source": "Wikipedia",
      "factNumber": 2,
      "fact": "It borders Tempe on the west, the Salt River Pima\u2013Maricopa Indian Community on the north, Chandler and Gilbert on the south along with Queen Creek, and Apache Junction on the east."
    },
    {
      "cityName": "Miami",
      "state": "AZ",
      "source": "Wikipedia",
      "factNumber": 1,
      "fact": "The Miami metropolitan area in South Florida has an estimated 6.46\u00a0million residents, ranking as the third-largest metropolitan area in the Southeast and sixth-largest metropolitan area in the United States."
    },
    {
      "cityName": "Miami",
      "state": "AZ",
      "source": "Wikipedia",
      "factNumber": 2,
      "fact": "Miami has the third-largest skyline in the U.S. with over 300 high-rises, 70 of which exceed 491\u00a0ft (150\u00a0m)."
    },
    {
      "cityName": "Oro Valley",
      "state": "AZ",
      "source": "Wikipedia",
      "factNumber": 1,
      "fact": "Dubbed the \"Upscale Tech Mecca\" of Southern Arizona by the Arizona Daily Star, Oro Valley is home to over 10 high tech firms and has a median household income nearly 50% higher than the U.S. median."
    },
    {
      "cityName": "Oro Valley",
      "state": "AZ",
      "source": "Wikipedia",
      "factNumber": 2,
      "fact": "The town is located approximately 110 miles (180\u00a0km) southeast of Phoenix, the state capital."
    },
    {
      "cityName": "Paradise Valley",
      "state": "AZ",
      "source": "Wikipedia",
      "factNumber": 1,
      "fact": "Paradise Valley is a desert and mountain town in Arizona east of state capital Phoenix."
    },
    {
      "cityName": "Paradise Valley",
      "state": "AZ",
      "source": "Wikipedia",
      "factNumber": 2,
      "fact": "The town is known for its golf courses, resorts and restaurants, the workshop of Paolo Soleri, and close proximity to Scottsdale and Phoenix."
    },
    {
      "cityName": "Patagonia",
      "state": "AZ",
      "source": "Wikipedia",
      "factNumber": 1,
      "fact": "Patagonia is a geographical region in southern South America that spans parts of Argentina and Chile."
    },
    {
      "cityName": "Patagonia",
      "state": "AZ",
      "source": "Wikipedia",
      "factNumber": 2,
      "fact": "It includes the southern portion of the Andes mountain range, featuring lakes, fjords, temperate rainforests, and glaciers in the west, and deserts, tablelands, and steppes toward the east."
    },
    {
      "cityName": "Patagonia",
      "state": "AZ",
      "source": "Wikipedia",
      "factNumber": 3,
      "fact": "The region is bounded by the Pacific Ocean to the west, the Atlantic Ocean to the east, and several waterways that connect them, including the Strait of Magellan, the Beagle Channel, and the Drake Passage to the south."
    },
    {
      "cityName": "Payson",
      "state": "AZ",
      "source": "Wikipedia",
      "factNumber": 1,
      "fact": "Payson is a town in northern Gila County, Arizona, United States."
    },
    {
      "cityName": "Payson",
      "state": "AZ",
      "source": "Wikipedia",
      "factNumber": 2,
      "fact": "Due to Payson's location being very near to the geographic center of Arizona, it has been called \"The Heart of Arizona.\" Payson is also considered part of the colloquially defined Northern Arizona region, and the town serves as a gateway to the vast wilderness of the Colorado Plateau."
    },
    {
      "cityName": "Payson",
      "state": "AZ",
      "source": "Wikipedia",
      "factNumber": 3,
      "fact": "The town is surrounded by the Tonto National Forest, the largest of the six national forests in Arizona\u2014and the ninth largest national forest in the United States."
    },
    {
      "cityName": "Peach Springs",
      "state": "AZ",
      "source": "Wikipedia",
      "factNumber": 1,
      "fact": "Peach Springs serves as the administrative headquarters of the Hualapai people and is located on the Hualapai Reservation."
    },
    {
      "cityName": "Peoria",
      "state": "AZ",
      "source": "Wikipedia",
      "factNumber": 1,
      "fact": "Most of the city is located in Maricopa County, while a portion of it in the north is in Yavapai County."
    },
    {
      "cityName": "Peoria",
      "state": "AZ",
      "source": "Wikipedia",
      "factNumber": 2,
      "fact": "It is a major suburb of Phoenix."
    },
    {
      "cityName": "Peoria",
      "state": "AZ",
      "source": "Wikipedia",
      "factNumber": 3,
      "fact": "It is the sixth-largest city in Arizona in land area and the ninth-largest in population."
    },
    {
      "cityName": "Peoria",
      "state": "AZ",
      "source": "Wikipedia",
      "factNumber": 4,
      "fact": "It was named after Peoria, Illinois."
    },
    {
      "cityName": "Peoria",
      "state": "AZ",
      "source": "Wikipedia",
      "factNumber": 5,
      "fact": "The word peoria is a corruption of the Miami-Illinois word for \"prairie fire\"."
    },
    {
      "cityName": "Peoria",
      "state": "AZ",
      "source": "Wikipedia",
      "factNumber": 6,
      "fact": "It is the spring training home of the San Diego Padres and Seattle Mariners, who share Peoria Sports Complex."
    },
    {
      "cityName": "Petrified Forest",
      "state": "AZ",
      "source": "Wikipedia",
      "factNumber": 1,
      "fact": "Petrified Forest National Park is a national park of the United States in Navajo and Apache counties in northeastern Arizona."
    },
    {
      "cityName": "Petrified Forest",
      "state": "AZ",
      "source": "Wikipedia",
      "factNumber": 2,
      "fact": "The park's headquarters is about 26 miles (42\u00a0km) east of Holbrook along Interstate 40 (I-40), which parallels the BNSF Railway's Southern Transcon, the Puerco River, and historic U.S. Route 66, all crossing the park roughly east\u2013west."
    },
    {
      "cityName": "Petrified Forest",
      "state": "AZ",
      "source": "Wikipedia",
      "factNumber": 3,
      "fact": "The site, the northern part of which extends into the Painted Desert, was declared a national monument in 1906 and a national park in 1962."
    },
    {
      "cityName": "Petrified Forest",
      "state": "AZ",
      "source": "Wikipedia",
      "factNumber": 4,
      "fact": "The park received 644,922 recreational visitors in 2018."
    },
    {
      "cityName": "Pheonix",
      "state": "AZ",
      "source": "Wikipedia",
      "factNumber": 1,
      "fact": "Phoenix is the capital and most populous city of the U.S. state of Arizona."
    },
    {
      "cityName": "Pheonix",
      "state": "AZ",
      "source": "Wikipedia",
      "factNumber": 2,
      "fact": "The Phoenix metropolitan area, with an estimated 5.19 million residents, is the tenth-most populous metropolitan area in the U.S. and the most populous in the Mountain states and Southwest."
    },
    {
      "cityName": "Phoenix",
      "state": "AZ",
      "source": "Wikipedia",
      "factNumber": 1,
      "fact": "Phoenix is the capital and most populous city of the U.S. state of Arizona."
    },
    {
      "cityName": "Phoenix",
      "state": "AZ",
      "source": "Wikipedia",
      "factNumber": 2,
      "fact": "The Phoenix metropolitan area, with an estimated 5.19 million residents, is the tenth-most populous metropolitan area in the U.S. and the most populous in the Mountain states and Southwest."
    },
    {
      "cityName": "Pima",
      "state": "AZ",
      "source": "Wikipedia",
      "factNumber": 1,
      "fact": "Pima is a town in Graham County, Arizona, United States."
    },
    {
      "cityName": "Pima",
      "state": "AZ",
      "source": "Wikipedia",
      "factNumber": 2,
      "fact": "Pima is part of the Safford Micropolitan Statistical Area."
    },
    {
      "cityName": "Pine",
      "state": "AZ",
      "source": "Wikipedia",
      "factNumber": 1,
      "fact": "A pine is any conifer in the genus Pinus of the family Pinaceae."
    },
    {
      "cityName": "Pine",
      "state": "AZ",
      "source": "Wikipedia",
      "factNumber": 2,
      "fact": "Pinus is the sole genus in the subfamily Pinoideae."
    },
    {
      "cityName": "Pine",
      "state": "AZ",
      "source": "Wikipedia",
      "factNumber": 3,
      "fact": "The species are evergreen trees or shrubs with their leaves in bunches, usually of 2 to 5 needles."
    },
    {
      "cityName": "Pine",
      "state": "AZ",
      "source": "Wikipedia",
      "factNumber": 4,
      "fact": "The seeds are carried on woody cones, with two seeds to each cone scale."
    },
    {
      "cityName": "Pinetop",
      "state": "AZ",
      "source": "Wikipedia",
      "factNumber": 1,
      "fact": "Pinetop\u2013Lakeside is a town in Navajo County, Arizona, United States."
    },
    {
      "cityName": "Pinetop",
      "state": "AZ",
      "source": "Wikipedia",
      "factNumber": 2,
      "fact": "It was founded in 1984 when the neighboring towns of Pinetop and Lakeside merged."
    },
    {
      "cityName": "Pinetop-Lakeside",
      "state": "AZ",
      "source": "Wikipedia",
      "factNumber": 1,
      "fact": "Pinetop\u2013Lakeside is a town in Navajo County, Arizona, United States."
    },
    {
      "cityName": "Pinetop-Lakeside",
      "state": "AZ",
      "source": "Wikipedia",
      "factNumber": 2,
      "fact": "It was founded in 1984 when the neighboring towns of Pinetop and Lakeside merged."
    },
    {
      "cityName": "Prescott Valley",
      "state": "AZ",
      "source": "Wikipedia",
      "factNumber": 1,
      "fact": "Prescott Valley is a town located in Yavapai County, Arizona, United States, approximately 8 miles (13\u00a0km) east of Prescott."
    },
    {
      "cityName": "Quartzsite",
      "state": "AZ",
      "source": "Wikipedia",
      "factNumber": 1,
      "fact": "Quartzsite is a town in La Paz County, Arizona, United States."
    },
    {
      "cityName": "Queen Creek",
      "state": "AZ",
      "source": "Wikipedia",
      "factNumber": 1,
      "fact": "Queen Creek is a town in Maricopa and Pinal counties in Arizona, United States."
    },
    {
      "cityName": "Queen Creek",
      "state": "AZ",
      "source": "Wikipedia",
      "factNumber": 2,
      "fact": "It is a suburb of Phoenix, located in the far southeast area of the Phoenix Metropolitan Area."
    },
    {
      "cityName": "Queens Creek",
      "state": "AZ",
      "source": "Wikipedia",
      "factNumber": 1,
      "fact": "This list of bridges in the United States is organized by state and includes notable bridges in the United States."
    },
    {
      "cityName": "Queens Creek",
      "state": "AZ",
      "source": "Wikipedia",
      "factNumber": 2,
      "fact": "There are more than 600,000 bridges in the U.S."
    },
    {
      "cityName": "Red Rock",
      "state": "AZ",
      "source": "Wikipedia",
      "factNumber": 1,
      "fact": "Red Rock State Park is a 286-acre (116\u00a0ha) state park of Arizona, United States, featuring a red sandstone canyon five miles (8.0\u00a0km) southwest the city of Sedona."
    },
    {
      "cityName": "Red Rock",
      "state": "AZ",
      "source": "Wikipedia",
      "factNumber": 2,
      "fact": "The main mission of this day-use park is the preservation of the riparian habitat along Oak Creek."
    },
    {
      "cityName": "Red Rock",
      "state": "AZ",
      "source": "Wikipedia",
      "factNumber": 3,
      "fact": "Red Rock State Park serves as an environmental education facility for the public and for school or private groups, and provides limited passive recreational opportunities."
    },
    {
      "cityName": "Rimrock",
      "state": "AZ",
      "source": "Wikipedia",
      "factNumber": 1,
      "fact": "Rimrock is the sheer rock wall at the upper edge of a plateau, canyon, or top stratum of a geological uplift."
    },
    {
      "cityName": "Rimrock",
      "state": "AZ",
      "source": "Wikipedia",
      "factNumber": 2,
      "fact": "It may refer to either the rock formation or to the rock itself."
    },
    {
      "cityName": "Rimrock",
      "state": "AZ",
      "source": "Wikipedia",
      "factNumber": 3,
      "fact": "Rimrock may be composed of almost any stone\u2014basalt, gneiss, granite, sandstone, etc.\u2014and is frequently layered."
    },
    {
      "cityName": "Rimrock",
      "state": "AZ",
      "source": "Wikipedia",
      "factNumber": 4,
      "fact": "Many times it overlays a softer stone which erodes away underneath."
    },
    {
      "cityName": "Rimrock",
      "state": "AZ",
      "source": "Wikipedia",
      "factNumber": 5,
      "fact": "American Indians in the West often used cavities found below rimrock to construct dwellings and granaries."
    },
    {
      "cityName": "Rita Ranch",
      "state": "AZ",
      "source": "Wikipedia",
      "factNumber": 1,
      "fact": "Rita Ranch is a masterplanned community located in southeastern Tucson, Arizona."
    },
    {
      "cityName": "Rita Ranch",
      "state": "AZ",
      "source": "Wikipedia",
      "factNumber": 2,
      "fact": "It is served by the Vail School District."
    },
    {
      "cityName": "Rita Ranch",
      "state": "AZ",
      "source": "Wikipedia",
      "factNumber": 3,
      "fact": "It borders the small towns of Vail and Corona de Tucson."
    },
    {
      "cityName": "Rita Ranch",
      "state": "AZ",
      "source": "Wikipedia",
      "factNumber": 4,
      "fact": "Many military families from Davis-Monthan Air Force Base live in the area."
    },
    {
      "cityName": "Sacaton",
      "state": "AZ",
      "source": "Wikipedia",
      "factNumber": 1,
      "fact": "It is the capital of the Gila River Indian Community."
    },
    {
      "cityName": "Sahuarita",
      "state": "AZ",
      "source": "Wikipedia",
      "factNumber": 1,
      "fact": "Sahuarita is a town in Pima County, Arizona, United States."
    },
    {
      "cityName": "Sahuarita",
      "state": "AZ",
      "source": "Wikipedia",
      "factNumber": 2,
      "fact": "Sahuarita is located south of the Tohono O'odham Nation and abuts the north end of Green Valley, 15 miles (24\u00a0km) south of Tucson."
    },
    {
      "cityName": "Saint Johns",
      "state": "AZ",
      "source": "Wikipedia",
      "factNumber": 1,
      "fact": "It is located along U.S. Route 180, mostly west of where that highway intersects with U.S. Route 191."
    },
    {
      "cityName": "Salome",
      "state": "AZ",
      "source": "Wikipedia",
      "factNumber": 1,
      "fact": "It was established in 1904 by Dick Wick Hall, Ernest Hall and Charles Pratt, and was named after Pratt's wife, Grace Salome Pratt."
    },
    {
      "cityName": "San Luis",
      "state": "AZ",
      "source": "Wikipedia",
      "factNumber": 1,
      "fact": "It is part of the Yuma Metropolitan Statistical Area."
    },
    {
      "cityName": "San Luis",
      "state": "AZ",
      "source": "Wikipedia",
      "factNumber": 2,
      "fact": "San Luis, located in the southwest corner of the state directly adjacent to Mexico's Federal Highway 2 at San Luis Rio Colorado, was the second fastest-growing city or town in Arizona from 1990 to 2000."
    },
    {
      "cityName": "San Tan Valley",
      "state": "AZ",
      "source": "Wikipedia",
      "factNumber": 1,
      "fact": "San Tan Valley is a town in northern Pinal County, Arizona, United States."
    },
    {
      "cityName": "San Tan Valley",
      "state": "AZ",
      "source": "Wikipedia",
      "factNumber": 2,
      "fact": "Proposition 495, a measure to incorporate San Tan Valley as a municipality, passed in 2025."
    },
    {
      "cityName": "Scottsdale",
      "state": "AZ",
      "source": "Wikipedia",
      "factNumber": 1,
      "fact": "Scottsdale is a city in eastern Maricopa County, Arizona, United States, and is part of the Phoenix metropolitan area."
    },
    {
      "cityName": "Scottsdale",
      "state": "AZ",
      "source": "Wikipedia",
      "factNumber": 2,
      "fact": "Its slogan is \"The West's Most Western Town\"."
    },
    {
      "cityName": "Scottsdale",
      "state": "AZ",
      "source": "Wikipedia",
      "factNumber": 3,
      "fact": "Over the past two decades, it has been one of the fastest growing cities and housing markets in the United States."
    },
    {
      "cityName": "Sedona",
      "state": "AZ",
      "source": "Wikipedia",
      "factNumber": 1,
      "fact": "Sedona is a city that straddles the county line between Coconino and Yavapai counties in the northern Verde Valley region of the U.S. state of Arizona."
    },
    {
      "cityName": "Sedona",
      "state": "AZ",
      "source": "Wikipedia",
      "factNumber": 2,
      "fact": "The city is within the Coconino National Forest."
    },
    {
      "cityName": "Show Low",
      "state": "AZ",
      "source": "Wikipedia",
      "factNumber": 1,
      "fact": "It lies on the Mogollon Rim in east central Arizona, at an elevation of 6,345 feet."
    },
    {
      "cityName": "Sierra Vista",
      "state": "AZ",
      "source": "Wikipedia",
      "factNumber": 1,
      "fact": "The city is part of the Sierra Vista-Douglas Metropolitan Area, with a 2010 population of 131,346."
    },
    {
      "cityName": "Sierra Vista",
      "state": "AZ",
      "source": "Wikipedia",
      "factNumber": 2,
      "fact": "Sierra Vista is bordered by the cities of Huachuca City and Whetstone to the north and Sierra Vista Southeast to the South."
    },
    {
      "cityName": "Sierra Vista Southeast",
      "state": "AZ",
      "source": "Wikipedia",
      "factNumber": 1,
      "fact": "It includes the neighborhoods Ramsey Canyon, and Sierra Vista Estates within its boundaries."
    },
    {
      "cityName": "Snowflake",
      "state": "AZ",
      "source": "Wikipedia",
      "factNumber": 1,
      "fact": "Snowflake is a town in Navajo County, Arizona, United States."
    },
    {
      "cityName": "Snowflake",
      "state": "AZ",
      "source": "Wikipedia",
      "factNumber": 2,
      "fact": "It was founded in 1878 by Erastus Snow and William Jordan Flake, Mormon pioneers."
    },
    {
      "cityName": "Snowflake",
      "state": "AZ",
      "source": "Wikipedia",
      "factNumber": 3,
      "fact": "Snowflake is 25 miles (40\u00a0km) south of Interstate 40 via Highway 77."
    },
    {
      "cityName": "Snowflake",
      "state": "AZ",
      "source": "Wikipedia",
      "factNumber": 4,
      "fact": "The Apache Railway provides freight service."
    },
    {
      "cityName": "Somerton",
      "state": "AZ",
      "source": "Wikipedia",
      "factNumber": 1,
      "fact": "It is part of the Yuma Metropolitan Statistical Area."
    },
    {
      "cityName": "South Tucson",
      "state": "AZ",
      "source": "Wikipedia",
      "factNumber": 1,
      "fact": "South Tucson is a city in Pima County, Arizona, United States and an enclave of the much larger city of Tucson."
    },
    {
      "cityName": "South Tucson",
      "state": "AZ",
      "source": "Wikipedia",
      "factNumber": 2,
      "fact": "South Tucson is known for being heavily influenced by Hispanic, and especially Mexican, culture; restaurants and shops which sell traditional Mexican food and other goods can be found throughout the city."
    },
    {
      "cityName": "St. George",
      "state": "AZ",
      "source": "Wikipedia",
      "factNumber": 1,
      "fact": "Saint George, also George of Lydda, was an early Christian martyr, born in Cappadocia in Anatolia, who is venerated as a saint."
    },
    {
      "cityName": "St. George",
      "state": "AZ",
      "source": "Wikipedia",
      "factNumber": 2,
      "fact": "Saint George\u2019s mother Saint Polychronia is believed to have come from Syria Palaestina and his father Saint Gerontios is believed to be of Syrian Cappadocian origin."
    },
    {
      "cityName": "St. George",
      "state": "AZ",
      "source": "Wikipedia",
      "factNumber": 3,
      "fact": "He became a member of the Praetorian Guard for Roman emperor Diocletian, but was executed as part of the Diocletianic persecution."
    },
    {
      "cityName": "St. George",
      "state": "AZ",
      "source": "Wikipedia",
      "factNumber": 4,
      "fact": "He is one of the most venerated saints, heroes, and megalomartyrs in Christianity, and he has been especially venerated as a military saint since the Crusades."
    },
    {
      "cityName": "St. George",
      "state": "AZ",
      "source": "Wikipedia",
      "factNumber": 5,
      "fact": "He is also prominently venerated by the Druze, and by some Muslim groups, as a martyr of monotheistic faith."
    },
    {
      "cityName": "St. Michaels",
      "state": "AZ",
      "source": "Wikipedia",
      "factNumber": 1,
      "fact": "The Navajo Nation Government Campus is located within the chapter at Window Rock."
    },
    {
      "cityName": "Stanfield",
      "state": "AZ",
      "source": "Wikipedia",
      "factNumber": 1,
      "fact": "Shamrock Farms operates a farm in Stanfield."
    },
    {
      "cityName": "Sun Lakes",
      "state": "AZ",
      "source": "Wikipedia",
      "factNumber": 1,
      "fact": "Sun Lakes is an active adult community comprising five country club communities in three homeowner associations."
    },
    {
      "cityName": "Sun Lakes",
      "state": "AZ",
      "source": "Wikipedia",
      "factNumber": 2,
      "fact": "These include the gated communities of Oakwood and IronWood (IronOaks), the gated and non-gated communities of Palo Verde and Cottonwood, and the non-gated community of Sun Lakes 1."
    },
    {
      "cityName": "Sunsites",
      "state": "AZ",
      "source": "Wikipedia",
      "factNumber": 1,
      "fact": "The two communities are often referred to as Pearce\u2013Sunsites, Pearce/Sunsites, or Pearce Sunsites."
    },
    {
      "cityName": "Superior",
      "state": "AZ",
      "source": "Wikipedia",
      "factNumber": 1,
      "fact": "Superior is a town in northern Pinal County, Arizona, United States, and is the oldest town in the county."
    },
    {
      "cityName": "Superior",
      "state": "AZ",
      "source": "Wikipedia",
      "factNumber": 2,
      "fact": "Superior was founded as a mining town for the Silver King and the later Magma mines; silver was mined at first, and then transitioned to copper."
    },
    {
      "cityName": "Superior",
      "state": "AZ",
      "source": "Wikipedia",
      "factNumber": 3,
      "fact": "Currently, exploitation of the huge Resolution Copper deposit is being explored."
    },
    {
      "cityName": "Taylor",
      "state": "AZ",
      "source": "Wikipedia",
      "factNumber": 1,
      "fact": "Taylor is a town in Navajo County, Arizona, United States."
    },
    {
      "cityName": "Taylor",
      "state": "AZ",
      "source": "Wikipedia",
      "factNumber": 2,
      "fact": "It was founded by settlers of The Church of Jesus Christ of Latter-day Saints in January 1878, several months before the neighboring community of Snowflake."
    },
    {
      "cityName": "Taylor",
      "state": "AZ",
      "source": "Wikipedia",
      "factNumber": 3,
      "fact": "Taylor straddles Silver Creek, flowing from the nearby White Mountains to the Little Colorado River on Arizona's Colorado Plateau."
    },
    {
      "cityName": "Taylor",
      "state": "AZ",
      "source": "Wikipedia",
      "factNumber": 4,
      "fact": "The town was named for John Taylor, the third president of the Church of Jesus Christ of Latter-day Saints."
    },
    {
      "cityName": "Taylor",
      "state": "AZ",
      "source": "Wikipedia",
      "factNumber": 5,
      "fact": "There is no postal home delivery in Taylor; residents within a certain radius of the Post Office who produce proof of Taylor residency are allocated a small PO box free of charge."
    },
    {
      "cityName": "Tempe Junction",
      "state": "AZ",
      "source": "Wikipedia",
      "factNumber": 1,
      "fact": "Many arterial roads in the Phoenix metropolitan area have the same name in multiple cities or towns."
    },
    {
      "cityName": "Tempe Junction",
      "state": "AZ",
      "source": "Wikipedia",
      "factNumber": 2,
      "fact": "Some roads change names or route numbers across town borders, resulting in occasional confusion."
    },
    {
      "cityName": "Tempe Junction",
      "state": "AZ",
      "source": "Wikipedia",
      "factNumber": 3,
      "fact": "For example, the road known as Apache Boulevard in Tempe continues east as Main Street in neighboring Mesa and then as Apache Trail in Apache Junction."
    },
    {
      "cityName": "Tempe Junction",
      "state": "AZ",
      "source": "Wikipedia",
      "factNumber": 4,
      "fact": "Although Broadway Road maintains the same name through Goodyear, Avondale, Phoenix, Tempe, Mesa, and Apache Junction, each town uses a different reference point for address numbers."
    },
    {
      "cityName": "Tucson",
      "state": "AZ",
      "source": "Wikipedia",
      "factNumber": 1,
      "fact": "The city is 108 miles (174\u00a0km) southeast of Phoenix and 60\u00a0mi (100\u00a0km) north of the United States\u2013Mexico border."
    },
    {
      "cityName": "Tucson",
      "state": "AZ",
      "source": "Wikipedia",
      "factNumber": 2,
      "fact": "It is home to the University of Arizona."
    },
    {
      "cityName": "Tumacacori",
      "state": "AZ",
      "source": "Wikipedia",
      "factNumber": 1,
      "fact": "Mission San Jos\u00e9 de Tumac\u00e1cori is a historic Spanish mission near Nogales, Arizona, preserved in its present form by Franciscans in 1828."
    },
    {
      "cityName": "Vail",
      "state": "AZ",
      "source": "Wikipedia",
      "factNumber": 1,
      "fact": "It is 24 miles (39\u00a0km) southeast of Tucson."
    },
    {
      "cityName": "Vail",
      "state": "AZ",
      "source": "Wikipedia",
      "factNumber": 2,
      "fact": "The area is known for the nearby Colossal Cave, a large cave system, and the Rincon Mountains District of Saguaro National Park, a top tourism spot within Arizona."
    },
    {
      "cityName": "Verde Village",
      "state": "AZ",
      "source": "Wikipedia",
      "factNumber": 1,
      "fact": "It is a retirement and bedroom community for Cottonwood."
    },
    {
      "cityName": "Waddell",
      "state": "AZ",
      "source": "Wikipedia",
      "factNumber": 1,
      "fact": "Waddell is named after Donald Ware Waddell, a native of Ohio, who was a partner in the New York City investment firm Brandon, Gordon, and Waddell."
    },
    {
      "cityName": "Waddell",
      "state": "AZ",
      "source": "Wikipedia",
      "factNumber": 2,
      "fact": "This firm organized the private financing for construction of the dam for the water reclamation project that creates Lake Pleasant."
    },
    {
      "cityName": "Waddell",
      "state": "AZ",
      "source": "Wikipedia",
      "factNumber": 3,
      "fact": "The intended Waddell town site was laid out by Donald Waddell in 1935, on property he owned on the northeast corner of Waddell Road and Cotton Lane."
    },
    {
      "cityName": "Waddell",
      "state": "AZ",
      "source": "Wikipedia",
      "factNumber": 4,
      "fact": "Waddell moved to the area to oversee the firm's interests in the project."
    },
    {
      "cityName": "Waddell",
      "state": "AZ",
      "source": "Wikipedia",
      "factNumber": 5,
      "fact": "He served on the board of the Maricopa Water District and invested in land through his interests in the Arizona Citrus Land Company and the Waddell Ranch Company."
    },
    {
      "cityName": "Wellton",
      "state": "AZ",
      "source": "Wikipedia",
      "factNumber": 1,
      "fact": "Wellton is a town in Yuma County, Arizona, United States."
    },
    {
      "cityName": "Wellton",
      "state": "AZ",
      "source": "Wikipedia",
      "factNumber": 2,
      "fact": "It is part of the Yuma Metropolitan Statistical Area."
    },
    {
      "cityName": "West Sedona",
      "state": "AZ",
      "source": "Wikipedia",
      "factNumber": 1,
      "fact": "Sedona is a city that straddles the county line between Coconino and Yavapai counties in the northern Verde Valley region of the U.S. state of Arizona."
    },
    {
      "cityName": "West Sedona",
      "state": "AZ",
      "source": "Wikipedia",
      "factNumber": 2,
      "fact": "The city is within the Coconino National Forest."
    },
    {
      "cityName": "White Hills",
      "state": "AZ",
      "source": "Wikipedia",
      "factNumber": 1,
      "fact": "It is 12.5 miles (20.1\u00a0km) northwest of Dolan Springs."
    },
    {
      "cityName": "Wickenburg",
      "state": "AZ",
      "source": "Wikipedia",
      "factNumber": 1,
      "fact": "Wickenburg is a town in Maricopa and Yavapai counties, Arizona, United States."
    },
    {
      "cityName": "Williams",
      "state": "AZ",
      "source": "Wikipedia",
      "factNumber": 1,
      "fact": "It lies on the routes of Historic Route\u00a066 and Interstate 40."
    },
    {
      "cityName": "Williams",
      "state": "AZ",
      "source": "Wikipedia",
      "factNumber": 2,
      "fact": "It is also the southern terminus of the Grand Canyon Railway, which takes visitors to Grand Canyon Village."
    },
    {
      "cityName": "Williamson",
      "state": "AZ",
      "source": "Wikipedia",
      "factNumber": 1,
      "fact": "The name \"Wiliamson\" is a misnomer, perhaps propagated by federal bureaucratic error; the area has long been known as \"Williamson Valley\" after the major road through the area, Williamson Valley Road."
    },
    {
      "cityName": "Winkelman",
      "state": "AZ",
      "source": "Wikipedia",
      "factNumber": 1,
      "fact": "Winkelman is a town in Gila and Pinal counties in Arizona, United States."
    },
    {
      "cityName": "Winslow",
      "state": "AZ",
      "source": "Wikipedia",
      "factNumber": 1,
      "fact": "It is approximately 57 miles (92\u00a0km) southeast of Flagstaff, 240 miles (390\u00a0km) west of Albuquerque, New Mexico, and 329 miles (529\u00a0km) southeast of Las Vegas."
    },
    {
      "cityName": "Yarnell",
      "state": "AZ",
      "source": "Wikipedia",
      "factNumber": 1,
      "fact": "Yarnell's economy is based on ranching, mining and services to travelers and retirees."
    },
    {
      "cityName": "Yarnell",
      "state": "AZ",
      "source": "Wikipedia",
      "factNumber": 2,
      "fact": "Peeples Valley, three miles north, is closely linked to Yarnell."
    }
  ]
}