{"key":"airport","displayName":"Airports","category":"entertainment","useLocationName":true,"locations":[
  {"lat":33.6407,"lon":-84.4277,"city":"Atlanta","state":"GA","address":"","name":"Hartsfield-Jackson Atlanta Airport (ATL)"},
  {"lat":32.8998,"lon":-97.0403,"city":"Dallas","state":"TX","address":"","name":"Dallas/Fort Worth Airport (DFW)"},
  {"lat":39.8561,"lon":-104.6737,"city":"Denver","state":"CO","address":"","name":"Denver Airport (DEN)"},
  {"lat":41.9742,"lon":-87.9073,"city":"Chicago","state":"IL","address":"","name":"O'Hare Airport (ORD)"},
  {"lat":33.9425,"lon":-118.4081,"city":"Los Angeles","state":"CA","address":"","name":"Los Angeles Airport (LAX)"},
  {"lat":40.6413,"lon":-73.7781,"city":"Queens","state":"NY","address":"","name":"John F. Kennedy Airport (JFK)"},
  {"lat":36.084,"lon":-115.1537,"city":"Las Vegas","state":"NV","address":"","name":"Harry Reid Airport (LAS)"},
  {"lat":28.4312,"lon":-81.3081,"city":"Orlando","state":"FL","address":"","name":"Orlando Airport (MCO)"},
  {"lat":25.7959,"lon":-80.287,"city":"Miami","state":"FL","address":"","name":"Miami Airport (MIA)"},
  {"lat":35.214,"lon":-80.9431,"city":"Charlotte","state":"NC","address":"","name":"Charlotte Douglas Airport (CLT)"},
  {"lat":47.4502,"lon":-122.3088,"city":"Seattle","state":"WA","address":"","name":"Seattle-Tacoma Airport (SEA)"},
  {"lat":40.6895,"lon":-74.1745,"city":"Newark","state":"NJ","address":"","name":"Newark Liberty Airport (EWR)"},
  {"lat":37.6213,"lon":-122.379,"city":"San Francisco","state":"CA","address":"","name":"San Francisco Airport (SFO)"},
  {"lat":33.4373,"lon":-112.0078,"city":"Phoenix","state":"AZ","address":"","name":"Phoenix Sky Harbor Airport (PHX)"},
  {"lat":29.9902,"lon":-95.3368,"city":"Houston","state":"TX","address":"","name":"George Bush Intercontinental Airport (IAH)"},
  {"lat":42.3656,"lon":-71.0096,"city":"Boston","state":"MA","address":"","name":"Boston Logan Airport (BOS)"},
  {"lat":26.0742,"lon":-80.1506,"city":"Fort Lauderdale","state":"FL","address":"","name":"Fort Lauderdale-Hollywood Airport (FLL)"},
  {"lat":44.8848,"lon":-93.2223,"city":"Minneapolis","state":"MN","address":"","name":"Minneapolis-Saint Paul Airport (MSP)"},
  {"lat":40.7769,"lon":-73.874,"city":"Queens","state":"NY","address":"","name":"LaGuardia Airport (LGA)"},
  {"lat":42.2162,"lon":-83.3554,"city":"Detroit","state":"MI","address":"","name":"Detroit Metropolitan Airport (DTW)"},
  {"lat":39.8729,"lon":-75.2437,"city":"Philadelphia","state":"PA","address":"","name":"Philadelphia Airport (PHL)"},
  {"lat":39.1774,"lon":-76.6684,"city":"Baltimore","state":"MD","address":"","name":"Baltimore/Washington Airport (BWI)"},
  {"lat":40.7899,"lon":-111.9791,"city":"Salt Lake City","state":"UT","address":"","name":"Salt Lake City Airport (SLC)"},
  {"lat":38.8512,"lon":-77.0402,"city":"Arlington","state":"VA","address":"","name":"Ronald Reagan Washington National Airport (DCA)"},
  {"lat":38.9531,"lon":-77.4565,"city":"Dulles","state":"VA","address":"","name":"Washington Dulles Airport (IAD)"},
  {"lat":32.7338,"lon":-117.1933,"city":"San Diego","state":"CA","address":"","name":"San Diego Airport (SAN)"},
  {"lat":27.9755,"lon":-82.5332,"city":"Tampa","state":"FL","address":"","name":"Tampa Airport (TPA)"},
  {"lat":36.1263,"lon":-86.6774,"city":"Nashville","state":"TN","address":"","name":"Nashville Airport (BNA)"},
  {"lat":30.1975,"lon":-97.6664,"city":"Austin","state":"TX","address":"","name":"Austin-Bergstrom Airport (AUS)"},
  {"lat":41.7868,"lon":-87.7522,"city":"Chicago","state":"IL","address":"","name":"Midway Airport (MDW)"},
  {"lat":32.8471,"lon":-96.8518,"city":"Dallas","state":"TX","address":"","name":"Dallas Love Field (DAL)"},
  {"lat":29.6454,"lon":-95.2789,"city":"Houston","state":"TX","address":"","name":"William P. Hobby Airport (HOU)"},
  {"lat":45.5898,"lon":-122.5951,"city":"Portland","state":"OR","address":"","name":"Portland Airport (PDX)"},
  {"lat":35.8801,"lon":-78.788,"city":"Raleigh","state":"NC","address":"","name":"Raleigh-Durham Airport (RDU)"},
  {"lat":29.9934,"lon":-90.258,"city":"New Orleans","state":"LA","address":"","name":"Louis Armstrong New Orleans Airport (MSY)"},
  {"lat":37.3639,"lon":-121.9289,"city":"San Jose","state":"CA","address":"","name":"San Jose Airport (SJC)"},
  {"lat":39.2976,"lon":-94.7139,"city":"Kansas City","state":"MO","address":"","name":"Kansas City Airport (MCI)"},
  {"lat":41.4117,"lon":-81.8498,"city":"Cleveland","state":"OH","address":"","name":"Cleveland Hopkins Airport (CLE)"},
  {"lat":38.6954,"lon":-121.591,"city":"Sacramento","state":"CA","address":"","name":"Sacramento Airport (SMF)"},
  {"lat":39.7173,"lon":-86.2944,"city":"Indianapolis","state":"IN","address":"","name":"Indianapolis Airport (IND)"},
  {"lat":33.6757,"lon":-117.8683,"city":"Santa Ana","state":"CA","address":"","name":"John Wayne Airport (SNA)"},
  {"lat":40.4915,"lon":-80.2329,"city":"Pittsburgh","state":"PA","address":"","name":"Pittsburgh Airport (PIT)"},
  {"lat":39.0488,"lon":-84.6678,"city":"Hebron","state":"KY","address":"","name":"Cincinnati/Northern Kentucky Airport (CVG)"},
  {"lat":38.7487,"lon":-90.37,"city":"St. Louis","state":"MO","address":"","name":"St. Louis Lambert Airport (STL)"},
  {"lat":37.7213,"lon":-122.2208,"city":"Oakland","state":"CA","address":"","name":"Oakland Airport (OAK)"},
  {"lat":26.5362,"lon":-81.7552,"city":"Fort Myers","state":"FL","address":"","name":"Southwest Florida Airport (RSW)"},
  {"lat":30.4941,"lon":-81.6879,"city":"Jacksonville","state":"FL","address":"","name":"Jacksonville Airport (JAX)"},
  {"lat":29.5337,"lon":-98.4698,"city":"San Antonio","state":"TX","address":"","name":"San Antonio Airport (SAT)"},
  {"lat":42.9472,"lon":-87.8966,"city":"Milwaukee","state":"WI","address":"","name":"Milwaukee Mitchell Airport (MKE)"},
  {"lat":26.6832,"lon":-80.0956,"city":"West Palm Beach","state":"FL","address":"","name":"Palm Beach Airport (PBI)"},
  {"lat":18.4394,"lon":-66.0018,"city":"San Juan","state":"PR","address":"","name":"Luis Munoz Marin Airport (SJU)"},
  {"lat":21.3187,"lon":-157.9225,"city":"Honolulu","state":"HI","address":"","name":"Honolulu Daniel K. Inouye Airport (HNL)"},
  {"lat":35.0424,"lon":-89.9767,"city":"Memphis","state":"TN","address":"","name":"Memphis Airport (MEM)"},
  {"lat":38.1744,"lon":-85.736,"city":"Louisville","state":"KY","address":"","name":"Louisville Muhammad Ali Airport (SDF)"},
  {"lat":34.056,"lon":-117.6012,"city":"Ontario","state":"CA","address":"","name":"Ontario Airport (ONT)"},
  {"lat":42.9405,"lon":-78.7322,"city":"Buffalo","state":"NY","address":"","name":"Buffalo Niagara Airport (BUF)"},
  {"lat":61.1743,"lon":-149.9962,"city":"Anchorage","state":"AK","address":"","name":"Anchorage Ted Stevens Airport (ANC)"},
  {"lat":43.5644,"lon":-116.2228,"city":"Boise","state":"ID","address":"","name":"Boise Airport (BOI)"},
  {"lat":35.0402,"lon":-106.6092,"city":"Albuquerque","state":"NM","address":"","name":"Albuquerque International Sunport (ABQ)"},
  {"lat":41.9389,"lon":-72.6832,"city":"Windsor Locks","state":"CT","address":"","name":"Bradley Airport (BDL)"},
  {"lat":34.2005,"lon":-118.3585,"city":"Burbank","state":"CA","address":"","name":"Burbank Hollywood Airport (BUR)"},
  {"lat":20.8986,"lon":-156.4305,"city":"Kahului","state":"HI","address":"","name":"Kahului Airport (OGG)"},
  {"lat":36.8946,"lon":-76.2012,"city":"Norfolk","state":"VA","address":"","name":"Norfolk Airport (ORF)"},
  {"lat":37.5052,"lon":-77.3197,"city":"Richmond","state":"VA","address":"","name":"Richmond Airport (RIC)"},
  {"lat":41.3032,"lon":-95.8941,"city":"Omaha","state":"NE","address":"","name":"Omaha Eppley Airfield (OMA)"},
  {"lat":35.3931,"lon":-97.6007,"city":"Oklahoma City","state":"OK","address":"","name":"Oklahoma City Will Rogers World Airport (OKC)"},
  {"lat":33.5629,"lon":-86.7535,"city":"Birmingham","state":"AL","address":"","name":"Birmingham-Shuttlesworth Airport (BHM)"},
  {"lat":33.8177,"lon":-118.1516,"city":"Long Beach","state":"CA","address":"","name":"Long Beach Airport (LGB)"},
  {"lat":31.8072,"lon":-106.3778,"city":"El Paso","state":"TX","address":"","name":"El Paso Airport (ELP)"},
  {"lat":32.1161,"lon":-110.941,"city":"Tucson","state":"AZ","address":"","name":"Tucson Airport (TUS)"},
  {"lat":41.7241,"lon":-71.4283,"city":"Warwick","state":"RI","address":"","name":"T.F. Green Airport (PVD)"},
  {"lat":47.6199,"lon":-117.5338,"city":"Spokane","state":"WA","address":"","name":"Spokane Airport (GEG)"},
  {"lat":19.7388,"lon":-156.0456,"city":"Kailua-Kona","state":"HI","address":"","name":"Kona Airport (KOA)"},
  {"lat":36.1984,"lon":-95.8881,"city":"Tulsa","state":"OK","address":"","name":"Tulsa Airport (TUL)"},
  {"lat":38.8058,"lon":-104.7,"city":"Colorado Springs","state":"CO","address":"","name":"Colorado Springs Airport (COS)"},
  {"lat":42.7483,"lon":-73.8017,"city":"Albany","state":"NY","address":"","name":"Albany Airport (ALB)"},
  {"lat":34.7294,"lon":-92.2243,"city":"Little Rock","state":"AR","address":"","name":"Little Rock Bill and Hillary Clinton National Airport (LIT)"},
  {"lat":39.4991,"lon":-119.7681,"city":"Reno","state":"NV","address":"","name":"Reno-Tahoe Airport (RNO)"},
  {"lat":27.3954,"lon":-82.5544,"city":"Sarasota","state":"FL","address":"","name":"Sarasota Bradenton Airport (SRQ)"},
  {"lat":21.976,"lon":-159.339,"city":"Lihue","state":"HI","address":"","name":"Lihue Airport (LIH)"},
  {"lat":43.1112,"lon":-76.1063,"city":"Syracuse","state":"NY","address":"","name":"Syracuse Hancock Airport (SYR)"},
  {"lat":41.534,"lon":-93.6631,"city":"Des Moines","state":"IA","address":"","name":"Des Moines Airport (DSM)"},
  {"lat":36.7762,"lon":-119.7181,"city":"Fresno","state":"CA","address":"","name":"Fresno Yosemite Airport (FAT)"},
  {"lat":32.8986,"lon":-80.0405,"city":"Charleston","state":"SC","address":"","name":"Charleston Airport (CHS)"},
  {"lat":34.8957,"lon":-82.2189,"city":"Greer","state":"SC","address":"","name":"Greenville-Spartanburg Airport (GSP)"},
  {"lat":33.6797,"lon":-78.9283,"city":"Myrtle Beach","state":"SC","address":"","name":"Myrtle Beach Airport (MYR)"},
  {"lat":32.1276,"lon":-81.2021,"city":"Savannah","state":"GA","address":"","name":"Savannah/Hilton Head Airport (SAV)"},
  {"lat":42.8808,"lon":-85.5228,"city":"Grand Rapids","state":"MI","address":"","name":"Grand Rapids Gerald R. Ford Airport (GRR)"},
  {"lat":36.0978,"lon":-79.9373,"city":"Greensboro","state":"NC","address":"","name":"Piedmont Triad Airport (GSO)"},
  {"lat":30.4734,"lon":-87.1866,"city":"Pensacola","state":"FL","address":"","name":"Pensacola Airport (PNS)"},
  {"lat":35.811,"lon":-83.994,"city":"Knoxville","state":"TN","address":"","name":"Knoxville McGhee Tyson Airport (TYS)"},
  {"lat":39.9024,"lon":-84.2194,"city":"Dayton","state":"OH","address":"","name":"Dayton Airport (DAY)"},
  {"lat":43.1189,"lon":-77.6724,"city":"Rochester","state":"NY","address":"","name":"Rochester Greater Rochester Airport (ROC)"},
  {"lat":43.6462,"lon":-70.3093,"city":"Portland","state":"ME","address":"","name":"Portland Jetport (PWM)"},
  {"lat":42.9326,"lon":-71.4357,"city":"Manchester","state":"NH","address":"","name":"Manchester-Boston Airport (MHT)"},
  {"lat":44.472,"lon":-73.1533,"city":"Burlington","state":"VT","address":"","name":"Burlington Airport (BTV)"},
  {"lat":35.4362,"lon":-82.5418,"city":"Asheville","state":"NC","address":"","name":"Asheville Airport (AVL)"},
  {"lat":38.0365,"lon":-84.6059,"city":"Lexington","state":"KY","address":"","name":"Lexington Blue Grass Airport (LEX)"}
]}