{"key":"benihana","displayName":"Benihana","category":"restaurant","useLocationName":false,"locations":[
  {"lat":37.547151,"lon":-122.314401,"city":"San Mateo","state":"CA","address":"<p>2204 Bridgepointe Pkwy, San Mateo, CA, 94404","name":""},
  {"lat":25.778607,"lon":-80.187139,"city":"Miami","state":"FL","address":"<p>401 Biscayne Blvd s113, Miami, FL 33132","name":""},
  {"lat":40.829338,"lon":-73.927876,"city":"The Bronx","state":"NY","address":"<p>1 E 161 St, The Bronx, NY 10451","name":""},
  {"lat":40.766021,"lon":-111.892984,"city":"Salt Lake City","state":"UT","address":"<p>165 S. West Temple, Salt Lake City, UT 84101","name":""},
  {"lat":34.754866,"lon":-92.269674,"city":"N Little Rock","state":"AR","address":"<p>2 Riverfront Place, N Little Rock, AR 72114","name":""},
  {"lat":36.603593,"lon":-121.894515,"city":"Monterey","state":"CA","address":"<p>136 Olivier Street, Monterey, CA 93940","name":""},
  {"lat":43.041532,"lon":-87.913081,"city":"Milwaukee","state":"WI","address":"<p>850 N. Plankinton Ave., Milwaukee, WI 53203","name":""},
  {"lat":36.135292,"lon":-115.151949,"city":"Las Vegas","state":"NV","address":"<p>3000 Paradise Road, Las Vegas, NV 89109","name":""},
  {"lat":24.553251,"lon":-81.752259,"city":"Key West","state":"FL","address":"<p>3591 S. Roosevelt Blvd., Key West, FL 33040","name":""},
  {"lat":25.958258,"lon":-80.239308,"city":"Miami Gardens","state":"FL","address":"<p>347 Don Shula Dr., Miami Gardens, FL 33056","name":""},
  {"lat":33.446108,"lon":-112.071253,"city":"Phoenix","state":"AZ","address":"<p>201 E Jefferson St, Phoenix, AZ 85004","name":""},
  {"lat":40.549172,"lon":-74.333507,"city":"Edison","state":"NJ","address":"<p>60 Parsonage Rd., Edison, NJ 08837","name":""},
  {"lat":25.76471,"lon":-80.194328,"city":"Miami","state":"FL","address":"<p>54 SW 10th Street, Miami, FL 33130","name":""},
  {"lat":45.453502,"lon":-122.78554,"city":"Beaverton","state":"OR","address":"<p>9205 SW Cascade Avenue, Beaverton, OR 97008","name":""},
  {"lat":33.523978,"lon":-117.159253,"city":"Temecula","state":"CA","address":"<p>26420 Ynez Road, Temecula, CA 9259","name":""},
  {"lat":30.351729,"lon":-95.485065,"city":"Conroe","state":"TX","address":"<p>3061 Interstate 45 North, Conroe TX, 77304","name":""},
  {"lat":32.953655,"lon":-96.824039,"city":"Dallas","state":"TX","address":"<p>5000 Belt Line Road, Dallas TX, 75254","name":""},
  {"lat":41.898931,"lon":-87.622935,"city":"Chicago","state":"IL","address":"<p>875 North Michigan Avenue, Chicago, IL 60611","name":""},
  {"lat":36.127367,"lon":-115.168897,"city":"","state":"NV","address":"<p>3200 South Las Vegas Blvd., Suite 1250, Las Vegas, NV 89109","name":""},
  {"lat":26.366713,"lon":-80.201969,"city":"Boca Raton","state":"FL","address":"<p>9918 Glades Road, Boca Raton, FL 33434","name":""},
  {"lat":33.922829,"lon":-118.132907,"city":"Downey","state":"CA","address":"<p>8801 Apollo Way, Downey CA, 90242","name":""},
  {"lat":44.853913,"lon":-93.243699,"city":"Bloomington","state":"MN","address":"<p>358 South Avenue, Bloomington, MN 55425","name":""},
  {"lat":34.135037,"lon":-118.049521,"city":"Arcadia","state":"CA","address":"<p>400 S. Baldwin Ave., Arcadia CA, 91007","name":""},
  {"lat":40.116486,"lon":-75.279181,"city":"Plymouth Meeting","state":"PA","address":"<p>508 West Germantown Pike, Plymouth Meeting, PA 19462","name":""},
  {"lat":33.080607,"lon":-96.822565,"city":"Plano","state":"TX","address":"<p>5840 Legacy Circle, Plano, TX 75024","name":""},
  {"lat":26.251676,"lon":-80.25248,"city":"Coral Spring","state":"FL","address":"<p>1695 North University Drive, Coral Spring, FL 33071","name":""},
  {"lat":40.145318,"lon":-82.977503,"city":"Columbus","state":"OH","address":"<p>8781 Lyra Drive, Columbus, OH 43240","name":""},
  {"lat":28.387164,"lon":-81.481159,"city":"Orlando","state":"FL","address":"<p>12690 International Drive S., Orlando, FL 32821","name":""},
  {"lat":39.029066,"lon":-77.419096,"city":"Dulles","state":"VA","address":"<p>21089 Dulles Town Cir, Dulles, VA 20166","name":""},
  {"lat":41.465113,"lon":-81.511565,"city":"Cleveland","state":"OH","address":"<p>23611 Chagrin Blvd., Cleveland OH, 44122","name":""},
  {"lat":33.304087,"lon":-111.895434,"city":"Chandler","state":"AZ","address":"<p>3025 W Chandler Blvd, Chandler, AZ 85226","name":""},
  {"lat":45.093845,"lon":-93.430848,"city":"Maple Grove","state":"MN","address":"<p>11840 Fountains Way N., Maple Grove, MN 55369","name":""},
  {"lat":25.749419,"lon":-80.259454,"city":"Coral Gables","state":"FL","address":"<p>242 Miracle Mile, Coral Gables, FL 33134","name":""},
  {"lat":39.927239,"lon":-105.1331,"city":"Broomfield","state":"CO","address":"<p>515 Zang St, Broomfield, CO 80021","name":""},
  {"lat":25.980605,"lon":-80.354659,"city":"Miramar","state":"FL","address":"<p>3261 SW 160th Ave, Miramar, FL 33027","name":""},
  {"lat":61.21443,"lon":-149.90405,"city":"Anchorage","state":"AK","address":"<p>1100 West 8th Avenue, Anchorage, AK 99501","name":""},
  {"lat":33.104502,"lon":-117.312437,"city":"","state":"CA","address":"<p>755 Raintree Dr. Ste., 100 Carlsbad CA, 92011","name":""},
  {"lat":33.635236,"lon":-111.924911,"city":"Scottsdale","state":"AZ","address":"<p>16403 N Scottsdale Rd, Scottsdale AZ, 85254","name":""},
  {"lat":34.03708,"lon":-84.305608,"city":"Alpharetta","state":"GA","address":"<p>2365 Mansell Road, Alpharetta GA, 30022","name":""},
  {"lat":40.745334,"lon":-73.592001,"city":"Westbury","state":"NY","address":"<p>920 Merchants Concourse, Westbury NY, 11590","name":""},
  {"lat":32.884641,"lon":-96.959693,"city":"Irving","state":"TX","address":"<p>5400 Whitehall Street, Irving, TX 75038","name":""},
  {"lat":30.167028,"lon":-95.460859,"city":"The Woodlands","state":"TX","address":"<p> 1720 Lake Woodlands Drive, The Woodlands, TX, 77380","name":""},
  {"lat":34.015733,"lon":-118.493966,"city":"Santa Monica","state":"CA","address":"<p>1447 4th St, Santa Monica, CA, 90401","name":""},
  {"lat":42.14198,"lon":-87.909266,"city":"Wheeling","state":"IL","address":"<p>150 N. Milwaukee Avenue, Wheeling, IL, 60090","name":""},
  {"lat":34.06832,"lon":-117.570484,"city":"Ontario","state":"CA","address":"<p>3760 Inland Empire Blvd, Ontario CA, 91764","name":""},
  {"lat":42.561074,"lon":-83.173616,"city":"Troy","state":"MI","address":"<p>1985 W. Big Beaver Road, Troy, MI, 48084","name":""},
  {"lat":42.443751,"lon":-83.433019,"city":"Northville","state":"MI","address":"<p>21150 Haggerty Road, Northville, MI, 48167","name":""},
  {"lat":44.973667,"lon":-93.371093,"city":"South Golden Valley","state":"MN","address":"<p>850 Louisiana Avenue, South Golden Valley, MN, 55426","name":""},
  {"lat":42.320796,"lon":-83.221078,"city":"Dearborn","state":"MI","address":"<p>18601 Hubbard Drive, Dearborn, MI 48126","name":""},
  {"lat":40.392413,"lon":-80.070171,"city":"Pittsburgh","state":"PA","address":"<p>2100 Greentree Road, Pittsburgh, PA, 15220","name":""},
  {"lat":29.595348,"lon":-95.619551,"city":"Sugar Land","state":"TX","address":"<p>2579 Town Center Blvd., Sugar Land, TX, 77479","name":""},
  {"lat":42.040162,"lon":-88.049387,"city":"Schaumburg","state":"IL","address":"<p>1200 E. Higgins Road, Schaumburg, IL, 60173","name":""},
  {"lat":33.99561,"lon":-117.914145,"city":"Industry","state":"CA","address":"<p>17877 Gale Ave, Industry, CA, 91748","name":""},
  {"lat":28.372487,"lon":-81.510989,"city":"Lake Buena Vista","state":"FL","address":"<p>1751 Hotel Plaza Blvd, Lake Buena Vista, FL, 32830","name":""},
  {"lat":41.839253,"lon":-87.997955,"city":"Lombard","state":"IL","address":"<p>747 E. Butterfield Road, Lombard, IL, 60148","name":""},
  {"lat":27.202109,"lon":-80.203687,"city":"Stuart","state":"FL","address":"<p>3602 SE Ocean Blvd., Stuart, FL, 34996","name":""},
  {"lat":25.849323,"lon":-80.151064,"city":"Miami","state":"FL","address":"<p>1665 NE 79th Street, Miami, FL, 33138","name":""},
  {"lat":26.189801,"lon":-80.102331,"city":"Lauderdale by the Sea","state":"FL","address":"<p>276 E Commercial Blvd., Lauderdale by the Sea, FL, 33308","name":""},
  {"lat":37.785302,"lon":-122.430693,"city":"San Francisco","state":"CA","address":"<p>1737 Post Street, San Francisco, CA, 94115","name":""},
  {"lat":37.327809,"lon":-122.013741,"city":"Cupertino","state":"CA","address":"<p>2074 Vallco Fashion Park, Cupertino, CA, 95014","name":""},
  {"lat":33.834657,"lon":-118.35581,"city":"Torrance","state":"CA","address":"<p>21327 Hawthorne Blvd., Torrance, CA 90503","name":""},
  {"lat":33.817947,"lon":-117.887246,"city":"Anaheim","state":"CA","address":"<p>2100 East Ball Road, Anaheim, CA 92806","name":""},
  {"lat":37.970324,"lon":-122.057818,"city":"Concord","state":"CA","address":"<p>1989 Diamond Blvd., Concord, CA 94520","name":""},
  {"lat":35.107293,"lon":-89.867259,"city":"Memphis","state":"TN","address":"<p>912 Ridgelake Blvd., Memphis, TN, 38120","name":""},
  {"lat":39.916187,"lon":-86.109979,"city":"Indianapolis","state":"IN","address":"<p>8830 Keystone Crossing Road, Indianapolis, IN, 46240","name":""},
  {"lat":40.798133,"lon":-73.6703,"city":"Manhasset","state":"NY","address":"<p>2105 Northern Blvd, Manhasset, NY, 11030","name":""},
  {"lat":39.283757,"lon":-84.470333,"city":"Cincinnati","state":"OH","address":"<p>50 Tri county Parkway, Cincinnati, OH, 45246","name":""},
  {"lat":33.667115,"lon":-117.867023,"city":"Newport Beach","state":"CA","address":"<p>4250 Birch St., Newport Beach CA, 92660","name":""},
  {"lat":37.598589,"lon":-122.364171,"city":"Burlingame","state":"CA","address":"<p>1496 Old Bayshore Highway, Burlingame, CA, 94010","name":""},
  {"lat":39.934056,"lon":-75.066812,"city":"Pennsauken Township","state":"NJ","address":"<p>5255 Marlton Pike W, Pennsauken Township, NJ, 08109","name":""},
  {"lat":29.736728,"lon":-95.540196,"city":"Houston","state":"TX","address":"<p>9707 Westheimer Road, Houston, TX, 77042","name":""},
  {"lat":32.763178,"lon":-117.160115,"city":"San Diego","state":"CA","address":"<p>477 Camino Del Rio South, San Diego, CA., 90108","name":""},
  {"lat":39.656242,"lon":-104.899497,"city":"Denver","state":"CO","address":"<p>3295 S Tamarac Dr, Denver, CO, 80231","name":""},
  {"lat":40.723745,"lon":-74.337748,"city":"Short Hills","state":"NJ","address":"<p>840 Morris Turnpike, Short Hills, NJ, 07078","name":""},
  {"lat":32.9095,"lon":-96.772865,"city":"Dallas","state":"TX","address":"<p>7775 Banner Drive, Dallas, Texas","name":""},
  {"lat":29.756361,"lon":-95.369791,"city":"Houston","state":"TX","address":"<p>1318 Louisiana Street, Houston, TX 77002","name":""},
  {"lat":38.99042,"lon":-77.095285,"city":"Bethesda","state":"MD","address":"<p>7935 Wisconsin Ave, Bethesda, MD, 20814","name":""},
  {"lat":33.813774,"lon":-84.391592,"city":"Atlanta","state":"GA","address":"<p>2143 Peachtree Road, Atlanta GA, 30309","name":""},
  {"lat":40.763389,"lon":-73.976707,"city":"","state":"NY","address":"<p>47 W 56th st, New York, NY 10019","name":""},
  {"lat":34.156416,"lon":-118.486527,"city":"Encino","state":"CA","address":"<p>26 Ventura Blvd, Encino CA, 91436","name":""}]}