{"key":"big_lots","displayName":"Big Lots","category":"shopping","useLocationName":false,"locations":[
  {"lat":35.150878,"lon":-79.420581,"city":"Aberdeen","state":"NC","address":"1371 N Sandhills Blvd, Aberdeen, NC 28315, USA","name":""},
  {"lat":35.45121,"lon":-79.138824,"city":"Sanford","state":"NC","address":"2950 S Horner Blvd, Sanford, NC 27332, USA","name":""},
  {"lat":35.592868,"lon":-78.763902,"city":"Fuquay-Varina","state":"NC","address":"630 Lakestone Commons Ave, Fuquay-Varina, NC 27526, USA","name":""},
  {"lat":36.030012,"lon":-79.97009,"city":"High Point","state":"NC","address":"2531 Eastchester Dr, High Point, NC 27265, USA","name":""},
  {"lat":35.660469,"lon":-80.464161,"city":"Salisbury","state":"NC","address":"711 E Innes St, Salisbury, NC 28144, USA","name":""},
  {"lat":35.164333,"lon":-83.393209,"city":"Franklin","state":"NC","address":"273 Franklin Plaza, Franklin, NC 28734, USA","name":""},
  {"lat":35.714021,"lon":-81.695693,"city":"Morganton","state":"NC","address":"1251 Burkemont Ave, Morganton, NC 28655, USA","name":""},
  {"lat":35.106401,"lon":-84.010423,"city":"Murphy","state":"NC","address":"1450 Andrews Rd, Murphy, NC 28906, USA","name":""},
  {"lat":35.342445,"lon":-81.908671,"city":"Spindale","state":"NC","address":"1639 Us Highway 74a Byp, Spindale, NC 28160, USA","name":""},
  {"lat":35.508505,"lon":-82.9938,"city":"Waynesville","state":"NC","address":"1176 Russ Ave, Waynesville, NC 28786, USA","name":""},
  {"lat":36.52929,"lon":-82.526218,"city":"Kingsport","state":"TN","address":"1913 Sherwood Rd, Kingsport, TN 37664, USA","name":""},
  {"lat":35.600064,"lon":-87.06417,"city":"Columbia","state":"TN","address":"1301 S James Campbell Blvd, Columbia, TN 38401, USA","name":""},
  {"lat":40.191478,"lon":-76.174164,"city":"Ephrata","state":"PA","address":"389 N Reading Rd, Ephrata, PA 17522, USA","name":""},
  {"lat":40.272297,"lon":-78.856584,"city":"Johnstown","state":"PA","address":"1425 Scalp Ave Ste 130, Johnstown, PA 15904, USA","name":""},
  {"lat":40.182277,"lon":-80.238133,"city":"","state":"PA","address":"254 Oak Spring Rd, Washington, PA 15301, USA","name":""},
  {"lat":40.620645,"lon":-79.191156,"city":"","state":"PA","address":"2444 Philadelphia St, Indiana, PA 15701, USA","name":""},
  {"lat":40.188699,"lon":-74.83321,"city":"Fairless Hills","state":"PA","address":"500 Lincoln Hwy #4, Fairless Hills, PA 19030, USA","name":""},
  {"lat":39.960964,"lon":-76.773039,"city":"York","state":"PA","address":"2140 White St, York, PA 17404, USA","name":""},
  {"lat":39.820767,"lon":-76.998489,"city":"Hanover","state":"PA","address":"1150 Carlisle St, Hanover, PA 17331, USA","name":""},
  {"lat":36.787829,"lon":-76.254972,"city":"Chesapeake","state":"VA","address":"1971 S Military Hwy, Chesapeake, VA 23320, USA","name":""},
  {"lat":36.914566,"lon":-76.225478,"city":"Norfolk","state":"VA","address":"1851 E Little Creek Rd, Norfolk, VA 23518, USA","name":""},
  {"lat":37.03945,"lon":-76.405909,"city":"Hampton","state":"VA","address":"2318 W Mercury Blvd, Hampton, VA 23666, USA","name":""},
  {"lat":37.339349,"lon":-76.735585,"city":"Williamsburg","state":"VA","address":"6610 Mooretown Rd, Williamsburg, VA 23188, USA","name":""},
  {"lat":37.276096,"lon":-79.884552,"city":"Vinton","state":"VA","address":"1090 By Pass Rd, Vinton, VA 24179, USA","name":""},
  {"lat":37.09231,"lon":-81.807961,"city":"Richlands","state":"VA","address":"180 Kents Ridge Rd, Richlands, VA 24641, USA","name":""},
  {"lat":35.949855,"lon":-80.03173,"city":"High Point","state":"NC","address":"1677 Westchester Dr, High Point, NC 27262, USA","name":""},
  {"lat":35.482779,"lon":-80.613176,"city":"Kannapolis","state":"NC","address":"950 S Cannon Blvd a, Kannapolis, NC 28083, USA","name":""},
  {"lat":35.705748,"lon":-82.566921,"city":"Weaverville","state":"NC","address":"125 Weaver Blvd, Weaverville, NC 28787, USA","name":""},
  {"lat":35.887017,"lon":-84.644442,"city":"Rockwood","state":"TN","address":"1426 N Gateway Ave, Rockwood, TN 37854, USA","name":""},
  {"lat":35.114787,"lon":-85.26315,"city":"Chattanooga","state":"TN","address":"3901 Hixson Pike #157, Chattanooga, TN 37415, USA","name":""},
  {"lat":34.753133,"lon":-79.475263,"city":"Laurinburg","state":"NC","address":"1664 S Main St Ste B, Laurinburg, NC 28352, USA","name":""},
  {"lat":34.058194,"lon":-81.163165,"city":"Columbia","state":"SC","address":"6169 St Andrews Rd, Columbia, SC 29212, USA","name":""},
  {"lat":34.096547,"lon":-80.92384,"city":"Columbia","state":"SC","address":"9221 Two Notch Rd #30, Columbia, SC 29223, USA","name":""},
  {"lat":34.260821,"lon":-77.828414,"city":"Wilmington","state":"NC","address":"6832 Market St, Wilmington, NC 28405, USA","name":""},
  {"lat":34.735261,"lon":-80.797882,"city":"Lancaster","state":"SC","address":"1206 Hwy 9 Bypass W, Lancaster, SC 29720, USA","name":""},
  {"lat":33.979533,"lon":-78.379193,"city":"Shallotte","state":"NC","address":"4600 Main St Ste 1, Shallotte, NC 28470, USA","name":""},
  {"lat":34.781682,"lon":-77.393553,"city":"Jacksonville","state":"NC","address":"1110 Western Blvd, Jacksonville, NC 28546, USA","name":""},
  {"lat":34.645825,"lon":-79.010283,"city":"Lumberton","state":"NC","address":"2750c N Roberts Ave, Lumberton, NC 28358, USA","name":""},
  {"lat":35.106507,"lon":-77.083718,"city":"New Bern","state":"NC","address":"520 Berne Sq, New Bern, NC 28562, USA","name":""},
  {"lat":35.342526,"lon":-80.169986,"city":"Albemarle","state":"NC","address":"720 NC-24, Albemarle, NC 28001, USA","name":""},
  {"lat":35.397838,"lon":-80.612909,"city":"Concord","state":"NC","address":"280 Concord Pkwy N, Concord, NC 28027, USA","name":""},
  {"lat":33.82515,"lon":-78.686903,"city":"North Myrtle Beach","state":"SC","address":"710 Hwy 17 S Ste D, North Myrtle Beach, SC 29582, USA","name":""},
  {"lat":32.954066,"lon":-80.167666,"city":"Summerville","state":"SC","address":"10150 Dorchester Rd Unit 227, Summerville, SC 29485, USA","name":""},
  {"lat":33.023815,"lon":-80.056252,"city":"Goose Creek","state":"SC","address":"431 St James Ave Unit G, Goose Creek, SC 29445, USA","name":""},
  {"lat":33.183984,"lon":-80.002804,"city":"Moncks Corner","state":"SC","address":"1013 Old Hwy 52, Moncks Corner, SC 29461, USA","name":""},
  {"lat":33.678187,"lon":-78.903162,"city":"Myrtle Beach","state":"SC","address":"1370 S Kings Hwy, Myrtle Beach, SC 29577, USA","name":""},
  {"lat":33.604378,"lon":-83.859999,"city":"Covington","state":"GA","address":"3111 U.S.278 NW, Covington, GA 30014, USA","name":""},
  {"lat":28.246351,"lon":-81.307297,"city":"St. Cloud","state":"FL","address":"3401 13th St #100, St Cloud, FL 34769, USA","name":""},
  {"lat":28.467115,"lon":-82.619705,"city":"Spring Hill","state":"FL","address":"2384 Commercial Way, Spring Hill, FL 34606, USA","name":""},
  {"lat":30.604997,"lon":-87.063677,"city":"Milton","state":"FL","address":"6247 US-90, Milton, FL 32570, USA","name":""},
  {"lat":32.440268,"lon":-81.762629,"city":"Statesboro","state":"GA","address":"13 Coach Lee Hl Blvd, Statesboro, GA 30458, USA","name":""},
  {"lat":33.050716,"lon":-85.025614,"city":"LaGrange","state":"GA","address":"127 Commerce Ave, LaGrange, GA 30241, USA","name":""},
  {"lat":32.427695,"lon":-80.729844,"city":"Beaufort","state":"SC","address":"328 Robert Smalls Pkwy, Beaufort, SC 29906, USA","name":""},
  {"lat":34.725875,"lon":-76.744176,"city":"Morehead City","state":"NC","address":"2900 Arendell St #19, Morehead City, NC 28557, USA","name":""},
  {"lat":33.846925,"lon":-79.06844,"city":"Conway","state":"SC","address":"1641 Church St, Conway, SC 29526, USA","name":""},
  {"lat":27.715167,"lon":-82.392386,"city":"Ruskin","state":"FL","address":"3048 E College Ave, Ruskin, FL 33570, USA","name":""},
  {"lat":26.66656,"lon":-81.887422,"city":"North Fort Myers","state":"FL","address":"13970 N Cleveland Ave, North Fort Myers, FL 33903, USA","name":""},
  {"lat":27.892723,"lon":-82.295571,"city":"Brandon","state":"FL","address":"843 W Bloomingdale Ave, Brandon, FL 33511, USA","name":""},
  {"lat":26.681977,"lon":-81.805423,"city":"Fort Myers","state":"FL","address":"4901 Palm Beach Blvd Ste 230, Fort Myers, FL 33905, USA","name":""},
  {"lat":40.463711,"lon":-79.827362,"city":"Pittsburgh","state":"PA","address":"11628 Penn Hills Dr, Pittsburgh, PA 15235, USA","name":""},
  {"lat":40.306976,"lon":-79.57695,"city":"Greensburg","state":"PA","address":"6041 US-30 #20, Greensburg, PA 15601, USA","name":""},
  {"lat":36.943922,"lon":-86.420866,"city":"Bowling Green","state":"KY","address":"3000 Scottsville Rd, Bowling Green, KY 42103, USA","name":""},
  {"lat":36.147746,"lon":-85.502331,"city":"Cookeville","state":"TN","address":"633 S Jefferson Ave, Cookeville, TN 38501, USA","name":""},
  {"lat":40.517154,"lon":-80.00566,"city":"Pittsburgh","state":"PA","address":"4717 McKnight Rd, Pittsburgh, PA 15237, USA","name":""},
  {"lat":40.700865,"lon":-80.27193,"city":"Rochester","state":"PA","address":"750 Ohio River Blvd, Rochester, PA 15074, USA","name":""},
  {"lat":38.421135,"lon":-82.505216,"city":"South Point","state":"OH","address":"367 Co Rd 406 B, South Point, OH 45680, USA","name":""},
  {"lat":38.836629,"lon":-82.154497,"city":"Gallipolis","state":"WV","address":"400 Silver Bridge Plaza, Gallipolis, OH 45631, USA","name":""},
  {"lat":38.714435,"lon":-82.85829,"city":"Wheelersburg","state":"OH","address":"9025 Ohio River Rd, Wheelersburg, OH 45694, USA","name":""},
  {"lat":39.413386,"lon":-81.443435,"city":"Marietta","state":"OH","address":"110 S 7th St, Marietta, OH 45750, USA","name":""},
  {"lat":39.254673,"lon":-84.793967,"city":"Harrison","state":"OH","address":"10560 Harrison Ave, Harrison, OH 45030, USA","name":""},
  {"lat":40.813313,"lon":-81.422983,"city":"Canton","state":"OH","address":"1336 Whipple Ave NW, Canton, OH 44708, USA","name":""},
  {"lat":41.027426,"lon":-81.511767,"city":"Akron","state":"OH","address":"426 E Waterloo Rd, Akron, OH 44319, USA","name":""},
  {"lat":41.016547,"lon":-81.603838,"city":"Barberton","state":"OH","address":"241 Wooster Road North, Barberton, OH 44203, USA","name":""},
  {"lat":41.398529,"lon":-81.597215,"city":"Cleveland","state":"OH","address":"12588 Rockside Rd, Cleveland, OH 44125, USA","name":""},
  {"lat":41.121108,"lon":-81.479278,"city":"Cuyahoga Falls","state":"OH","address":"405 Howe Ave, Cuyahoga Falls, OH 44221, USA","name":""},
  {"lat":41.109951,"lon":-81.5765,"city":"Akron","state":"OH","address":"1890 W Market St, Akron, OH 44313, USA","name":""},
  {"lat":41.68914,"lon":-81.336279,"city":"Mentor","state":"OH","address":"8489 Market St, Mentor, OH 44060, USA","name":""},
  {"lat":40.968262,"lon":-80.308833,"city":"New Castle","state":"PA","address":"2611 Ellwood Rd, New Castle, PA 16101, USA","name":""},
  {"lat":41.405734,"lon":-79.802092,"city":"Franklin","state":"PA","address":"697 Allegheny Blvd, Franklin, PA 16323, USA","name":""},
  {"lat":39.712682,"lon":-82.566201,"city":"Lancaster","state":"OH","address":"1700 E Main St, Lancaster, OH 43130, USA","name":""},
  {"lat":28.894118,"lon":-82.586835,"city":"Crystal River","state":"FL","address":"146 SE US Hwy 19, Crystal River, FL 34429, USA","name":""},
  {"lat":29.277682,"lon":-81.084615,"city":"Ormond Beach","state":"FL","address":"122 S Nova Rd, Ormond Beach, FL 32174, USA","name":""},
  {"lat":30.354354,"lon":-81.549444,"city":"Jacksonville","state":"FL","address":"9119 Merrill Rd #50, Jacksonville, FL 32225, USA","name":""},
  {"lat":30.142423,"lon":-85.589701,"city":"Panama City","state":"FL","address":"225 S Tyndall Pkwy, Panama City, FL 32404, USA","name":""},
  {"lat":30.761088,"lon":-85.201368,"city":"Marianna","state":"FL","address":"4700 US-90, Marianna, FL 32446, USA","name":""},
  {"lat":31.191364,"lon":-81.485377,"city":"Brunswick","state":"GA","address":"4420 Altama Ave C2, Brunswick, GA 31520, USA","name":""},
  {"lat":31.20775,"lon":-82.331154,"city":"Waycross","state":"GA","address":"1803 Knight Ave Ste A2, Waycross, GA 31501, USA","name":""},
  {"lat":32.206314,"lon":-82.382518,"city":"Vidalia","state":"GA","address":"2305 E 1st St, Vidalia, GA 30474, USA","name":""},
  {"lat":34.093577,"lon":-84.000523,"city":"Buford","state":"GA","address":"4125 GA-20 Ste A-2, Buford, GA 30518, USA","name":""},
  {"lat":33.861841,"lon":-84.51751,"city":"Smyrna","state":"GA","address":"3791 S Cobb Dr SE Ste G, Smyrna, GA 30080, USA","name":""},
  {"lat":34.022715,"lon":-84.527208,"city":"Marietta","state":"GA","address":"2932 Canton Rd #210, Marietta, GA 30066, USA","name":""},
  {"lat":33.909102,"lon":-84.801172,"city":"Dallas","state":"GA","address":"260 Merchants Square, Dallas, GA 30132, USA","name":""},
  {"lat":33.977903,"lon":-81.127119,"city":"West Columbia","state":"SC","address":"3230 Augusta Rd, West Columbia, SC 29170, USA","name":""},
  {"lat":34.209063,"lon":-82.179263,"city":"Greenwood","state":"SC","address":"339 By-pass 72 NW, Greenwood, SC 29649, USA","name":""},
  {"lat":34.690861,"lon":-82.98039,"city":"Seneca","state":"SC","address":"207 Oconee Square Dr, Seneca, SC 29678, USA","name":""},
  {"lat":31.247339,"lon":-85.423684,"city":"Dothan","state":"AL","address":"2821 Montgomery Hwy, Dothan, AL 36303, USA","name":""},
  {"lat":33.849701,"lon":-87.288227,"city":"Jasper","state":"AL","address":"1100 Hwy 78 W, Jasper, AL 35501, USA","name":""},
  {"lat":33.237743,"lon":-87.609429,"city":"Northport","state":"AL","address":"5510 McFarland Blvd, Northport, AL 35476, USA","name":""},
  {"lat":34.322086,"lon":-86.310487,"city":"Guntersville","state":"AL","address":"14228 US-431, Guntersville, AL 35976, USA","name":""},
  {"lat":34.990573,"lon":-90.005669,"city":"Southaven","state":"MS","address":"875 Main St, Southaven, MS 38671, USA","name":""},
  {"lat":35.045303,"lon":-78.945232,"city":"Fayetteville","state":"NC","address":"3910 Raeford Rd, Fayetteville, NC 28304, USA","name":""},
  {"lat":35.116587,"lon":-78.88296,"city":"Fayetteville","state":"NC","address":"3915 Ramsey St, Fayetteville, NC 28311, USA","name":""},
  {"lat":35.317615,"lon":-78.624034,"city":"Dunn","state":"NC","address":"1140 W Broad St, Dunn, NC 28334, USA","name":""},
  {"lat":35.523255,"lon":-78.299449,"city":"Selma","state":"NC","address":"1403 S Pollock St, Selma, NC 27576, USA","name":""},
  {"lat":35.58639,"lon":-77.372819,"city":"Greenville","state":"NC","address":"609 Greenville Blvd SE, Greenville, NC 27858, USA","name":""},
  {"lat":35.737665,"lon":-77.949604,"city":"Wilson","state":"NC","address":"1700 Raleigh Rd Pkwy W #104, Wilson, NC 27896, USA","name":""},
  {"lat":35.836533,"lon":-80.25545,"city":"Lexington","state":"NC","address":"838 Winston Rd, Lexington, NC 27295, USA","name":""},
  {"lat":36.084529,"lon":-79.460885,"city":"Burlington","state":"NC","address":"1811 S Church St, Burlington, NC 27215, USA","name":""},
  {"lat":36.133706,"lon":-79.853905,"city":"Greensboro","state":"NC","address":"3718 Battleground Ave, Greensboro, NC 27410, USA","name":""},
  {"lat":35.252749,"lon":-81.029949,"city":"Belmont","state":"NC","address":"601 Park St, Belmont, NC 28012, USA","name":""},
  {"lat":35.272207,"lon":-81.500146,"city":"Shelby","state":"NC","address":"1728 E Dixon Blvd, Shelby, NC 28152, USA","name":""},
  {"lat":35.488269,"lon":-81.246951,"city":"Lincolnton","state":"NC","address":"403 N Generals Blvd, Lincolnton, NC 28092, USA","name":""},
  {"lat":35.595728,"lon":-80.856257,"city":"Mooresville","state":"NC","address":"376 W Plaza Dr, Mooresville, NC 28117, USA","name":""},
  {"lat":35.810259,"lon":-80.872729,"city":"Statesville","state":"NC","address":"1020 Crossroads Dr, Statesville, NC 28625, USA","name":""},
  {"lat":35.693963,"lon":-81.227769,"city":"Newton","state":"NC","address":"2725 Northwest Blvd, Newton, NC 28658, USA","name":""},
  {"lat":36.291404,"lon":-76.253199,"city":"Elizabeth City","state":"NC","address":"685 S Hughes Blvd, Elizabeth City, NC 27909, USA","name":""},
  {"lat":36.119104,"lon":-83.482798,"city":"Jefferson City","state":"TN","address":"264 E Broadway Blvd, Jefferson City, TN 37760, USA","name":""},
  {"lat":35.867316,"lon":-83.569645,"city":"Sevierville","state":"TN","address":"201 Forks of the River Pkwy, Sevierville, TN 37862, USA","name":""},
  {"lat":35.765255,"lon":-83.972883,"city":"Alcoa","state":"TN","address":"116 S Hall Rd, Alcoa, TN 37701, USA","name":""},
  {"lat":36.178081,"lon":-82.797661,"city":"Greeneville","state":"TN","address":"1475 E Andrew Johnson Hwy, Greeneville, TN 37745, USA","name":""},
  {"lat":36.224679,"lon":-83.265531,"city":"Morristown","state":"TN","address":"2342 E Andrew Johnson Hwy, Morristown, TN 37814, USA","name":""},
  {"lat":36.360418,"lon":-82.385839,"city":"Johnson City","state":"TN","address":"3110 E Oakland Ave, Johnson City, TN 37601, USA","name":""},
  {"lat":37.146287,"lon":-76.456963,"city":"Yorktown","state":"VA","address":"4318 George Washington Memorial Hwy, Yorktown, VA 23692, USA","name":""},
  {"lat":37.257841,"lon":-77.325082,"city":"Hopewell","state":"VA","address":"5260 Oaklawn Blvd NORTH, NORTH PRINCE GEORGE, VA 23860, USA","name":""},
  {"lat":37.349396,"lon":-77.413924,"city":"Chester","state":"VA","address":"2660 Weir Pl, Chester, VA 23831, USA","name":""},
  {"lat":37.442199,"lon":-77.579515,"city":"Richmond","state":"VA","address":"10001 Hull Street Rd, North Chesterfield, VA 23236, USA","name":""},
  {"lat":38.245627,"lon":-77.517239,"city":"Fredericksburg","state":"VA","address":"10611 Courthouse Rd, Fredericksburg, VA 22407, USA","name":""},
  {"lat":38.909275,"lon":-78.182984,"city":"Front Royal","state":"VA","address":"260 Remount Rd, Front Royal, VA 22630, USA","name":""},
  {"lat":37.097485,"lon":-84.623104,"city":"Somerset","state":"KY","address":"345 US-27 Ste 5, Somerset, KY 42503, USA","name":""},
  {"lat":36.609147,"lon":-83.700784,"city":"Middlesboro","state":"KY","address":"102 N 12th St, Middlesboro, KY 40965, USA","name":""},
  {"lat":37.121266,"lon":-84.079268,"city":"London","state":"KY","address":"845 S Main St, London, KY 40741, USA","name":""},
  {"lat":37.280657,"lon":-83.231759,"city":"Hazard","state":"KY","address":"294 Village Ln, Hazard, KY 41701, USA","name":""},
  {"lat":37.346102,"lon":-85.366808,"city":"Campbellsville","state":"KY","address":"400 Campbellsville Byp, Campbellsville, KY 42718, USA","name":""},
  {"lat":37.361316,"lon":-81.103118,"city":"Princeton","state":"WV","address":"1350 Stafford Dr, Princeton, WV 24740, USA","name":""},
  {"lat":37.812679,"lon":-81.187254,"city":"Beckley","state":"WV","address":"4522 Robert C Byrd Dr, Beckley, WV 25801, USA","name":""},
  {"lat":38.011187,"lon":-81.129264,"city":"Oak Hill","state":"WV","address":"291 Mall Rd, Oak Hill, WV 25901, USA","name":""},
  {"lat":40.337756,"lon":-76.484551,"city":"Cleona","state":"PA","address":"467 W Penn Ave, Cleona, PA 17042, USA","name":""},
  {"lat":40.226925,"lon":-76.941299,"city":"Camp Hill","state":"PA","address":"3437 Simpson Ferry Rd, Camp Hill, PA 17011, USA","name":""},
  {"lat":40.813984,"lon":-75.733402,"city":"Lehighton","state":"PA","address":"1241 Blakeslee Blvd Dr E, Lehighton, PA 18235, USA","name":""},
  {"lat":41.021339,"lon":-75.180356,"city":"East Stroudsburg","state":"PA","address":"156 Eagles Glen Plz Ste 190, East Stroudsburg, PA 18301, USA","name":""},
  {"lat":41.013378,"lon":-76.413486,"city":"Bloomsburg","state":"PA","address":"2431 Columbia Blvd, Bloomsburg, PA 17815, USA","name":""},
  {"lat":41.119893,"lon":-78.728195,"city":"DuBois","state":"PA","address":"5522 Shaffer Rd Unit 7, DuBois, PA 15801, USA","name":""},
  {"lat":41.638198,"lon":-80.155805,"city":"Meadville","state":"PA","address":"820 Water St, Meadville, PA 16335, USA","name":""},
  {"lat":42.103296,"lon":-80.130923,"city":"Erie","state":"PA","address":"2215 W 12th St, Erie, PA 16505, USA","name":""},
  {"lat":39.701337,"lon":-84.126628,"city":"Kettering","state":"OH","address":"2050 E Dorothy Ln, Kettering, OH 45420, USA","name":""},
  {"lat":39.882382,"lon":-83.070665,"city":"Grove City","state":"OH","address":"3961 Hoover Rd, Grove City, OH 43123, USA","name":""},
  {"lat":39.954774,"lon":-83.115787,"city":"Columbus","state":"OH","address":"4260 W Broad St, Columbus, OH 43228, USA","name":""},
  {"lat":39.913586,"lon":-82.914771,"city":"Columbus","state":"OH","address":"2837 Winchester Pike, Columbus, OH 43232, USA","name":""},
  {"lat":40.497169,"lon":-81.474148,"city":"New Philadelphia","state":"OH","address":"408 Bluebell Dr NW, New Philadelphia, OH 44663, USA","name":""},
  {"lat":41.376093,"lon":-82.074171,"city":"Elyria","state":"OH","address":"825 Cleveland St, Elyria, OH 44035, USA","name":""},
  {"lat":41.340931,"lon":-83.084961,"city":"Fremont","state":"OH","address":"1800 E State St, Fremont, OH 43420, USA","name":""},
  {"lat":41.721665,"lon":-83.638661,"city":"","state":"MI","address":"3946 W Alexis Rd, Toledo, OH 43623, USA","name":""},
  {"lat":42.198341,"lon":-83.198046,"city":"Southgate","state":"MI","address":"14333 Eureka Rd, Southgate, MI 48195, USA","name":""},
  {"lat":42.975571,"lon":-82.455376,"city":"Port Huron","state":"MI","address":"659 24th St, Port Huron, MI 48060, USA","name":""},
  {"lat":36.510424,"lon":-87.365026,"city":"Clarksville","state":"TN","address":"1041 S Riverside Dr, Clarksville, TN 37040, USA","name":""},
  {"lat":36.074529,"lon":-87.370873,"city":"Dickson","state":"TN","address":"220 Dickson Plaza Dr, Dickson, TN 37055, USA","name":""},
  {"lat":36.380851,"lon":-86.46649,"city":"Gallatin","state":"TN","address":"744 Nashville Pike, Gallatin, TN 37066, USA","name":""},
  {"lat":38.049052,"lon":-83.954942,"city":"Mount Sterling","state":"KY","address":"1342 Indian Mound Dr, Mt Sterling, KY 40353, USA","name":""},
  {"lat":30.003837,"lon":-90.130032,"city":"Metairie","state":"LA","address":"755 Veterans Memorial Blvd, Metairie, LA 70005, USA","name":""},
  {"lat":32.285054,"lon":-90.041772,"city":"Pearl","state":"MS","address":"5778 US-80, Pearl, MS 39208, USA","name":""},
  {"lat":34.253411,"lon":-88.747802,"city":"Tupelo","state":"MS","address":"2605 W Main St, Tupelo, MS 38801, USA","name":""},
  {"lat":35.699271,"lon":-79.783885,"city":"Asheboro","state":"NC","address":"1432 E Dixie Dr, Asheboro, NC 27203, USA","name":""},
  {"lat":37.307432,"lon":-79.98033,"city":"Roanoke","state":"VA","address":"2911 Hershberger Rd NW, Roanoke, VA 24017, USA","name":""},
  {"lat":43.020466,"lon":-83.626711,"city":"Burton","state":"MI","address":"4157 E Court St, Burton, MI 48509, USA","name":""},
  {"lat":42.976151,"lon":-83.77578,"city":"Flint","state":"MI","address":"5112 Miller Rd, Flint, MI 48507, USA","name":""},
  {"lat":42.671735,"lon":-83.036706,"city":"Shelby Township","state":"MI","address":"7651 23 Mile Rd, Shelby Township, MI 48316, USA","name":""},
  {"lat":41.278476,"lon":-80.846253,"city":"Warren","state":"OH","address":"4331 Mahoning Ave NW, Warren, OH 44483, USA","name":""},
  {"lat":41.026298,"lon":-80.636022,"city":"Youngstown","state":"OH","address":"7100 South Ave, Youngstown, OH 44512, USA","name":""},
  {"lat":40.902974,"lon":-81.136636,"city":"Alliance","state":"OH","address":"1965 W State St, Alliance, OH 44601, USA","name":""},
  {"lat":40.37563,"lon":-80.716713,"city":"Wintersville","state":"OH","address":"498 Cadiz Rd, Wintersville, OH 43953, USA","name":""},
  {"lat":40.066706,"lon":-80.76952,"city":"Bridgeport","state":"OH","address":"56104 National Rd, Bridgeport, OH 43912, USA","name":""},
  {"lat":39.943445,"lon":-82.827566,"city":"Reynoldsburg","state":"OH","address":"6300 E Livingston Ave, Reynoldsburg, OH 43068, USA","name":""},
  {"lat":41.508589,"lon":-75.576096,"city":"Eynon","state":"PA","address":"866 Scranton Carbondale Hwy, Eynon, PA 18403, USA","name":""},
  {"lat":37.646809,"lon":-84.804607,"city":"Danville","state":"KY","address":"1714 Perryville Rd #400, Danville, KY 40422, USA","name":""},
  {"lat":33.421769,"lon":-82.018713,"city":"Augusta","state":"GA","address":"2708 Peach Orchard Rd, Augusta, GA 30906, USA","name":""},
  {"lat":39.473233,"lon":-77.951872,"city":"Martinsburg","state":"WV","address":"110 Eagle School Rd, Martinsburg, WV 25404, USA","name":""},
  {"lat":39.158213,"lon":-78.150895,"city":"Winchester","state":"VA","address":"1090 Millwood Pike, Winchester, VA 22602, USA","name":""},
  {"lat":36.030883,"lon":-80.383969,"city":"Clemmons","state":"NC","address":"100 Westwood Village Dr, Clemmons, NC 27012, USA","name":""},
  {"lat":37.012761,"lon":-85.923951,"city":"Glasgow","state":"KY","address":"942 Happy Valley Rd, Glasgow, KY 42141, USA","name":""},
  {"lat":41.433228,"lon":-75.619425,"city":"Dunmore","state":"PA","address":"1010 Harry P O'Neill Hwy, Dunmore, PA 18512, USA","name":""},
  {"lat":40.98124,"lon":-76.886444,"city":"Lewisburg","state":"PA","address":"7405 Westbranch Hwy, Lewisburg, PA 17837, USA","name":""},
  {"lat":39.471383,"lon":-80.17291,"city":"Fairmont","state":"WV","address":"1228 Country Club Rd, Fairmont, WV 26554, USA","name":""},
  {"lat":39.284558,"lon":-80.276803,"city":"Bridgeport","state":"WV","address":"104 Thompson Dr, Bridgeport, WV 26330, USA","name":""},
  {"lat":38.895678,"lon":-79.847956,"city":"Elkins","state":"WV","address":"710 Beverly Pike, Elkins, WV 26241, USA","name":""},
  {"lat":38.369096,"lon":-81.671081,"city":"Charleston","state":"WV","address":"118 Hills Plz, Charleston, WV 25387, USA","name":""},
  {"lat":38.292641,"lon":-81.566978,"city":"Charleston","state":"WV","address":"7200 MacCorkle Ave SE, Charleston, WV 25304, USA","name":""},
  {"lat":37.7046,"lon":-85.865823,"city":"Elizabethtown","state":"KY","address":"200 Sycamore St #151, Elizabethtown, KY 42701, USA","name":""},
  {"lat":37.734748,"lon":-84.311601,"city":"Richmond","state":"KY","address":"472 Eastern Bypass, Richmond, KY 40475, USA","name":""},
  {"lat":36.272374,"lon":-80.8521,"city":"Elkin","state":"NC","address":"1504 N Bridge St, Elkin, NC 28621, USA","name":""},
  {"lat":35.719395,"lon":-81.349562,"city":"Hickory","state":"NC","address":"526c U.S. Hwy 70 SW, Hickory, NC 28602, USA","name":""},
  {"lat":30.870476,"lon":-83.289694,"city":"Valdosta","state":"GA","address":"110 E Northside Dr, Valdosta, GA 31602, USA","name":""},
  {"lat":34.968764,"lon":-80.996773,"city":"Rock Hill","state":"SC","address":"2349 Cherry Rd #79, Rock Hill, SC 29732, USA","name":""},
  {"lat":38.08252,"lon":-78.925658,"city":"Waynesboro","state":"VA","address":"2715 W Main St, Waynesboro, VA 22980, USA","name":""},
  {"lat":36.823191,"lon":-76.422811,"city":"Chesapeake","state":"VA","address":"4300 Portsmouth Blvd, Chesapeake, VA 23321, USA","name":""},
  {"lat":36.653127,"lon":-79.876876,"city":"Martinsville","state":"VA","address":"2646 Greensboro Rd, Martinsville, VA 24112, USA","name":""},
  {"lat":38.38831,"lon":-86.944419,"city":"Jasper","state":"IN","address":"195 US-231, Jasper, IN 47546, USA","name":""},
  {"lat":35.863125,"lon":-86.405983,"city":"Murfreesboro","state":"TN","address":"1262 NW Broad St, Murfreesboro, TN 37129, USA","name":""},
  {"lat":36.025977,"lon":-83.929823,"city":"Knoxville","state":"TN","address":"4825 N Broadway, Knoxville, TN 37918, USA","name":""},
  {"lat":36.418911,"lon":-82.992624,"city":"Rogersville","state":"TN","address":"420 Park Blvd, Rogersville, TN 37857, USA","name":""},
  {"lat":35.184461,"lon":-84.873372,"city":"Cleveland","state":"TN","address":"840 25th St NW, Cleveland, TN 37311, USA","name":""},
  {"lat":36.151669,"lon":-81.196183,"city":"Wilkesboro","state":"NC","address":"1826 US-421 STE K, Wilkesboro, NC 28697, USA","name":""},
  {"lat":35.25784,"lon":-81.228969,"city":"Gastonia","state":"NC","address":"2587 W Franklin Blvd, Gastonia, NC 28052, USA","name":""},
  {"lat":36.479698,"lon":-80.604828,"city":"Mount Airy","state":"NC","address":"1328 Carter St, Mt Airy, NC 27030, USA","name":""},
  {"lat":35.911379,"lon":-80.577347,"city":"Mocksville","state":"NC","address":"1063 Yadkinville Rd, Mocksville, NC 27028, USA","name":""},
  {"lat":35.981738,"lon":-78.540587,"city":"Wake Forest","state":"NC","address":"12295 Capital Blvd, Wake Forest, NC 27587, USA","name":""},
  {"lat":36.437383,"lon":-77.642819,"city":"Roanoke Rapids","state":"NC","address":"1110 Julian R Allsbrook Hwy, Roanoke Rapids, NC 27870, USA","name":""},
  {"lat":35.968316,"lon":-77.809117,"city":"Rocky Mount","state":"NC","address":"955 N Wesleyan Blvd, Rocky Mount, NC 27804, USA","name":""},
  {"lat":33.949992,"lon":-78.047929,"city":"Southport","state":"NC","address":"4956 Long Beach Rd SE #8, Southport, NC 28461, USA","name":""},
  {"lat":35.286697,"lon":-77.587953,"city":"Kinston","state":"NC","address":"2407 N Herritage St Ste E, Kinston, NC 28501, USA","name":""},
  {"lat":30.594116,"lon":-88.167206,"city":"Mobile","state":"AL","address":"5363 US-90 C, Mobile, AL 36619, USA","name":""},
  {"lat":34.788529,"lon":-86.974815,"city":"Athens","state":"AL","address":"603 US Hwy 72 W, Athens, AL 35611, USA","name":""},
  {"lat":34.577846,"lon":-86.975327,"city":"Decatur","state":"AL","address":"1820 6th Ave SE, Decatur, AL 35601, USA","name":""},
  {"lat":34.970613,"lon":-81.93374,"city":"Spartanburg","state":"SC","address":"1000 N Pine St, Spartanburg, SC 29303, USA","name":""},
  {"lat":34.724148,"lon":-82.255916,"city":"Simpsonville","state":"SC","address":"915 South St a, Simpsonville, SC 29681, USA","name":""},
  {"lat":34.816253,"lon":-82.598727,"city":"Easley","state":"SC","address":"1023a S Pendleton St, Easley, SC 29642, USA","name":""},
  {"lat":34.954094,"lon":-85.256683,"city":"Fort Oglethorpe","state":"GA","address":"558 Battlefield Pkwy, Fort Oglethorpe, GA 30742, USA","name":""},
  {"lat":34.540378,"lon":-83.544221,"city":"Cornelia","state":"GA","address":"323 Habersham Village Cir, Cornelia, GA 30531, USA","name":""}]}