{"key":"boston_market","displayName":"Boston Market","category":"restaurant","useLocationName":false,"locations":[
  {"lat":42.068554,"lon":-71.048246,"city":"Brockton","state":"MA","address":"756 Belmont Street, Brockton, MA 2301, USA","name":""},
  {"lat":40.002645,"lon":-75.222796,"city":"Philadelphia","state":"PA","address":"4600 City Lane Avenue, Philadelphia, PA 19131, USA","name":""},
  {"lat":42.435447,"lon":-82.908563,"city":"Grosse Pointe Woods","state":"MI","address":"20195 Mack Road, Grosse Pointe Woods, MI 48236, USA","name":""},
  {"lat":41.469687,"lon":-81.562143,"city":"Shaker Heights","state":"OH","address":"16773 Chagrin Blvd, Shaker Heights, OH 44120, USA","name":""},
  {"lat":41.425412,"lon":-81.735135,"city":"Brooklyn","state":"OH","address":"4742 Ridge Road, Brooklyn, OH 44144, USA","name":""},
  {"lat":32.648664,"lon":-96.925105,"city":"Duncanville","state":"TX","address":"789 W Wheatland Rd., Duncanville, TX 75116, USA","name":""},
  {"lat":40.182692,"lon":-74.869359,"city":"Langhorne","state":"PA","address":"360 N Oxford Valley Road, Langhorne, PA 19047, USA","name":""},
  {"lat":41.008583,"lon":-74.12095,"city":"Waldwick","state":"NJ","address":"20 Wyckoff Avenue, Waldwick, NJ 7463, USA","name":""},
  {"lat":40.684917,"lon":-74.268931,"city":"Union","state":"NJ","address":"523 Chestnut Street, Union, NJ 7083, USA","name":""},
  {"lat":41.996941,"lon":-87.832872,"city":"Park Ridge","state":"IL","address":"800 Devon Ave., Park Ridge, IL 60068, USA","name":""},
  {"lat":40.724946,"lon":-73.48968,"city":"Bethpage","state":"NY","address":"3962 Hempstead Tpke., Bethpage, NY 11714, USA","name":""},
  {"lat":40.455935,"lon":-74.400026,"city":"East Brunswick","state":"NJ","address":"300 NJ-18, East Brunswick, NJ 8816, USA","name":""},
  {"lat":39.138193,"lon":-76.599808,"city":"Glen Burnie","state":"MD","address":"7931 Governor Ritchie Hwy, Glen Burnie, MD 21061, USA","name":""},
  {"lat":40.888002,"lon":-74.066964,"city":"Lodi","state":"NJ","address":"314 Essex Street, Lodi, NJ 7644, USA","name":""},
  {"lat":26.235839,"lon":-80.203955,"city":"Margate","state":"FL","address":"5681 W. Atlantic Blvd, Margate, FL 33063, USA","name":""},
  {"lat":39.955687,"lon":-75.200248,"city":"Philadelphia","state":"PA","address":"3901 Chestnut St., Philadelphia, PA 19104, USA","name":""},
  {"lat":40.035592,"lon":-75.071155,"city":"Philadelphia","state":"PA","address":"6350 Roosevelt Blvd., Philadelphia, PA 19149, USA","name":""},
  {"lat":39.760473,"lon":-75.047134,"city":"Blackwood","state":"NJ","address":"5716 Route 42, Blackwood, NJ 8012, USA","name":""},
  {"lat":39.755019,"lon":-75.564414,"city":"Wilmington","state":"DE","address":"1611 Pennsylvania Ave., Wilmington, DE 19806, USA","name":""},
  {"lat":40.646096,"lon":-73.583328,"city":"Freeport","state":"NY","address":"168 Atlantic Avenue, Freeport, NY 11520, USA","name":""},
  {"lat":40.780257,"lon":-73.776817,"city":"Bayside","state":"NY","address":"23-90 Bell Blvd, Bayside, NY 11360, USA","name":""},
  {"lat":33.391267,"lon":-111.908821,"city":"Tempe","state":"AZ","address":"3435 S. McClintock Dr., Tempe, AZ 85282, USA","name":""},
  {"lat":39.836823,"lon":-75.088633,"city":"Woodbury","state":"NJ","address":"891 Hurffville Rd, Woodbury, NJ 8096, USA","name":""},
  {"lat":26.007231,"lon":-80.312822,"city":"Pembroke Pines","state":"FL","address":"50 S. Flamingo Rd., Pembroke Pines, FL 33029, USA","name":""},
  {"lat":40.739584,"lon":-73.785604,"city":"Fresh Meadows","state":"NY","address":"61-45 188th St, Fresh Meadows, NY 11365, USA","name":""},
  {"lat":29.962636,"lon":-95.546373,"city":"Houston","state":"TX","address":"7910 FM 1960 Rd. W, Houston, TX 77070, USA","name":""},
  {"lat":40.624653,"lon":-74.137409,"city":"Staten Island","state":"NY","address":"1465 Forest Avenue, Staten Island, NY 10302, USA","name":""},
  {"lat":41.567198,"lon":-87.509295,"city":"Munster","state":"IN","address":"8032 Calumet Ave., Munster, IN 46321, USA","name":""},
  {"lat":41.907729,"lon":-87.843759,"city":"Melrose Park","state":"IL","address":"830 W. North Ave., Melrose Park, IL 60160, USA","name":""},
  {"lat":40.712604,"lon":-73.904428,"city":"Ridgewood","state":"NY","address":"60-18 Metropolitan Avenue, Ridgewood, NY 11385, USA","name":""},
  {"lat":39.66716,"lon":-75.667898,"city":"Newark","state":"DE","address":"300 University Plaza, Newark, DE 19702, USA","name":""},
  {"lat":40.833975,"lon":-73.828516,"city":"The Bronx","state":"NY","address":"3371-85 East Tremont Avenue, Bronx, NY 10465, USA","name":""},
  {"lat":40.720049,"lon":-73.844677,"city":"Forest Hills","state":"NY","address":"106-24 71st Avenue, Forest Hills, NY 11375, USA","name":""},
  {"lat":32.663707,"lon":-97.402952,"city":"Ft. Worth","state":"TX","address":"6030 S. Hulen St., Ft. Worth, TX 76132, USA","name":""},
  {"lat":40.231074,"lon":-74.675793,"city":"Hamilton","state":"NJ","address":"770 ROUTE 33, Hamilton, NJ 8619, USA","name":""},
  {"lat":40.005733,"lon":-74.796203,"city":"Eastampton Township","state":"NJ","address":"514 High Street, EASTAMPTON TOWNSHIP, NJ 8060, USA","name":""},
  {"lat":40.685107,"lon":-73.857832,"city":"Ozone Park","state":"NY","address":"83-02 Atlantic Avenue, Ozone Park, NY 11416, USA","name":""},
  {"lat":39.921771,"lon":-75.14628,"city":"Philadelphia","state":"PA","address":"31 Snyder Ave, Philadelphia, PA 19148, USA","name":""},
  {"lat":34.10634,"lon":-117.826536,"city":"San Dimas","state":"CA","address":"952 W Arrow Highway, San Dimas, CA 91773, USA","name":""},
  {"lat":39.96556,"lon":-75.593243,"city":"West Chester","state":"PA","address":"726 E. Gay Street, West Chester, PA 19380, USA","name":""},
  {"lat":40.746221,"lon":-73.599016,"city":"Westbury","state":"NY","address":"419 Old Country Road, Westbury, NY 11590, USA","name":""},
  {"lat":32.604555,"lon":-96.841128,"city":"Desoto","state":"TX","address":"735 E. Pleasant Run Road, Desoto, TX 75115, USA","name":""},
  {"lat":37.833737,"lon":-122.249499,"city":"Oakland","state":"CA","address":"5132 Broadway, Oakland, CA 94611, USA","name":""},
  {"lat":33.936932,"lon":-118.127617,"city":"Downey","state":"CA","address":"8606 Firestone Blvd., Downey, CA 90241, USA","name":""},
  {"lat":40.629291,"lon":-73.918829,"city":"Brooklyn","state":"NY","address":"1972 Ralph Avenue, Brooklyn, NY 11234, USA","name":""},
  {"lat":40.591195,"lon":-74.290281,"city":"Avenel","state":"NJ","address":"1560 St. Georges Avenue, Avenel, NJ 7001, USA","name":""},
  {"lat":40.900561,"lon":-74.035146,"city":"Hackensack","state":"NJ","address":"180 Hackensack Avenue, Hackensack, NJ 7602, USA","name":""},
  {"lat":29.689535,"lon":-95.45766,"city":"Houston","state":"TX","address":"4672 Beechnut Street, Houston, TX 77096, USA","name":""},
  {"lat":41.242749,"lon":-73.031599,"city":"Milford","state":"CT","address":"1454-60 Boston Post Road, Milford, CT 6460, USA","name":""},
  {"lat":41.936743,"lon":-87.668887,"city":"Chicago","state":"IL","address":"3020 N Ashland Ave, Chicago, IL 60657, USA","name":""},
  {"lat":42.312196,"lon":-71.428593,"city":"Framingham","state":"MA","address":"5 Mass Turnpike Westbound I-90 Milepost 115, Framingham, MA 1701, USA","name":""},
  {"lat":42.284132,"lon":-71.808575,"city":"Worcester","state":"MA","address":"14 Park Avenue, Worcester, MA 1605, USA","name":""},
  {"lat":40.647262,"lon":-73.882551,"city":"Brooklyn","state":"NY","address":"1340 Pennsylvania Ave, Brooklyn, NY 11239, USA","name":""},
  {"lat":40.705439,"lon":-73.794691,"city":"Queens","state":"NY","address":"165-02 Jamaica Avenue, Queens, NY 11432, USA","name":""}]}