{"key":"caesars_casino","displayName":"Caesars Casinos","category":"entertainment","useLocationName":false,"locations":[
  {"lat":39.35687,"lon":-74.435772,"city":"Atlantic City","state":"NJ","address":"2100 Pacific Avenue","name":""},
  {"lat":29.948744,"lon":-90.065565,"city":"New Orleans","state":"LA","address":"228 Poydras Street","name":""},
  {"lat":36.11517,"lon":-115.173969,"city":"Las Vegas","state":"NV","address":"3570 Las Vegas Boulevard South","name":""},
  {"lat":38.959191,"lon":-119.942068,"city":"Lake Tahoe","state":"NV","address":"Highway 50 at Stateline Avenue","name":""},
  {"lat":33.514913,"lon":-111.927759,"city":"Scottsdale","state":"AZ","address":"4747 N Goldwater Blvd","name":""},
  {"lat":38.180003,"lon":-85.903924,"city":"Elizabeth","state":"IN","address":"11999 Casino Center Drive","name":""},
  {"lat":36.571139,"lon":-79.428107,"city":"Danville","state":"VA","address":"1100 W. Main St.","name":""},
  {"lat":42.320895,"lon":-83.034227,"city":"Windsor","state":"CA","address":"377 Riverside Drive East (Hotel, Casino and Valet Entrance: McDougall Ave. and Pitt St.)","name":""},
  {"lat":39.5322,"lon":-119.81536,"city":"Reno","state":"NV","address":"500 N Sierra St","name":""},
  {"lat":39.83948,"lon":-82.99734,"city":"Columbus","state":"OH","address":"6000 S High St, Columbus, OH 43207","name":""},
  {"lat":39.52916,"lon":-119.81464,"city":"Reno","state":"NV","address":"345 N Virginia Street","name":""},
  {"lat":36.11569,"lon":-115.171394,"city":"Las Vegas","state":"NV","address":"3555 Las Vegas Boulevard South","name":""},
  {"lat":42.03138,"lon":-88.27964,"city":"Elgin","state":"IL","address":"250 S Grove Ave, Elgin, IL 60120","name":""},
  {"lat":33.024111,"lon":-112.050548,"city":"Maricopa","state":"AZ","address":"15406 Maricopa Road","name":""},
  {"lat":35.469878,"lon":-83.299504,"city":"Cherokee","state":"NC","address":"777 Casino Drive","name":""},
  {"lat":35.110879,"lon":-83.981209,"city":"Murphy","state":"NC","address":"777 Casino Parkway","name":""},
  {"lat":41.431119,"lon":-97.33863,"city":"Columbus","state":"NE","address":"5944 Howard Blvd.","name":""},
  {"lat":30.392499,"lon":-88.866022,"city":"Biloxi","state":"MS","address":"280 Beach Boulevard","name":""},
  {"lat":40.06821,"lon":-85.64414,"city":"Anderson","state":"IN","address":"4500 Dan Patch Circle","name":""},
  {"lat":41.525618,"lon":-88.084538,"city":"Joliet","state":"IL","address":"151 N. Joliet Street","name":""},
  {"lat":39.142498,"lon":-94.545871,"city":"North Kansas City","state":"MO","address":"One Riverboat Drive","name":""},
  {"lat":38.959538,"lon":-119.941279,"city":"Lake Tahoe","state":"NV","address":"15 Highway 50","name":""},
  {"lat":36.1193,"lon":-115.1705,"city":"Las Vegas","state":"NV","address":"3475 Las Vegas Boulevard South","name":""},
  {"lat":35.143908,"lon":-114.579537,"city":"Laughlin","state":"NV","address":"2900 South Casino Drive","name":""},
  {"lat":37.148429,"lon":-88.734317,"city":"Metropolis","state":"IL","address":"100 East Front Street","name":""},
  {"lat":38.274115,"lon":-120.917446,"city":"Ione","state":"CA","address":"4640 Coal Mine Road","name":""},
  {"lat":39.851083,"lon":-75.348298,"city":"Chester","state":"PA","address":"777 Harrah's Blvd","name":""},
  {"lat":26.22135,"lon":-80.15136,"city":"Pompano Beach","state":"FL","address":"777 Isle of Capri Circle, Pompano Beach, FL 33069","name":""},
  {"lat":39.384016,"lon":-74.426749,"city":"Atlantic City","state":"NJ","address":"777 Harrah's Blvd","name":""},
  {"lat":33.266788,"lon":-116.954178,"city":"Funner","state":"CA","address":"777 Harrah's Rincon Way","name":""},
  {"lat":41.251309,"lon":-95.910599,"city":"Council Bluffs","state":"IA","address":"One Harrahs Blvd","name":""},
  {"lat":39.290385,"lon":-76.612189,"city":"Baltimore","state":"MD","address":"1525 Russell Street","name":""},
  {"lat":39.79802,"lon":-105.48345,"city":"Black Hawk","state":"CO","address":"401 Main St","name":""},
  {"lat":32.515291,"lon":-93.737341,"city":"Bossier City","state":"LA","address":"711 Horseshoe Boulevard","name":""},
  {"lat":41.237721,"lon":-95.886848,"city":"Council Bluffs","state":"IA","address":"2701 23rd Avenue","name":""},
  {"lat":41.693536,"lon":-87.508083,"city":"Hammond","state":"IN","address":"777 Casino Center Drive","name":""},
  {"lat":39.58903,"lon":-85.825245,"city":"Shelbyville","state":"IN","address":"4300 N. Michigan Road","name":""},
  {"lat":30.23542,"lon":-93.25007,"city":"Westlake","state":"LA","address":"100 Westlake Ave","name":""},
  {"lat":36.113534,"lon":-115.168408,"city":"Las Vegas","state":"NV","address":"3645 Las Vegas Boulevard South","name":""},
  {"lat":38.63273,"lon":-90.18469,"city":"St. Louis","state":"MO","address":"999 N 2nd St","name":""},
  {"lat":34.847216,"lon":-90.330534,"city":"Robinsonville","state":"MS","address":"1021 Casino Center Drive","name":""},
  {"lat":41.52322,"lon":-90.50715,"city":"Bettendorf","state":"IA","address":"1777 Isle Pkwy","name":""},
  {"lat":34.49833,"lon":-90.58059,"city":"Lula","state":"MS","address":"777 Isle of Capri Pkwy","name":""},
  {"lat":42.44865,"lon":-92.31044,"city":"Waterloo","state":"IA","address":"777 Isle of Capri Blvd","name":""},
  {"lat":38.97738,"lon":-92.75,"city":"Boonville","state":"MO","address":"100 Isle of Capri Blvd","name":""},
  {"lat":39.79876,"lon":-105.48652,"city":"Black Hawk","state":"CO","address":"340 Main St","name":""},
  {"lat":41.2373,"lon":95.8901,"city":"Council Bluffs","state":"IA","address":"One Arena Way","name":""},
  {"lat":39.35687,"lon":-74.435772,"city":"Atlantic City","state":"NJ","address":"2100 Pacific Avenue","name":""},
  {"lat":36.11517,"lon":-115.173969,"city":"Las Vegas","state":"NV","address":"3570 Las Vegas Boulevard South","name":""},
  {"lat":29.948744,"lon":-90.065565,"city":"New Orleans","state":"LA","address":"8 Canal Street","name":""},
  {"lat":36.111957,"lon":-115.17129,"city":"Las Vegas","state":"NV","address":"3655 Las Vegas Boulevard South","name":""},
  {"lat":36.109747,"lon":-115.172414,"city":"Las Vegas","state":"NV","address":"3667 Las Vegas Boulevard South","name":""},
  {"lat":39.53031,"lon":-119.81566,"city":"Reno","state":"NV","address":"407 N Virginia St","name":""},
  {"lat":36.115105,"lon":-115.17185,"city":"Las Vegas","state":"NV","address":"3595 Las Vegas Blvd South","name":""},
  {"lat":36.118045,"lon":-115.171894,"city":"Las Vegas","state":"NV","address":"3535 Las Vegas Blvd South","name":""},
  {"lat":39.35253,"lon":-74.44526,"city":"Atlantic City","state":"NJ","address":"2831 Boardwalk","name":""},
  {"lat":33.41539,"lon":-91.06402,"city":"Greenville","state":"MS","address":"199 N Lakefront Rd, Greenville, MS 38701","name":""},
  {"lat":35.15827,"lon":-114.57748,"city":"Laughlin","state":"NV","address":"2121 S Casino Dr","name":""}]}