{"key":"california_pizza_kitchen","displayName":"California Pizza Kitchen","category":"restaurant","useLocationName":false,"locations":[
  {"lat":34.065679,"lon":-118.399496,"city":"Beverly Hills","state":"CA","address":"207 S. Beverly Drive","name":""},
  {"lat":33.847555,"lon":-84.36197,"city":"Atlanta","state":"GA","address":"3393 Peachtree Road NE","name":""},
  {"lat":21.276941,"lon":-157.785909,"city":"Honolulu","state":"HI","address":"4211 Waialae Ave.","name":""},
  {"lat":38.917494,"lon":-77.221097,"city":"McLean","state":"VA","address":"961 Chain Bridge Rd Mall","name":""},
  {"lat":34.14332,"lon":-118.400382,"city":"Studio City","state":"CA","address":"12265 Ventura Blvd.","name":""},
  {"lat":34.418802,"lon":-119.700585,"city":"Santa Barbara","state":"CA","address":"719 Paseo Nuevo","name":""},
  {"lat":34.147541,"lon":-118.141743,"city":"Pasadena","state":"CA","address":"99 N. Los Robles Ave.","name":""},
  {"lat":34.157147,"lon":-118.484116,"city":"Encino","state":"CA","address":"16101 Ventura Blvd. #200","name":""},
  {"lat":39.024138,"lon":-77.146,"city":"Bethesda","state":"MD","address":"7101 Democracy Blvd.","name":""},
  {"lat":33.720101,"lon":-116.389868,"city":"Palm Desert","state":"CA","address":"73080 El Paseo Ste. 8","name":""},
  {"lat":34.147199,"lon":-118.255734,"city":"Glendale","state":"CA","address":"101 N. Brand Blvd.","name":""},
  {"lat":21.383555,"lon":-157.940321,"city":"Aiea","state":"HI","address":"554 Pearlridge Center","name":""},
  {"lat":38.599231,"lon":-121.423596,"city":"Sacramento","state":"CA","address":"1735 Arden Way Suite 220","name":""},
  {"lat":34.184335,"lon":-118.314962,"city":"Burbank","state":"CA","address":"601 N. San Fernando Rd.","name":""},
  {"lat":26.213207,"lon":-81.801861,"city":"Naples","state":"FL","address":"5555 Tamiami Trail North, Space#G-16","name":""},
  {"lat":42.347391,"lon":-71.082028,"city":"Boston","state":"MA","address":"800 Boylston St., #155","name":""},
  {"lat":37.537631,"lon":-122.300395,"city":"San Mateo","state":"CA","address":"Hillsdale Shopping Center, 100 Hillsdale Mall","name":""},
  {"lat":26.155946,"lon":-80.118443,"city":"Ft. Lauderdale","state":"FL","address":"2301 N. Federal Hwy.","name":""},
  {"lat":33.509405,"lon":-112.03012,"city":"Phoenix","state":"AZ","address":"2400 E. Camelback Rd, Ste. 112","name":""},
  {"lat":26.847398,"lon":-80.085384,"city":"Palm Beach Gardens","state":"FL","address":"3101 PGA Blvd., L-213","name":""},
  {"lat":38.989596,"lon":-76.548597,"city":"Annapolis","state":"MD","address":"1870 Annapolis Mall","name":""},
  {"lat":34.133761,"lon":-118.052323,"city":"Arcadia","state":"CA","address":"400 S. Baldwin Ave., Suite 115-U","name":""},
  {"lat":34.047075,"lon":-84.291304,"city":"Alpharetta","state":"GA","address":"6301 North Point Pkwy.","name":""},
  {"lat":32.97971,"lon":-117.081768,"city":"San Diego","state":"CA","address":"11602 Carmel Mountain Road","name":""},
  {"lat":33.592719,"lon":-117.660306,"city":"Mission Viejo","state":"CA","address":"25513 Marguerite Pkwy.","name":""},
  {"lat":42.051048,"lon":-88.040158,"city":"Schaumburg","state":"IL","address":"1550 E. Golf Road","name":""},
  {"lat":42.300804,"lon":-71.384139,"city":"Natick","state":"MA","address":"1245 Worcester Road, Ste. 1092","name":""},
  {"lat":33.578079,"lon":-111.926993,"city":"Scottsdale","state":"AZ","address":"10100 Scottsdale Rd.","name":""},
  {"lat":38.861559,"lon":-77.058197,"city":"Arlington","state":"VA","address":"1201 So. Hayes St., Ste F","name":""},
  {"lat":34.171391,"lon":-118.543365,"city":"Tarzana","state":"CA","address":"18800 Ventura Blvd.","name":""},
  {"lat":42.061569,"lon":-87.747884,"city":"Skokie","state":"IL","address":"4999 Old Orchard Road, Suite G-2","name":""},
  {"lat":42.562856,"lon":-83.184125,"city":"Troy","state":"MI","address":"2800 W. Big Beaver Road, Space N-126","name":""},
  {"lat":40.086781,"lon":-75.386335,"city":"King of Prussia","state":"PA","address":"470 Mall Blvd.","name":""},
  {"lat":34.049108,"lon":-118.260657,"city":"Los Angeles","state":"CA","address":"735 S. Figueroa St. Space 305","name":""},
  {"lat":34.062281,"lon":-118.447165,"city":"Los Angeles","state":"CA","address":"1001 Broxton Ave.","name":""},
  {"lat":40.823646,"lon":-73.410795,"city":"Huntington Station","state":"NY","address":"160 Route 110, Sp. 1074","name":""},
  {"lat":21.296698,"lon":-157.848036,"city":"Honolulu","state":"HI","address":"1450 Ala Moana Bl, Sp. 3241","name":""},
  {"lat":33.765097,"lon":-118.192627,"city":"Long Beach","state":"CA","address":"61 S. Pine Ave., Sp. C-195","name":""},
  {"lat":26.646333,"lon":-80.208465,"city":"Wellington","state":"FL","address":"10300 W. Forest Hill Bl., #197","name":""},
  {"lat":33.723682,"lon":-117.793796,"city":"Tustin","state":"CA","address":"3001 El Camino Real","name":""},
  {"lat":39.564377,"lon":-104.873237,"city":"Littleton","state":"CO","address":"8343 S. Park Meadow Center Dr.","name":""},
  {"lat":37.326196,"lon":-121.943586,"city":"Santa Clara","state":"CA","address":"2855 Stevens Creek Bl., Sp. 1273","name":""},
  {"lat":27.974495,"lon":-82.523981,"city":"Tampa","state":"FL","address":"2223 NW Shore Blvd, Space 189","name":""},
  {"lat":34.017764,"lon":-118.499604,"city":"Santa Monica","state":"CA","address":"210 Wilshire Blvd","name":""},
  {"lat":41.723495,"lon":-72.764006,"city":"Farmington","state":"CT","address":"3 Westfarms Mall, Space #E-125","name":""},
  {"lat":42.242127,"lon":-83.743425,"city":"Ann Arbor","state":"MI","address":"870 Briarwood Circle","name":""},
  {"lat":40.141593,"lon":-82.977387,"city":"Columbus","state":"OH","address":"1500 Polaris Pkwy.","name":""},
  {"lat":33.915342,"lon":-117.886451,"city":"Brea","state":"CA","address":"1065 Brea Mall 2052A","name":""},
  {"lat":33.757347,"lon":-118.109924,"city":"Long Beach","state":"CA","address":"6417 E. Pacific Coast Hwy., Unit A-1","name":""},
  {"lat":38.247046,"lon":-85.609917,"city":"Louisville","state":"KY","address":"7900 Shelbyville Rd., Ste. E17","name":""},
  {"lat":28.485102,"lon":-81.4323,"city":"Orlando","state":"FL","address":"4200 Conroy Rd., Sp. #1590","name":""},
  {"lat":38.6024,"lon":-90.448005,"city":"Des Peres","state":"MO","address":"109 W. County Dtr., Space 2055","name":""},
  {"lat":36.127524,"lon":-115.1715,"city":"Las Vegas","state":"NV","address":"3200 Las Vegas Blvd, Sp #1590","name":""},
  {"lat":33.793107,"lon":-84.397003,"city":"Atlanta","state":"GA","address":"264 19th St. N.W, Suite 2150","name":""},
  {"lat":37.656201,"lon":-77.619462,"city":"Richmond","state":"VA","address":"11800 W. Broad St., # 1104","name":""},
  {"lat":38.859078,"lon":-77.356753,"city":"Fairfax","state":"VA","address":"4200 Fairfax Corner West Ave., Bldg H, 1st Floor","name":""},
  {"lat":33.524831,"lon":-117.154181,"city":"Temecula","state":"CA","address":"40820 Winchester Rd., #1000","name":""},
  {"lat":41.893837,"lon":-88.341481,"city":"Geneva","state":"IL","address":"1202 Commons Drive","name":""},
  {"lat":42.160926,"lon":-88.051854,"city":"Deer Park","state":"IL","address":"20502 N. Rand Road","name":""},
  {"lat":29.781033,"lon":-95.53973,"city":"Houston","state":"TX","address":"303 Memorial City Mall, #610","name":""},
  {"lat":34.111976,"lon":-117.53242,"city":"Rancho Cucamonga","state":"CA","address":"12517 N. Mainstreet","name":""},
  {"lat":36.842768,"lon":-76.133277,"city":"Virginia Beach","state":"VA","address":"Town Center of Virginia Beach, 200 Central Park Ave.","name":""},
  {"lat":34.268718,"lon":-119.248771,"city":"Ventura","state":"CA","address":"3301 E. Main St., Ste. 1150","name":""},
  {"lat":33.627201,"lon":-117.70801,"city":"Irvine","state":"CA","address":"521 Spectrum Center Dr.","name":""},
  {"lat":36.584952,"lon":-121.898774,"city":"Monterey","state":"CA","address":"1100 Del Monte Center","name":""},
  {"lat":33.730568,"lon":-117.992119,"city":"Huntington Beach","state":"CA","address":"7851 Edinger Avenue","name":""},
  {"lat":34.173988,"lon":-118.846385,"city":"Thousand Oaks","state":"CA","address":"2200 E. Thousand Oaks Blvd, Ste 10","name":""},
  {"lat":33.85067,"lon":-118.13852,"city":"Lakewood","state":"CA","address":"500 Lakewood Center Mal","name":""},
  {"lat":35.353531,"lon":-119.115741,"city":"Bakersfield","state":"CA","address":"10150 Stockdale Hwy","name":""},
  {"lat":33.794092,"lon":-118.329305,"city":"Torrance","state":"CA","address":"25306 Crenshaw Blvd.","name":""},
  {"lat":39.117249,"lon":-77.198602,"city":"Gaithersburg","state":"MD","address":"136 Boardwalk Place","name":""},
  {"lat":45.408132,"lon":-122.803384,"city":"Tigard","state":"OR","address":"7315 SW Bridgeport Rd, Blg R2, Sp 102","name":""},
  {"lat":33.955189,"lon":-117.390139,"city":"Riverside","state":"CA","address":"3540 Riverside Plaza, Ste #308","name":""},
  {"lat":34.284306,"lon":-118.768308,"city":"Simi Valley","state":"CA","address":"1555 Simi Town Center Drive, #790","name":""},
  {"lat":34.239592,"lon":-118.555082,"city":"Northridge","state":"CA","address":"9301 Tampa Avenue, Unit 129","name":""},
  {"lat":40.708294,"lon":-73.869272,"city":"Glendale","state":"NY","address":"71-03 80th Street, Suite 7101","name":""},
  {"lat":42.627203,"lon":-82.94859,"city":"Clinton Township","state":"MI","address":"17350 Hall Road, Space R-101","name":""},
  {"lat":43.120324,"lon":-87.915294,"city":"Glendale","state":"WI","address":"5665 North Centerpark Way, Unti N-141","name":""},
  {"lat":41.475811,"lon":-71.962647,"city":"Mashantucket","state":"CT","address":"39 Norwich Westerly Rd","name":""},
  {"lat":39.49896,"lon":-76.654829,"city":"Hunt Valley","state":"MD","address":"118 Shawan Road, Suite FF","name":""},
  {"lat":37.786962,"lon":-122.402528,"city":"San Francisco","state":"CA","address":"53 Third Street","name":""},
  {"lat":26.400638,"lon":-81.808217,"city":"Estero","state":"FL","address":"23181 Village Shops Way, STE 113","name":""},
  {"lat":32.62384,"lon":-116.966979,"city":"Chula Vista","state":"CA","address":"2015 Birch Road, Ste 725","name":""},
  {"lat":34.431034,"lon":-118.556478,"city":"Valencia","state":"CA","address":"24061 Newhall Ranch Road","name":""},
  {"lat":33.803773,"lon":-117.910537,"city":"Anaheim","state":"CA","address":"321 West Katella Avenue, Suite 104","name":""},
  {"lat":40.115743,"lon":-75.285606,"city":"Plymouth Meeting","state":"PA","address":"514 W. Germantown Pike","name":""},
  {"lat":36.068154,"lon":-115.174899,"city":"Las Vegas","state":"NV","address":"6659 Las Vegas Blvd South, Bldg C1, STE 100","name":""},
  {"lat":34.002093,"lon":-117.729869,"city":"Chino Hills","state":"CA","address":"3505 Grand Ave","name":""},
  {"lat":30.379734,"lon":-91.094991,"city":"Baton Rouge","state":"LA","address":"10001 Perkins Rowe, Suite 110","name":""},
  {"lat":33.785585,"lon":-118.072429,"city":"Seal Beach","state":"CA","address":"12171 Seal Beach Blvd","name":""},
  {"lat":35.103288,"lon":-106.567522,"city":"Albuquerque","state":"NM","address":"2241 Q Street NE, Suite 7G","name":""},
  {"lat":21.393552,"lon":-157.742038,"city":"Kailua","state":"HI","address":"609 Kailua Road, Space 110/111","name":""},
  {"lat":30.257415,"lon":-81.525703,"city":"Jacksonville","state":"FL","address":"4712 River City Drive, Suite #105","name":""},
  {"lat":42.150413,"lon":-87.816872,"city":"Northbrook","state":"IL","address":"1515 Lake Cook Road, Space 1022","name":""},
  {"lat":40.585766,"lon":-74.619295,"city":"Bridgewater","state":"NJ","address":"400 Commons Way #1090","name":""},
  {"lat":37.443417,"lon":-122.172248,"city":"Palo Alto","state":"CA","address":"136 Stanford Shopping","name":""},
  {"lat":34.018281,"lon":-118.406961,"city":"Culver City","state":"CA","address":"10704 Venice Blvd.","name":""},
  {"lat":37.692193,"lon":-121.929181,"city":"Pleasanton","state":"CA","address":"1328 Stoneridge Mall Road, #D122","name":""},
  {"lat":34.190183,"lon":-118.603291,"city":"Canoga Park","state":"CA","address":"6600 Topanga Canyon Blvd, Ste 1082D","name":""},
  {"lat":36.151547,"lon":-115.331923,"city":"Las Vegas","state":"NV","address":"10945 Oval Park Drive","name":""},
  {"lat":33.670339,"lon":-117.788647,"city":"Irvine","state":"CA","address":"5465 Alton Parkway","name":""},
  {"lat":21.333783,"lon":-158.051419,"city":"Kapolei","state":"HI","address":"91-5431 Kapolei Parkway","name":""},
  {"lat":27.385209,"lon":-82.455854,"city":"Sarasota","state":"FL","address":"192 N Cattlemen Rd Unit 1","name":""},
  {"lat":37.367181,"lon":-121.993296,"city":"Santa Clara","state":"CA","address":"3535 Monroe Street","name":""},
  {"lat":21.453512,"lon":-158.005982,"city":"Mililani","state":"HI","address":"95-1249 Meheula Parkway","name":""},
  {"lat":33.89894,"lon":-118.394743,"city":"Manhattan Beach","state":"CA","address":"3320 N Sepulveda Blvd","name":""},
  {"lat":35.957119,"lon":-86.813538,"city":"Franklin","state":"TN","address":"1800 Galleria Blvd","name":""},
  {"lat":32.768224,"lon":-117.166835,"city":"San Diego","state":"CA","address":"7007 Friars Road, Suite 354","name":""},
  {"lat":40.918166,"lon":-74.076276,"city":"Paramus","state":"NJ","address":"1 Garden State Plaza","name":""},
  {"lat":33.56442,"lon":-117.707431,"city":"Laguna Niguel","state":"CA","address":"27430 La Paz Road","name":""},
  {"lat":33.04576,"lon":-117.257687,"city":"Encinitas","state":"CA","address":"1476 Encinitas Blvd","name":""}]}