{"key":"golds_gym","displayName":"Gold's Gym","category":"fitness","useLocationName":false,"locations":[
  {"lat":33.539547,"lon":-82.127075,"city":"Evans","state":"GA","address":"4408 Evans to Locks Rd, Evans, GA, 30809","name":""},
  {"lat":35.102145,"lon":-77.094784,"city":"New Bern","state":"NC","address":"3340 Dr. Martin Luther King Jr. Blvd, New Bern, NC, 28562","name":""},
  {"lat":30.348549,"lon":-97.737387,"city":"GOLD’S GYM Austin (Burnet)","state":"TX","address":"7301 Burnet Rd, Suite 300A, Austin, TX, 78757","name":""},
  {"lat":37.292632,"lon":-121.912758,"city":"San Jose","state":"CA","address":"1570 Hamilton Ave, San Jose, CA, 95125","name":""},
  {"lat":39.858056,"lon":-104.956408,"city":"GOLD’S GYM Thornton","state":"CO","address":"550 E. Thornton Parkway, Suite 210, Thornton, CO, 80229","name":""},
  {"lat":37.432334,"lon":-121.899574,"city":"Milpitas","state":"CA","address":"301 Jacklin Road, Milpitas, CA, 95035","name":""},
  {"lat":27.95498,"lon":-82.4473,"city":"Tampa","state":"FL","address":"802 N. 12th Street, Tampa, FL, 33602","name":""},
  {"lat":40.411499,"lon":-104.996391,"city":"Loveland","state":"CO","address":"5709 McWhinney Blvd, Loveland, CO, 80538","name":""},
  {"lat":45.60587,"lon":-122.4402,"city":"Camas","state":"WA","address":"2950 Northwest 38th Avenue, Camas, WA, 98607","name":""},
  {"lat":37.028164,"lon":-121.571123,"city":"Gilroy","state":"CA","address":"8797 San Ysidro Ave, Gilroy, CA, 95020","name":""},
  {"lat":45.407832,"lon":-122.748102,"city":"GOLD’S GYM Tigard","state":"OR","address":"15575 SW Sequoia Parkway, Suite 180, Portland, OR, 97224","name":""},
  {"lat":32.865535,"lon":-96.68161,"city":"GOLD’S GYM Highland Meadows","state":"TX","address":"11411 E Northwest Hwy, Suite 200, Dallas, TX, 75218","name":""},
  {"lat":29.987203,"lon":-95.49794,"city":"Houston","state":"TX","address":"4425 FM 1960 Rd W., Houston, TX, 77068","name":""},
  {"lat":29.840645,"lon":-95.491686,"city":"Houston","state":"TX","address":"12708 Northwest Fwy, Houston, TX, 77092","name":""},
  {"lat":42.216408,"lon":-83.272008,"city":"Taylor","state":"MI","address":"7836 Telegraph Rd, Taylor, MI, 48180","name":""},
  {"lat":29.509324,"lon":-95.189929,"city":"Friendswood","state":"TX","address":"130 West Parkwood Ave, Friendswood, TX, 77546","name":""},
  {"lat":33.175835,"lon":-96.888636,"city":"Little Elm","state":"TX","address":"2700 E Eldorado Pkwy, Little Elm, TX, 75068","name":""},
  {"lat":33.033471,"lon":-97.064528,"city":"#175","state":"TX","address":"2301 Cross Timbers Road, #175, Flower Mound, TX, 75028","name":""},
  {"lat":26.33538,"lon":-81.822115,"city":"Bonita Springs","state":"FL","address":"3306 Bonita Beach Rd, Bonita Springs, FL, 34134","name":""},
  {"lat":35.90969,"lon":-78.987319,"city":"Chapel Hill","state":"NC","address":"6118 Farrington Rd, Chapel Hill, NC, 27517","name":""},
  {"lat":40.850712,"lon":-73.217557,"city":"Smithtown","state":"NY","address":"100 Landing Ave, Smithtown, NY, 11787","name":""},
  {"lat":35.593236,"lon":-78.776927,"city":"Fuquay-Varina","state":"NC","address":"1310 E Broad St, Fuquay-Varina, NC, 27526","name":""},
  {"lat":36.852455,"lon":-121.401602,"city":"Hollister","state":"CA","address":"1525 Cushman St, Hollister, CA, 95023","name":""},
  {"lat":42.519914,"lon":-83.006428,"city":"Warren","state":"MI","address":"30730 Hoover, Warren, MI, 48093","name":""},
  {"lat":29.264573,"lon":-82.280055,"city":"Ocala","state":"FL","address":"4417 NW Blitchton Rd, Ocala, FL, 34482","name":""},
  {"lat":45.688198,"lon":-122.667373,"city":"Vancouver","state":"WA","address":"9305 NE 5th Avenue, Vancouver, WA, 98665","name":""},
  {"lat":29.198796,"lon":-81.042343,"city":"GOLD’S GYM Daytona Beach","state":"FL","address":"1808 W. International Speedway Blvd, Suite 601, Daytona Beach, FL, 32114","name":""},
  {"lat":41.453611,"lon":-74.36829,"city":"Middletown","state":"NY","address":"1 North Galleria Dr., Middletown, NY, 10941","name":""},
  {"lat":32.823485,"lon":-79.85427,"city":"GOLD’S GYM Mt. Pleasant","state":"SC","address":"730 Coleman Boulevard, Suite B, Mount Pleasant, SC, 29464","name":""},
  {"lat":38.887411,"lon":-77.419637,"city":"Chantilly","state":"VA","address":"13621 Route 50, Chantilly, VA, 20151","name":""},
  {"lat":30.206377,"lon":-97.976117,"city":"GOLD’S GYM Belterra","state":"TX","address":"166 Hargraves Drive, Suite D-100, Austin, TX, 78737","name":""},
  {"lat":38.970983,"lon":-76.93692,"city":"Riverdale Park","state":"MD","address":"4595 Woodberry St, Riverdale Park, MD, 20737","name":""},
  {"lat":30.170115,"lon":-97.789537,"city":"Building #1","state":"TX","address":"8900 S Congress Ave, Building #1, Austin, TX, 78745","name":""},
  {"lat":37.606567,"lon":-77.593433,"city":"Richmond","state":"VA","address":"9782 Gayton Rd, Henrico, VA, 23238","name":""},
  {"lat":36.667565,"lon":-121.673923,"city":"Salinas","state":"CA","address":"935 West Alisal Street, Salinas, CA, 93901","name":""},
  {"lat":40.885793,"lon":-72.929073,"city":"Middle Island","state":"NY","address":"1225 Middle Country Rd, Middle Island, NY, 11953","name":""},
  {"lat":35.107458,"lon":-89.889383,"city":"Memphis","state":"TN","address":"888 South White Station Road, Memphis, TN, 38117","name":""},
  {"lat":34.941689,"lon":-82.256938,"city":"Greer","state":"SC","address":"1207 W. Wade Hampton Blvd., Greer, SC, 29650","name":""},
  {"lat":30.554959,"lon":-96.264881,"city":"College Station","state":"TX","address":"1285 Arrington Road, College Station, TX, 77845","name":""},
  {"lat":35.570418,"lon":-82.502863,"city":"Asheville","state":"NC","address":"801 Fairview Rd., Asheville, NC, 28803","name":""},
  {"lat":30.560472,"lon":-97.678321,"city":"Round Rock","state":"TX","address":"4201 Sunrise Rd, Round Rock, TX, 78665","name":""},
  {"lat":31.119895,"lon":-97.865695,"city":"Copperas Cove","state":"TX","address":"249 Robert Griffin III Blvd., Copperas Cove, TX, 76522","name":""},
  {"lat":35.321451,"lon":-97.498329,"city":"Moore","state":"OK","address":"647 SW 19th Street, Moore, OK, 73160","name":""},
  {"lat":29.379756,"lon":-98.637929,"city":"San Antonio","state":"TX","address":"400 Valley Hi Drive, San Antonio, TX, 78227","name":""},
  {"lat":30.49813,"lon":-97.579192,"city":"Pflugerville","state":"TX","address":"21315 North SH 130 NB, Pflugerville, TX, 78660","name":""},
  {"lat":42.588131,"lon":-114.465861,"city":"Twin Falls","state":"ID","address":"1471 Fillmore Street, Twin Falls, ID, 83301","name":""},
  {"lat":26.268255,"lon":-98.188495,"city":"Edinburg","state":"TX","address":"627 S McColl Rd, Edinburg, TX, 78539","name":""},
  {"lat":36.583702,"lon":-87.312137,"city":"Clarksville","state":"TN","address":"390 Needmore Road, Clarksville, TN, 37040","name":""},
  {"lat":30.484086,"lon":-97.831371,"city":"Cedar Park","state":"TX","address":"1314 Cypress Creek Rd., Cedar Park, TX, 78613","name":""},
  {"lat":29.886229,"lon":-97.923919,"city":"GOLD’S GYM San Marcos","state":"TX","address":"1180 Thorpe Ln, Suite 120, San Marcos, TX, 78666","name":""},
  {"lat":29.697686,"lon":-98.1026,"city":"Ste 900","state":"TX","address":"651 N. Business I-35, Ste 900, New Braunfels, TX, 78130","name":""},
  {"lat":32.407795,"lon":-96.843652,"city":"GOLD’S GYM Waxahachie","state":"TX","address":"505 N. Hwy 77, Suite 616, Waxahachie, TX, 75165","name":""},
  {"lat":45.65818,"lon":-122.583738,"city":"Vancouver","state":"WA","address":"8700 NE Vancouver Mall Drive Ste 220, Vancouver, WA, 98662","name":""},
  {"lat":37.44162,"lon":-77.472679,"city":"Richmond","state":"VA","address":"5758 Hopkins Road, North Chesterfield, VA, 23234","name":""},
  {"lat":36.584877,"lon":-121.893914,"city":"Monterey","state":"CA","address":"1510 Del Monte Ctr, Monterey, CA, 93940","name":""},
  {"lat":29.495366,"lon":-98.480842,"city":"Ste 310","state":"TX","address":"255 E. Basse Rd, Ste 310, San Antonio, TX, 78209","name":""},
  {"lat":35.587752,"lon":-82.593332,"city":"Asheville","state":"NC","address":"1047 Patton Avenue, Asheville, NC, 28806","name":""},
  {"lat":30.267659,"lon":-97.742083,"city":"Austin","state":"TX","address":"115 E. 6th St., Austin, TX, 78701","name":""},
  {"lat":35.044397,"lon":-85.166441,"city":"Chattanooga","state":"TN","address":"6933 Lee Hwy, Chattanooga, TN, 37421","name":""},
  {"lat":35.143349,"lon":-85.248025,"city":"Hixson","state":"TN","address":"5510 Highway 153, Hixson, TN, 37343","name":""},
  {"lat":35.051719,"lon":-85.31291,"city":"Chattanooga","state":"TN","address":"210 W. 4th St., Chattanooga, TN, 37402","name":""},
  {"lat":36.079502,"lon":-79.475377,"city":"Burlington","state":"NC","address":"2358 South Church St, Burlington, NC, 27215","name":""},
  {"lat":36.008919,"lon":-79.806928,"city":"Greensboro","state":"NC","address":"3120 Randleman Rd, Greensboro, NC, 27406","name":""},
  {"lat":36.131309,"lon":-79.857931,"city":"Greensboro","state":"NC","address":"3711 Battleground Ave, Greensboro, NC, 27410","name":""},
  {"lat":36.044429,"lon":-79.924481,"city":"Jamestown","state":"NC","address":"4835 W. Wendover Ave, Jamestown, NC, 27282","name":""},
  {"lat":35.923112,"lon":-83.866715,"city":"Knoxville","state":"TN","address":"6510 Chapman Highway, Knoxville, TN, 37920","name":""},
  {"lat":35.923061,"lon":-84.062708,"city":"Knoxville","state":"TN","address":"8445 Kingston Pike, Knoxville, TN, 37919","name":""},
  {"lat":35.893732,"lon":-84.137467,"city":"Knoxville","state":"TN","address":"10708 Kingston Pike, Knoxville, TN, 37934","name":""},
  {"lat":36.00538,"lon":-84.256714,"city":"Oak Ridge","state":"TN","address":"302 South Illinois Ave, Oak Ridge, TN, 37830","name":""},
  {"lat":35.815398,"lon":-84.262583,"city":"Lenoir City","state":"TN","address":"785 Highway 321, Lenoir City, TN, 37771","name":""},
  {"lat":40.146617,"lon":-105.127314,"city":"GOLD’S GYM Longmont","state":"CO","address":"1240 S. Hover St., Suite 200, Longmont, CO, 80501","name":""},
  {"lat":34.96484,"lon":-80.998976,"city":"Rock Hill","state":"SC","address":"2182 Cherry Road, Rock Hill, SC, 29732","name":""},
  {"lat":29.604793,"lon":-98.41666,"city":"San Antonio","state":"TX","address":"17934 Bulverde, San Antonio, TX, 78259","name":""},
  {"lat":38.865478,"lon":-76.849832,"city":"Capitol Heights","state":"MD","address":"1723-A Ritchie Station Ct., Capitol Heights, MD, 20743","name":""},
  {"lat":30.322644,"lon":-97.709271,"city":"Austin","state":"TX","address":"6001 Middle Fiskville Rd., Austin, TX, 78752","name":""},
  {"lat":37.528769,"lon":-77.360689,"city":"Richmond","state":"VA","address":"4346 South Laburnum Avenue, Richmond, VA, 23231","name":""},
  {"lat":36.076668,"lon":-86.914398,"city":"Nashville","state":"TN","address":"7062 Hwy 70 S., Nashville, TN, 37221","name":""},
  {"lat":38.9484,"lon":-77.3556,"city":"Reston","state":"VA","address":"11830 Sunrise Valley Drive, Reston, VA, 20191","name":""},
  {"lat":35.967988,"lon":-86.503528,"city":"Smyrna","state":"TN","address":"567 S. Lowry Street, Smyrna, TN, 37167","name":""},
  {"lat":41.145901,"lon":-104.80085,"city":"Cheyenne","state":"WY","address":"1616 East Pershing Blvd., Cheyenne, WY, 82001","name":""},
  {"lat":38.908079,"lon":-77.040615,"city":"GOLD’S GYM Dupont Circle","state":"DC","address":"1101 Connecticut Avenue NW, Washington, DC, 20036","name":""},
  {"lat":38.870163,"lon":-77.011843,"city":"GOLD’S GYM Buzzard Point","state":"DC","address":"113 Potomac Ave SW, Washington, DC, 20024","name":""},
  {"lat":39.15556,"lon":-77.064675,"city":"Olney","state":"MD","address":"18330 Village Center Dr, Olney, MD, 20832","name":""},
  {"lat":39.00415,"lon":-77.039175,"city":"Silver Spring","state":"MD","address":"901 Wayne Ave, Silver Spring, MD, 20910","name":""},
  {"lat":39.18178,"lon":-77.27119,"city":"Germantown","state":"MD","address":"12922 Middlebrook Road, Germantown, MD, 20874","name":""},
  {"lat":38.903451,"lon":-77.006216,"city":"GOLD’S GYM NoMa Center","state":"DC","address":"1005 First St NE, Washington, DC, 20002","name":""},
  {"lat":39.380393,"lon":-77.411372,"city":"Frederick","state":"MD","address":"5245 Westview Drive, Frederick, MD, 21703","name":""},
  {"lat":38.72063,"lon":-121.291635,"city":"Citrus Heights","state":"CA","address":"8485 Auburn Blvd., Citrus Heights, CA, 95610","name":""},
  {"lat":35.479469,"lon":-97.75319,"city":"Yukon","state":"OK","address":"12701 NW 10th Street, Yukon, OK, 73099","name":""},
  {"lat":29.491354,"lon":-98.696659,"city":"San Antonio","state":"TX","address":"10455 Culebra Rd., San Antonio, TX, 78250","name":""},
  {"lat":35.868205,"lon":-86.389164,"city":"Murfreesboro","state":"TN","address":"1691 Memorial Blvd., Murfreesboro, TN, 37129","name":""},
  {"lat":30.29339,"lon":-97.827251,"city":"West Lake Hills","state":"TX","address":"701 S Capital of Texas Hwy, West Lake Hills, TX, 78746","name":""},
  {"lat":27.603691,"lon":-99.476611,"city":"Laredo","state":"TX","address":"2446 San Isidro Pkwy, Laredo, TX, 78045","name":""},
  {"lat":38.48712,"lon":-107.857856,"city":"Montrose","state":"CO","address":"1840 East Main St., Montrose, CO, 81401","name":""},
  {"lat":30.448048,"lon":-97.787999,"city":"GOLD’S GYM Austin (Anderson Arbor)","state":"TX","address":"13435 US 183, Suite 102, Austin, TX, 78750","name":""},
  {"lat":29.445691,"lon":-98.664693,"city":"San Antonio","state":"TX","address":"8935 State Highway 151, San Antonio, TX, 78251","name":""},
  {"lat":29.517657,"lon":-98.663572,"city":"San Antonio","state":"TX","address":"9240 Guilbeau Rd, San Antonio, TX, 78250","name":""},
  {"lat":29.604505,"lon":-98.537219,"city":"San Antonio","state":"TX","address":"2711 Treble Creek, San Antonio, TX, 78258","name":""},
  {"lat":29.503658,"lon":-98.579651,"city":"San Antonio","state":"TX","address":"7431 Merton Minter, San Antonio, TX, 78229","name":""},
  {"lat":29.486985,"lon":-98.444929,"city":"San Antonio","state":"TX","address":"1246 Austin Highway, San Antonio, TX, 78209","name":""},
  {"lat":35.319393,"lon":-80.673654,"city":"Harrisburg","state":"NC","address":"5650 NC Highway 49 S, Harrisburg, NC, 28075","name":""},
  {"lat":43.476039,"lon":-111.982961,"city":"Idaho Falls","state":"ID","address":"2363 Eagle Drive, Idaho Falls, ID, 83406","name":""},
  {"lat":35.611015,"lon":-97.553822,"city":"Oklahoma City","state":"OK","address":"2301 West Memorial Road, Oklahoma City, OK, 73134","name":""},
  {"lat":35.384338,"lon":-80.785103,"city":"GOLD’S GYM Huntersville","state":"NC","address":"13108 Eastfield Rd, Unit B, Huntersville, NC, 28078","name":""},
  {"lat":35.481521,"lon":-80.876359,"city":"Cornelius","state":"NC","address":"20420 W Catawba Ave, Cornelius, NC, 28031","name":""},
  {"lat":37.605856,"lon":-77.35316,"city":"Mechanicsville","state":"VA","address":"7368 Bell Creek Road, Mechanicsville, VA, 23111","name":""},
  {"lat":26.17256,"lon":-97.700543,"city":"GOLD’S GYM Harlingen","state":"TX","address":"2000 S. Expressway 83, Unit C12B, Harlingen, TX, 78552","name":""},
  {"lat":46.25579,"lon":-119.31483,"city":"Richland","state":"WA","address":"2909 Duportail St, Richland, WA, 99352","name":""},
  {"lat":36.322844,"lon":-86.599034,"city":"GOLD’S GYM Hendersonville","state":"TN","address":"225 Indian Lake Blvd, Suite A-H, Hendersonville, TN, 37075","name":""},
  {"lat":46.21146,"lon":-119.158958,"city":"Kennewick","state":"WA","address":"151 N Ely Street, Kennewick, WA, 99336","name":""},
  {"lat":26.183168,"lon":-98.206748,"city":"Pharr","state":"TX","address":"1317 S Jackson Rd, Pharr, TX, 78577","name":""},
  {"lat":26.19482,"lon":-98.280789,"city":"Mission","state":"TX","address":"2520 E Expressway 83, Mission, TX, 78572","name":""},
  {"lat":37.516657,"lon":-77.694147,"city":"Midlothian","state":"VA","address":"345 Schofield Drive, Midlothian, VA, 23113","name":""},
  {"lat":40.833462,"lon":-74.711299,"city":"Flanders","state":"NJ","address":"90 Bartley Road, Flanders, NJ, 07836","name":""},
  {"lat":35.845183,"lon":-86.416902,"city":"Murfreesboro","state":"TN","address":"1713 Old Fort Parkway, Murfreesboro, TN, 37129","name":""},
  {"lat":37.253977,"lon":-77.390336,"city":"Colonial Heights","state":"VA","address":"1823 Southpark Blvd., Colonial Heights, VA, 23834","name":""},
  {"lat":37.410676,"lon":-77.654462,"city":"Midlothian","state":"VA","address":"13606 Hull Street Road, Midlothian, VA, 23112","name":""},
  {"lat":37.316604,"lon":-79.955998,"city":"GOLD’S GYM Roanoke (North)","state":"VA","address":"5002 Airport Road, Suite G, Roanoke, VA, 24012","name":""},
  {"lat":38.800939,"lon":-77.327703,"city":"Fairfax Station","state":"VA","address":"5620-A Ox Road, Fairfax Station, VA, 22039","name":""},
  {"lat":29.489558,"lon":-98.334134,"city":"San Antonio","state":"TX","address":"7650 FM 78, San Antonio, TX, 78244","name":""},
  {"lat":40.439822,"lon":-104.682105,"city":"Greeley","state":"CO","address":"3001 S 23rd Ave, Greeley, CO, 80631","name":""},
  {"lat":25.961366,"lon":-97.506431,"city":"Brownsville","state":"TX","address":"800 Sunrise Blvd., Brownsville, TX, 78526","name":""},
  {"lat":47.762631,"lon":-122.153473,"city":"Woodinville","state":"WA","address":"18600 Woodinville Snohomish Rd NE Ste 100, Woodinville, WA, 98072","name":""},
  {"lat":39.086306,"lon":-77.15077,"city":"Rockville","state":"MD","address":"26 Maryland Ave, Rockville, MD, 20850","name":""},
  {"lat":34.035454,"lon":-83.90908,"city":"Dacula","state":"GA","address":"1250 Auburn Rd Ste 300, Dacula, GA, 30019","name":""},
  {"lat":38.887415,"lon":-77.093265,"city":"GOLD’S GYM Clarendon","state":"VA","address":"1220 N. Fillmore St., Suite 150, Arlington, VA, 22201","name":""},
  {"lat":40.751698,"lon":-73.211787,"city":"Islip","state":"NY","address":"181 Freeman Ave Unit 5, Islip, NY, 11751","name":""},
  {"lat":29.557094,"lon":-98.668078,"city":"San Antonio","state":"TX","address":"11820 Bandera Road, San Antonio, TX, 78023","name":""},
  {"lat":37.582954,"lon":-77.497424,"city":"GOLD’S GYM Richmond (Willow Lawn)","state":"VA","address":"1601 Willow Lawn Dr, Suite 3A, Richmond, VA, 23230","name":""},
  {"lat":42.907595,"lon":-112.451328,"city":"GOLD’S GYM Pocatello","state":"ID","address":"1800 Flandro Drive, Suite 200, Pocatello, ID, 83201","name":""},
  {"lat":30.486787,"lon":-97.679289,"city":"Round Rock","state":"TX","address":"2400 South IH-35, Round Rock, TX, 78681","name":""},
  {"lat":40.863095,"lon":-74.056808,"city":"Teterboro","state":"NJ","address":"100 Hollister Rd, Teterboro, NJ, 07608","name":""},
  {"lat":29.564192,"lon":-98.331465,"city":"Live Oak","state":"TX","address":"7937 Pat Booker Road, Live Oak, TX, 78233","name":""},
  {"lat":41.5312,"lon":-73.907567,"city":"Fishkill","state":"NY","address":"982 Main Street, Fishkill, NY, 12524","name":""},
  {"lat":29.557207,"lon":-98.585747,"city":"San Antonio","state":"TX","address":"12481 W IH 10, San Antonio, TX, 78230","name":""},
  {"lat":26.254105,"lon":-98.228031,"city":"McAllen","state":"TX","address":"1601 W Dove Avenue, McAllen, TX, 78504","name":""},
  {"lat":27.580343,"lon":-99.457589,"city":"Laredo","state":"TX","address":"2626 E. Del Mar Blvd, Laredo, TX, 78041","name":""},
  {"lat":38.293726,"lon":-77.50054,"city":"Fredericksburg","state":"VA","address":"2380 Plank Road, Fredericksburg, VA, 22401","name":""},
  {"lat":38.746792,"lon":-77.449047,"city":"Manassas","state":"VA","address":"9705 Liberia Ave, Manassas, VA, 20110","name":""},
  {"lat":38.463599,"lon":-77.999459,"city":"Culpeper","state":"VA","address":"201 Southgate Shopping Center, Culpeper, VA, 22701","name":""},
  {"lat":40.7822,"lon":-89.674156,"city":"Peoria","state":"IL","address":"5131 W. American Prairie Drive, Peoria, IL, 61615","name":""},
  {"lat":29.489943,"lon":-98.54876,"city":"San Antonio","state":"TX","address":"100 Crossroads Blvd, San Antonio, TX, 78201","name":""},
  {"lat":29.35548,"lon":-98.431059,"city":"San Antonio","state":"TX","address":"2828 Goliad Rd, San Antonio, TX, 78223","name":""},
  {"lat":29.491813,"lon":-98.571086,"city":"San Antonio","state":"TX","address":"1602 Babcock Road, San Antonio, TX, 78229","name":""},
  {"lat":37.546293,"lon":-77.458895,"city":"Richmond","state":"VA","address":"8 South Harvie St, Richmond, VA, 23220","name":""},
  {"lat":37.495695,"lon":-77.565082,"city":"Richmond","state":"VA","address":"9101 Midlothian Turnpike #200, Richmond, VA, 23235","name":""},
  {"lat":35.372734,"lon":-80.195882,"city":"Albemarle","state":"NC","address":"1436 US 52 North, Albemarle, NC, 28001","name":""},
  {"lat":39.282216,"lon":-76.50445,"city":"Dundalk","state":"MD","address":"1131 Merritt Blvd, Dundalk, MD, 21222","name":""},
  {"lat":32.716906,"lon":-79.967745,"city":"Charleston","state":"SC","address":"1291 Folly Road, Charleston, SC, 29412","name":""},
  {"lat":38.705169,"lon":-77.206934,"city":"Lorton","state":"VA","address":"7700 Gunston Plaza, Lorton, VA, 22079","name":""},
  {"lat":38.964444,"lon":-76.787525,"city":"Bowie","state":"MD","address":"12510 Fairwood Parkway, Bowie, MD, 20720","name":""},
  {"lat":30.227854,"lon":-97.785263,"city":"GOLD’S GYM Austin South Central","state":"TX","address":"1701 W. Ben White Blvd, Suite 165, Austin, TX, 78704","name":""},
  {"lat":36.914169,"lon":-121.78415,"city":"Watsonville","state":"CA","address":"120 Westridge Drive, Watsonville, CA, 95076","name":""},
  {"lat":30.18995,"lon":-97.773054,"city":"Austin","state":"TX","address":"801 E. William Cannon Dr., Austin, TX, 78745","name":""},
  {"lat":30.307401,"lon":-97.935392,"city":"Bee Cave","state":"TX","address":"12480 Bee Caves Road, Bee Caves, TX, 78738","name":""},
  {"lat":39.138726,"lon":-76.60614,"city":"Ste C129","state":"MD","address":"7900 Ritchie Hwy, Ste C129, Glen Burnie, MD, 21061","name":""},
  {"lat":30.223445,"lon":-97.839499,"city":"Austin","state":"TX","address":"4404 W. William Cannon Dr., Austin, TX, 78749","name":""},
  {"lat":38.879386,"lon":-77.106714,"city":"Arlington","state":"VA","address":"3910 Wilson Blvd., Arlington, VA, 22203","name":""},
  {"lat":38.916939,"lon":-77.085226,"city":"GOLD’S GYM Georgetown Park","state":"VA","address":"3270 M St NW, Washington, DC, 20007","name":""},
  {"lat":37.636185,"lon":-77.545638,"city":"Richmond","state":"VA","address":"8904 West Broad Street, Richmond, VA, 23294","name":""},
  {"lat":38.683092,"lon":-77.321844,"city":"Woodbridge","state":"VA","address":"12550 Dillingham Sq., Woodbridge, VA, 22192","name":""},
  {"lat":41.656419,"lon":-73.857175,"city":"Poughkeepsie","state":"NY","address":"258 Titusville Road, Poughkeepsie, NY, 12603","name":""},
  {"lat":40.895931,"lon":-74.225367,"city":"Totowa","state":"NJ","address":"18 Furler Street, Totowa, NJ, 07512","name":""},
  {"lat":31.523746,"lon":-97.172934,"city":"Waco","state":"TX","address":"250 N. New Road, Waco, TX, 76710","name":""},
  {"lat":29.281731,"lon":-81.065338,"city":"Ormond Beach","state":"FL","address":"333 West Granada Boulevard, Ormond Beach, FL, 32174","name":""},
  {"lat":41.524994,"lon":-74.114718,"city":"Newburgh","state":"NY","address":"15 Racquet Road, Newburgh, NY, 12550","name":""},
  {"lat":47.699438,"lon":-122.181835,"city":"Kirkland","state":"WA","address":"11133 120th Ave. NE, Kirkland, WA, 98033","name":""},
  {"lat":34.795269,"lon":-77.413208,"city":"Jacksonville","state":"NC","address":"4126 Henderson Drive, Jacksonville, NC, 28546","name":""},
  {"lat":35.66761,"lon":-88.85887,"city":"Jackson","state":"TN","address":"1068 Vann Drive, Jackson, TN, 38305","name":""},
  {"lat":35.381364,"lon":-77.935047,"city":"Goldsboro","state":"NC","address":"1306 Parkway Drive, Goldsboro, NC, 27534","name":""},
  {"lat":39.203493,"lon":-76.617112,"city":"Glen Burnie","state":"MD","address":"6324 Ritchie Highway, Glen Burnie, MD, 21061","name":""},
  {"lat":30.406279,"lon":-86.605874,"city":"Fort Walton Beach","state":"FL","address":"140 Eglin Parkway SE, Fort Walton Beach, FL, 32548","name":""},
  {"lat":40.88039,"lon":-73.32576,"city":"East Northport","state":"NY","address":"1 Larkfield Road, East Northport, NY, 11731","name":""},
  {"lat":30.38582,"lon":-86.375665,"city":"Panama City","state":"FL","address":"12200 US Hwy. 98 W., Miramar Beach, FL, 32550","name":""},
  {"lat":39.016869,"lon":-76.695818,"city":"Crofton","state":"MD","address":"1625 Crofton Centre, Crofton, MD, 21114","name":""},
  {"lat":33.995438,"lon":-118.475254,"city":"Venice","state":"CA","address":"360 Hampton Drive, Venice, CA, 90291","name":""},
  {"lat":38.813463,"lon":-77.184008,"city":"Annandale","state":"VA","address":"6940-A Bradlick Shopping Center, Annandale, VA, 22003","name":""},
  {"lat":30.609806,"lon":-96.309245,"city":"College Station","state":"TX","address":"200 Brentwood Drive East, College Station, TX, 77840","name":""},
  {"lat":38.945841,"lon":-77.065013,"city":"GOLD’S GYM Van Ness","state":"MD","address":"4310 Connecticut Avenue NW, Washington, DC, 20008","name":""},
  {"lat":38.853686,"lon":-77.123386,"city":"Arlington","state":"VA","address":"5718 Columbia Pike, Arlington, VA, 22041","name":""},
  {"lat":38.896138,"lon":-77.073514,"city":"Arlington","state":"VA","address":"1700 North Moore Street, Arlington, VA, 22209","name":""}]}