{"key":"handels","displayName":"Handel's","category":"sweets","useLocationName":false,"locations":[
  {"lat":39.998799,"lon":-104.977319,"city":"Thornton","state":"CO","address":"16689 Washington Street, Thornton, Colorado 80023","name":""},
  {"lat":28.653497,"lon":-81.207788,"city":"Oviedo","state":"FL","address":"20 Alexandria Boulevard, Oviedo, Florida 32765","name":""},
  {"lat":32.72636,"lon":-117.170763,"city":"San Diego","state":"CA","address":"2100 Kettner Boulevard, San Diego, California 92101","name":""},
  {"lat":45.617227,"lon":-122.47663,"city":"Vancouver","state":"WA","address":"530 Southeast 192nd Avenue, Vancouver, Washington 98683","name":""},
  {"lat":37.945357,"lon":-121.739761,"city":"Brentwood","state":"CA","address":"2455 Sand Creek Road, Brentwood, California 94513","name":""},
  {"lat":36.2725,"lon":-115.20597,"city":"Las Vegas","state":"NV","address":"6180 North Decatur Boulevard, Las Vegas, Nevada 89130","name":""},
  {"lat":33.751996,"lon":-118.308363,"city":"Los Angeles","state":"CA","address":"970 North Western Avenue, Los Angeles, California 90732","name":""},
  {"lat":38.813835,"lon":-94.517587,"city":"Belton","state":"MO","address":"1014 East North Avenue, Belton, Missouri 64012","name":""},
  {"lat":38.956244,"lon":-94.72266,"city":"Overland Park","state":"KS","address":"11885 West 95th Street, Overland Park, Kansas 66214","name":""},
  {"lat":34.074291,"lon":-117.20629,"city":"Redlands","state":"CA","address":"27471 San Bernardino Avenue, Redlands, California 92374","name":""},
  {"lat":35.999242,"lon":-115.1291,"city":"Las Vegas","state":"NV","address":"1685 East Cactus Avenue, Las Vegas, Nevada 89183","name":""},
  {"lat":39.606297,"lon":-104.708629,"city":"Aurora","state":"CO","address":"23955 East Plaza Avenue, Aurora, Colorado 80016","name":""},
  {"lat":34.427551,"lon":-118.421379,"city":"Santa Clarita","state":"CA","address":"16360 Village Way, Santa Clarita, California 91387","name":""},
  {"lat":33.191203,"lon":-96.766512,"city":"Frisco","state":"TX","address":"13600 Coit Road, Frisco, Texas 75035","name":""},
  {"lat":33.648624,"lon":-117.741713,"city":"Irvine","state":"CA","address":"827 Spectrum Center Drive, Irvine, California 92618","name":""},
  {"lat":29.81847,"lon":-95.429839,"city":"Houston","state":"TX","address":"3425 Ella Boulevard, Houston, Texas 77018","name":""},
  {"lat":32.539342,"lon":-97.331676,"city":"Burleson","state":"TX","address":"425 Southwest Wilshire Boulevard, Burleson, Texas 76028","name":""},
  {"lat":33.782947,"lon":-112.126367,"city":"Phoenix","state":"AZ","address":"3025 West Dove Valley Road, Phoenix, Arizona 85085","name":""},
  {"lat":41.12787,"lon":-81.608369,"city":"Fairlawn","state":"OH","address":"2935 West Market Street, Fairlawn, Ohio 44333","name":""},
  {"lat":36.159822,"lon":-86.783863,"city":"Nashville","state":"TN","address":"909 Exchange Lane, Nashville, Tennessee 37203","name":""},
  {"lat":33.261971,"lon":-96.785915,"city":"Prosper","state":"TX","address":"201 West Frontier Parkway, Prosper, Texas 75078","name":""},
  {"lat":34.155899,"lon":-118.346332,"city":"Burbank","state":"CA","address":"353 North Pass Avenue, Burbank, California 91505","name":""},
  {"lat":34.133195,"lon":-117.392515,"city":"Rialto","state":"CA","address":"1135 West Renaissance Parkway, Rialto, California 92376","name":""},
  {"lat":35.174578,"lon":-79.420828,"city":"Southern Pines","state":"NC","address":"1784 Old Morganton Road, Southern Pines, North Carolina 28387","name":""},
  {"lat":34.182187,"lon":-118.885734,"city":"Thousand Oaks","state":"CA","address":"166 West Hillcrest Drive, Thousand Oaks, California 91360","name":""},
  {"lat":34.148318,"lon":-84.174019,"city":"Cumming","state":"GA","address":"580 Peachtree Parkway, Cumming, Georgia 30041","name":""},
  {"lat":35.951279,"lon":-86.807378,"city":"Franklin","state":"TN","address":"990 Meridian Boulevard, Franklin, Tennessee 37067","name":""},
  {"lat":33.768594,"lon":-111.923837,"city":"Scottsdale","state":"AZ","address":"31309 North Scottsdale Road, Scottsdale, Arizona 85266","name":""},
  {"lat":38.664633,"lon":-121.264002,"city":"Citrus Heights","state":"CA","address":"8055 Madison Avenue, Citrus Heights, California 95610","name":""},
  {"lat":33.780399,"lon":-84.368445,"city":"Atlanta","state":"GA","address":"931 Monroe Drive Northeast, Atlanta, Georgia 30308","name":""},
  {"lat":33.845611,"lon":-84.372901,"city":"Atlanta","state":"GA","address":"3330 Piedmont Road Northeast, Atlanta, Georgia 30305","name":""},
  {"lat":34.071418,"lon":-81.159031,"city":"Columbia","state":"SC","address":"252 Harbison Boulevard, Columbia, South Carolina 29212","name":""},
  {"lat":32.339001,"lon":-110.978236,"city":"Tucson","state":"AZ","address":"7315 North Oracle Road, Tucson, Arizona 85704","name":""},
  {"lat":39.404257,"lon":-119.749947,"city":"Reno","state":"NV","address":"13987 South Virginia Street, Reno, Nevada 89511","name":""},
  {"lat":33.67153,"lon":-117.789124,"city":"Irvine","state":"CA","address":"5365 Alton Parkway, Irvine, California 92604","name":""},
  {"lat":34.242014,"lon":-119.181227,"city":"Oxnard","state":"CA","address":"751 Town Center Drive, Oxnard, California 93036","name":""},
  {"lat":33.974104,"lon":-117.559587,"city":"Eastvale","state":"CA","address":"12648 Limonite Avenue, Eastvale, California 92880","name":""},
  {"lat":36.857022,"lon":-119.782502,"city":"Fresno","state":"CA","address":"8472 North Friant Road, Fresno, California 93720","name":""},
  {"lat":34.116766,"lon":-117.835617,"city":"San Dimas","state":"CA","address":"1343 East Gladstone Street, San Dimas, California 91773","name":""},
  {"lat":34.020279,"lon":-80.970547,"city":"Columbia","state":"SC","address":"4701 Forest Drive, Columbia, South Carolina 29206","name":""},
  {"lat":33.955268,"lon":-117.330268,"city":"Riverside","state":"CA","address":"5225 Canyon Crest Drive, Riverside, California 92507","name":""},
  {"lat":35.000033,"lon":-80.854168,"city":"","state":"NC","address":"9716 Red Stone Drive, Indian Land, South Carolina 29707","name":""},
  {"lat":33.707939,"lon":-116.275027,"city":"La Quinta","state":"CA","address":"79630 California 111, La Quinta, California 92253","name":""},
  {"lat":34.099302,"lon":-118.288201,"city":"Los Angeles","state":"CA","address":"4531 Hollywood Boulevard, Los Angeles, California 90027","name":""},
  {"lat":37.896924,"lon":-122.061661,"city":"Walnut Creek","state":"CA","address":"1273 Locust Street, Walnut Creek, California 94596","name":""},
  {"lat":33.717095,"lon":-112.27043,"city":"Peoria","state":"AZ","address":"25738 North Lake Pleasant Parkway, Peoria, Arizona 85383","name":""},
  {"lat":36.282038,"lon":-94.147763,"city":"Rogers","state":"AR","address":"1904 West Pleasant Grove Road, Rogers, Arkansas 72758","name":""},
  {"lat":40.011967,"lon":-75.693987,"city":"Downingtown","state":"PA","address":"520 East Lancaster Avenue, Downingtown, Pennsylvania 19335","name":""},
  {"lat":34.68418,"lon":-82.837405,"city":"Clemson","state":"SC","address":"391 College Avenue, Clemson, South Carolina 29631","name":""},
  {"lat":33.255961,"lon":-111.639741,"city":"Queen Creek","state":"AZ","address":"21182 South Ellsworth Loop Road, Queen Creek, Arizona 85142","name":""},
  {"lat":41.192456,"lon":-111.9802,"city":"Riverdale","state":"UT","address":"4021 Riverdale Road, Riverdale, Utah 84405","name":""},
  {"lat":32.770992,"lon":-117.071157,"city":"San Diego","state":"CA","address":"5824 Montezuma Road, San Diego, California 92115","name":""},
  {"lat":32.869416,"lon":-117.232418,"city":"San Diego","state":"CA","address":"8861 Villa La Jolla Drive, San Diego, California 92037","name":""},
  {"lat":33.432832,"lon":-111.904947,"city":"Tempe","state":"AZ","address":"2000 East Rio Salado Parkway, Tempe, Arizona 85288","name":""},
  {"lat":32.675681,"lon":-97.197254,"city":"Arlington","state":"TX","address":"4407 Little Road, Arlington, Texas 76016","name":""},
  {"lat":36.329766,"lon":-86.591292,"city":"Hendersonville","state":"TN","address":"300 Indian Lake Boulevard, Hendersonville, Tennessee 37075","name":""},
  {"lat":33.743705,"lon":-116.217687,"city":"Indio","state":"CA","address":"42211 Jackson Street, Indio, California 92203","name":""},
  {"lat":38.577703,"lon":-121.28271,"city":"Rancho Cordova","state":"CA","address":"10842 Bear Hollow Drive, Rancho Cordova, California 95670","name":""},
  {"lat":34.158593,"lon":-118.634512,"city":"Los Angeles","state":"CA","address":"23369 Mulholland Drive, Los Angeles, California 91364","name":""},
  {"lat":33.523115,"lon":-117.150471,"city":"Temecula","state":"CA","address":"41377 Margarita Road, Temecula, California 92591","name":""},
  {"lat":34.006525,"lon":-118.412203,"city":"Culver City","state":"CA","address":"4130 Sepulveda Boulevard, Culver City, California 90230","name":""},
  {"lat":34.602707,"lon":-118.146262,"city":"Palmdale","state":"CA","address":"39626 10th Street West, Palmdale, California 93551","name":""},
  {"lat":29.734343,"lon":-95.776955,"city":"Katy","state":"TX","address":"23660 Westheimer Parkway, Katy, Texas 77494","name":""},
  {"lat":32.938849,"lon":-97.111502,"city":"Southlake","state":"TX","address":"2645 East Southlake Boulevard, Southlake, Texas 76092","name":""},
  {"lat":35.352354,"lon":-119.119911,"city":"Bakersfield","state":"CA","address":"10530 Stockdale Highway, Bakersfield, California 93311","name":""},
  {"lat":34.012792,"lon":-118.466773,"city":"Santa Monica","state":"CA","address":"1701 Ocean Park Boulevard, Santa Monica, California 90405","name":""},
  {"lat":36.157623,"lon":-115.2908,"city":"Las Vegas","state":"NV","address":"8975 West Charleston Boulevard, Las Vegas, Nevada 89117","name":""},
  {"lat":36.063015,"lon":-115.251974,"city":"Las Vegas","state":"NV","address":"7345 Arroyo Crossing Parkway, Las Vegas, Nevada 89113","name":""},
  {"lat":41.178084,"lon":-85.166771,"city":"Fort Wayne","state":"IN","address":"1808 West Dupont Road, Fort Wayne, Indiana 46818","name":""},
  {"lat":40.379904,"lon":-111.918971,"city":"Saratoga Springs","state":"UT","address":"968 North Exchange Drive, Saratoga Springs, Utah 84045","name":""},
  {"lat":33.887793,"lon":-117.814749,"city":"Yorba Linda","state":"CA","address":"18210 Yorba Linda Boulevard, Yorba Linda, California 92886","name":""},
  {"lat":29.592327,"lon":-98.589875,"city":"San Antonio","state":"TX","address":"5311 North Loop 1604 West Access Road, San Antonio, Texas 78249","name":""},
  {"lat":41.464085,"lon":-81.843461,"city":"Rocky River","state":"OH","address":"19935 Center Ridge Road, Rocky River, Ohio 44116","name":""},
  {"lat":33.553218,"lon":-112.269977,"city":"Peoria","state":"AZ","address":"9784 West Northern Avenue, Peoria, Arizona 85345","name":""},
  {"lat":41.075371,"lon":-85.205607,"city":"Fort Wayne","state":"IN","address":"4916 Illinois Road, Fort Wayne, Indiana 46804","name":""},
  {"lat":40.694188,"lon":-111.95682,"city":"West Valley City","state":"UT","address":"3599 South 2700 West, West Valley City, Utah 84119","name":""},
  {"lat":36.300961,"lon":-119.31419,"city":"Visalia","state":"CA","address":"3301 South Mooney Boulevard, Visalia, California 93277","name":""},
  {"lat":44.022275,"lon":-121.316417,"city":"Bend","state":"OR","address":"61165 South Highway 97, Bend, Oregon 97702","name":""},
  {"lat":38.654613,"lon":-121.524041,"city":"Sacramento","state":"CA","address":"2820 Del Paso Road, Sacramento, California 95834","name":""},
  {"lat":35.4837,"lon":-80.87847,"city":"Cornelius","state":"NC","address":"20545 Torrence Chapel Road, Cornelius, North Carolina 28031","name":""},
  {"lat":30.452244,"lon":-97.826895,"city":"Austin","state":"TX","address":"11521 North FM 620, Austin, Texas 78726","name":""},
  {"lat":35.165758,"lon":-80.969538,"city":"","state":"SC","address":"4923 Trojan Drive, Charlotte, North Carolina 28278","name":""},
  {"lat":32.749572,"lon":-117.153629,"city":"San Diego","state":"CA","address":"1080 University Avenue, San Diego, California 92103","name":""},
  {"lat":32.659996,"lon":-117.105768,"city":"National City","state":"CA","address":"2434 Southport Way, National City, California 91950","name":""},
  {"lat":40.508568,"lon":-111.998919,"city":"Riverton","state":"UT","address":"4531 West Partridge Hill Lane, Riverton, Utah 84065","name":""},
  {"lat":33.526995,"lon":-111.924512,"city":"Scottsdale","state":"AZ","address":"6137 North Scottsdale Road, Scottsdale, Arizona 85250","name":""},
  {"lat":34.20239,"lon":-118.194234,"city":"La CañAda Flintridge","state":"CA","address":"711 Foothill Boulevard, La Cañada Flintridge, California 91011","name":""},
  {"lat":33.923402,"lon":-118.132074,"city":"Downey","state":"CA","address":"8855 Apollo Way, Downey, California 90242","name":""},
  {"lat":33.196778,"lon":-117.379986,"city":"Oceanside","state":"CA","address":"228 North Coast Highway, Oceanside, California 92054","name":""},
  {"lat":40.684659,"lon":-111.794715,"city":"Salt Lake City","state":"UT","address":"3983 Wasatch Boulevard, Salt Lake City, Utah 84124","name":""},
  {"lat":41.526317,"lon":-81.437491,"city":"Mayfield Heights","state":"OH","address":"1249 Som Center Road, Mayfield Heights, Ohio 44124","name":""},
  {"lat":35.839362,"lon":-78.856887,"city":"Morrisville","state":"NC","address":"115 Parkside Valley Drive, Morrisville, North Carolina 27560","name":""},
  {"lat":34.672801,"lon":-86.548542,"city":"Huntsville","state":"AL","address":"1303 Four Mile Post Road Southeast, Huntsville, Alabama 35802","name":""},
  {"lat":32.629411,"lon":-116.965343,"city":"Chula Vista","state":"CA","address":"1450 Eastlake Parkway, Chula Vista, California 91915","name":""},
  {"lat":33.724582,"lon":-116.399424,"city":"Palm Desert","state":"CA","address":"44489 Town Center Way, Palm Desert, California 92260","name":""},
  {"lat":33.459532,"lon":-117.654256,"city":"San Clemente","state":"CA","address":"610 Camino De Los Mares, San Clemente, California 92673","name":""},
  {"lat":40.863353,"lon":-111.895467,"city":"Woods Cross","state":"UT","address":"2468 U.S. 89, Woods Cross, Utah 84010","name":""},
  {"lat":32.840473,"lon":-116.996321,"city":"Santee","state":"CA","address":"8980 Carlton Hills Blvd, Santee, California 92071","name":""},
  {"lat":39.921539,"lon":-76.68623,"city":"York","state":"PA","address":"2310 S Queen St, York, Pennsylvania 17402","name":""},
  {"lat":41.060118,"lon":-80.661195,"city":"Youngstown","state":"OH","address":"3931 Handel's Ct, Youngstown, Ohio 44512","name":""},
  {"lat":41.084682,"lon":-81.444443,"city":"Akron","state":"OH","address":"2055 Eastwood Ave, Akron, Ohio 44305","name":""},
  {"lat":41.018369,"lon":-80.633841,"city":"Youngstown","state":"OH","address":"7485 South Ave, Youngstown, Ohio 44512","name":""},
  {"lat":41.166154,"lon":-81.4052,"city":"Stow","state":"OH","address":"3048 Graham Rd, Stow, Ohio 44224","name":""},
  {"lat":41.691386,"lon":-83.68408,"city":"Toledo","state":"OH","address":"5908 W Sylvania Ave, Toledo, Ohio 43623","name":""},
  {"lat":34.089144,"lon":-117.671538,"city":"Upland","state":"CA","address":"373 S Mountain Ave, Upland, California 91786","name":""},
  {"lat":41.718519,"lon":-83.624762,"city":"","state":"MI","address":"5655 Secor Rd, Toledo, Ohio 43623","name":""},
  {"lat":41.3309,"lon":-81.464481,"city":"Twinsburg","state":"OH","address":"10735 Ravenna Rd, Twinsburg, Ohio 44087","name":""},
  {"lat":45.366256,"lon":-122.837095,"city":"Sherwood","state":"OR","address":"21300 Southwest Langer Farms Parkway, Sherwood, Oregon 97140","name":""},
  {"lat":45.52826,"lon":-122.814856,"city":"Portland","state":"OR","address":"13539 NW Cornell Rd, Portland, Oregon 97229","name":""},
  {"lat":40.544722,"lon":-111.891769,"city":"Sandy","state":"UT","address":"26 W 11400 S, Sandy, Utah 84070","name":""},
  {"lat":33.622815,"lon":-112.42725,"city":"Surprise","state":"AZ","address":"15240 N Cotton Ln, Surprise, Arizona 85388","name":""},
  {"lat":37.082709,"lon":-113.553599,"city":"Saint George","state":"UT","address":"1543 South River Road, St. George, Utah 84790","name":""},
  {"lat":30.034142,"lon":-95.553996,"city":"Spring","state":"TX","address":"8715 Spring Cypress Rd, Spring, Texas 77379","name":""},
  {"lat":33.140808,"lon":-117.192392,"city":"San Marcos","state":"CA","address":"109 S Las Posas Rd, San Marcos, California 92078","name":""},
  {"lat":40.123622,"lon":-111.646366,"city":"Spanish Fork","state":"UT","address":"439 East 1000 North, Spanish Fork, Utah 84660","name":""},
  {"lat":33.628052,"lon":-111.893369,"city":"Scottsdale","state":"AZ","address":"15681 North Hayden Road, Scottsdale, Arizona 85260","name":""},
  {"lat":33.201947,"lon":-117.242212,"city":"Vista","state":"CA","address":"207 Main St, Vista, California 92084","name":""},
  {"lat":41.022698,"lon":-80.591772,"city":"Youngstown","state":"OH","address":"6594 Clingan Rd, Youngstown, Ohio 44514","name":""},
  {"lat":40.87574,"lon":-81.366429,"city":"North Canton","state":"OH","address":"2191 E Maple St, North Canton, Ohio 44720","name":""},
  {"lat":41.340175,"lon":-81.528418,"city":"Northfield","state":"OH","address":"10333 Northfield Rd, Northfield, Ohio 44067","name":""},
  {"lat":40.795106,"lon":-81.476965,"city":"Massillon","state":"OH","address":"3107 Lincoln Way E, Massillon, Ohio 44646","name":""},
  {"lat":41.212134,"lon":-80.760391,"city":"Niles","state":"OH","address":"5140 Youngstown Warren Rd, Niles, Ohio 44446","name":""},
  {"lat":40.158096,"lon":-83.085941,"city":"Powell","state":"OH","address":"399 W Olentangy St, Powell, Ohio 43065","name":""},
  {"lat":33.816805,"lon":-118.377738,"city":"Redondo Beach","state":"CA","address":"1882 S Pacific Coast Hwy, Redondo Beach, California 90277","name":""},
  {"lat":41.119253,"lon":-81.863682,"city":"Medina","state":"OH","address":"1050 S Court St, Medina, Ohio 44256","name":""},
  {"lat":34.137334,"lon":-117.574222,"city":"Rancho Cucamonga","state":"CA","address":"6403 Haven Ave, Rancho Cucamonga, California 91737","name":""},
  {"lat":34.231485,"lon":-118.562176,"city":"Los Angeles","state":"CA","address":"8850 Corbin Ave, Los Angeles, California 91324","name":""},
  {"lat":33.641145,"lon":-117.595761,"city":"Rancho Santa Margarita","state":"CA","address":"30622 Santa Margarita Pkwy, Rancho Santa Margarita, California 92688","name":""},
  {"lat":33.070475,"lon":-96.775227,"city":"Plano","state":"TX","address":"4200 Legacy Dr, Plano, Texas 75024","name":""},
  {"lat":41.279824,"lon":-75.856732,"city":"Wilkes-Barre","state":"PA","address":"25 N River St, Wilkes-Barre, Pennsylvania 18705","name":""},
  {"lat":40.188891,"lon":-75.535426,"city":"Royersford","state":"PA","address":"627 Main St, Royersford, Pennsylvania 19468","name":""},
  {"lat":39.995071,"lon":-85.935243,"city":"Noblesville","state":"IN","address":"14165 Cabela Pkwy, Noblesville, Indiana 46060","name":""},
  {"lat":40.271048,"lon":-111.683074,"city":"Orem","state":"UT","address":"1405 S State St, Orem, Utah 84097","name":""},
  {"lat":33.609466,"lon":-117.929221,"city":"Newport Beach","state":"CA","address":"2200 W Oceanfront, Newport Beach, California 92663","name":""},
  {"lat":34.151992,"lon":-118.079941,"city":"Pasadena","state":"CA","address":"3405 E Foothill Blvd, Pasadena, California 91107","name":""},
  {"lat":38.771404,"lon":-121.263665,"city":"Roseville","state":"CA","address":"1164 Galleria Blvd, Roseville, California 95678","name":""},
  {"lat":32.796335,"lon":-117.255036,"city":"San Diego","state":"CA","address":"4475 Mission Blvd, San Diego, California 92109","name":""},
  {"lat":40.860068,"lon":-81.482691,"city":"Canton","state":"OH","address":"7212 Fulton Dr NW, Canton, Ohio 44718","name":""},
  {"lat":41.158936,"lon":-80.664402,"city":"Youngstown","state":"OH","address":"4251 Belmont Ave, Youngstown, Ohio 44505","name":""},
  {"lat":39.972802,"lon":-83.151709,"city":"Columbus","state":"OH","address":"5665 Feder Rd, Columbus, Ohio 43228","name":""},
  {"lat":40.967654,"lon":-81.464597,"city":"Akron","state":"OH","address":"3433 Massillon Rd, Akron, Ohio 44312","name":""},
  {"lat":40.569025,"lon":-80.024991,"city":"Pittsburgh","state":"PA","address":"9020 St Simon Way, Pittsburgh, Pennsylvania 15237","name":""},
  {"lat":36.101725,"lon":-115.314409,"city":"Las Vegas","state":"NV","address":"10170 W Tropicana Ave, Las Vegas, Nevada 89147","name":""},
  {"lat":41.226931,"lon":-80.452475,"city":"Hermitage","state":"PA","address":"550 S Hermitage Rd, Hermitage, Pennsylvania 16148","name":""},
  {"lat":34.755617,"lon":-86.711278,"city":"Huntsville","state":"AL","address":"7086 Hwy 72 W, Huntsville, Alabama 35806","name":""},
  {"lat":33.554897,"lon":-117.684872,"city":"Laguna Niguel","state":"CA","address":"28121 Crown Valley Pkwy, Laguna Niguel, California 92677","name":""},
  {"lat":33.170236,"lon":-96.889516,"city":"Little Elm","state":"TX","address":"2721 Little Elm Pkwy, Little Elm, Texas 75068","name":""},
  {"lat":40.388641,"lon":-111.829717,"city":"Lehi","state":"UT","address":"1249 E Main St, Lehi, Utah 84043","name":""},
  {"lat":33.830672,"lon":-118.144492,"city":"Long Beach","state":"CA","address":"4201 McGowen St, Long Beach, California 90808","name":""},
  {"lat":33.620881,"lon":-117.703019,"city":"Lake Forest","state":"CA","address":"23615 El Toro Rd, Lake Forest, California 92630","name":""},
  {"lat":39.628989,"lon":-86.159124,"city":"Greenwood","state":"IN","address":"902 N State Rd 135, Greenwood, Indiana 46142","name":""},
  {"lat":33.174115,"lon":-96.681291,"city":"McKinney","state":"TX","address":"4700 Eldorado Pkwy, McKinney, Texas 75070","name":""},
  {"lat":41.057272,"lon":-111.958149,"city":"Layton","state":"UT","address":"240 S Fort Ln, Layton, Utah 84041","name":""},
  {"lat":33.899263,"lon":-118.394943,"city":"Manhattan Beach","state":"CA","address":"3360 North Sepulveda Boulevard, Manhattan Beach, California 90266","name":""},
  {"lat":33.071915,"lon":-97.055853,"city":"Highland Village","state":"TX","address":"2200 Justin Rd, Highland Village, Texas 75077","name":""},
  {"lat":33.722547,"lon":-117.790006,"city":"Irvine","state":"CA","address":"13786 Jamboree Road, Irvine, California 92602","name":""},
  {"lat":33.657075,"lon":-118.001508,"city":"Huntington Beach","state":"CA","address":"300 Pacific Coast Highway, Huntington Beach, California 92648","name":""},
  {"lat":41.024207,"lon":-80.710418,"city":"Youngstown","state":"OH","address":"1491 Boardman-Canfield Rd, Youngstown, Ohio 44512","name":""},
  {"lat":41.100941,"lon":-80.744502,"city":"Youngstown","state":"OH","address":"4800 Mahoning Ave, Youngstown, Ohio 44515","name":""},
  {"lat":40.900482,"lon":-80.698895,"city":"Columbiana","state":"OH","address":"310 OH-14, Columbiana, Ohio 44408","name":""},
  {"lat":41.314275,"lon":-81.683178,"city":"Broadview Heights","state":"OH","address":"103 E Royalton Rd, Broadview Heights, Ohio 44147","name":""},
  {"lat":39.95712,"lon":-86.014593,"city":"Fishers","state":"IN","address":"8760 E 116th St, Fishers, Indiana 46038","name":""},
  {"lat":40.001682,"lon":-86.119256,"city":"Carmel","state":"IN","address":"2466 E 146th St, Carmel, Indiana 46033","name":""},
  {"lat":41.151001,"lon":-81.50916,"city":"Cuyahoga Falls","state":"OH","address":"2922 State Rd, Cuyahoga Falls, Ohio 44223","name":""},
  {"lat":40.048553,"lon":-75.439533,"city":"Berwyn","state":"PA","address":"573 East Lancaster Avenue, Berwyn, Pennsylvania 19312","name":""},
  {"lat":33.365272,"lon":-111.754779,"city":"Gilbert","state":"AZ","address":"1672 E Guadalupe Rd, Gilbert, Arizona 85234","name":""},
  {"lat":33.161039,"lon":-117.350248,"city":"Carlsbad","state":"CA","address":"2825 State St, Carlsbad, California 92008","name":""},
  {"lat":41.065105,"lon":-81.481221,"city":"Akron","state":"OH","address":"1207 E Market St, Akron, Ohio 44305","name":""},
  {"lat":38.667895,"lon":-121.156115,"city":"Folsom","state":"CA","address":"1011 E Bidwell St, Folsom, California 95630","name":""},
  {"lat":32.950035,"lon":-117.23349,"city":"San Diego","state":"CA","address":"12843 El Camino Real, San Diego, California 92130","name":""},
  {"lat":40.625318,"lon":-111.853995,"city":"Midvale","state":"UT","address":"6933 S 1300 E, Midvale, Utah 84047","name":""},
  {"lat":44.05373,"lon":-123.08981,"city":"Eugene","state":"OR","address":"550 Pearl Street, Eugene, Oregon 97401","name":""},
  {"lat":33.035686,"lon":-97.072828,"city":"Flower Mound","state":"TX","address":"2717 Cross Timbers Rd, Flower Mound, Texas 75028","name":""},
  {"lat":41.458628,"lon":-82.018372,"city":"Avon","state":"OH","address":"35925 Detroit Rd, Avon, Ohio 44011","name":""},
  {"lat":38.423961,"lon":-121.413541,"city":"Elk Grove","state":"CA","address":"7701 Laguna Blvd, Elk Grove, California 95758","name":""},
  {"lat":30.120694,"lon":-95.375785,"city":"Spring","state":"TX","address":"4495 Riley Fuzzel Road, Spring, Texas 77386","name":""},
  {"lat":35.262178,"lon":-81.138955,"city":"Gastonia","state":"NC","address":"2272 East Franklin Boulevard, Gastonia, North Carolina 28054","name":""}]}