{"key":"hyatt_house","displayName":"Hyatt House","category":"hotels","useLocationName":false,"locations":[
  {"lat":61.1743863,"lon":-149.8876104,"city":"Anchorage","state":"AK","address":"","name":"Hyatt House Anchorage"},
  {"lat":33.6519737,"lon":-111.92321,"city":"Scottsdale","state":"AZ","address":"","name":"Hyatt House North Scottsdale"},
  {"lat":33.4979097,"lon":-111.921852,"city":"Scottsdale","state":"AZ","address":"","name":"Hyatt House Scottsdale/Old Town"},
  {"lat":33.423711,"lon":-111.930019,"city":"Tempe","state":"AZ","address":"","name":"Hyatt House Tempe / Phoenix / University"},
  {"lat":33.8085365,"lon":-118.0302104,"city":"Cypress","state":"CA","address":"","name":"Hyatt House Cypress/Anaheim"},
  {"lat":38.546686,"lon":-121.7187497,"city":"Davis","state":"CA","address":"","name":"Hyatt House Davis"},
  {"lat":37.8394123,"lon":-122.292878,"city":"Emeryville","state":"CA","address":"","name":"Hyatt House Emeryville/San Francisco Bay Area"},
  {"lat":33.9038443,"lon":-118.3826041,"city":"Los Angeles","state":"CA","address":"","name":"Hyatt House Los Angeles/LAX/Manhattan Beach"},
  {"lat":37.9427952,"lon":-122.0611098,"city":"Pleasant Hill","state":"CA","address":"","name":"Hyatt House Pleasant Hill"},
  {"lat":37.6892001,"lon":-121.9008903,"city":"Pleasanton","state":"CA","address":"","name":"Hyatt House Pleasanton"},
  {"lat":38.5732227,"lon":-121.4700901,"city":"Sacramento","state":"CA","address":"","name":"Hyatt House Sacramento / Midtown"},
  {"lat":32.899073,"lon":-117.1916559,"city":"San Diego","state":"CA","address":"","name":"Hyatt House San Diego/Sorrento Mesa"},
  {"lat":37.3290632,"lon":-122.0133718,"city":"San Jose","state":"CA","address":"","name":"Hyatt House San Jose / Cupertino"},
  {"lat":37.3739307,"lon":-121.9194707,"city":"San Jose Airport","state":"CA","address":"","name":"Hyatt House San Jose Airport"},
  {"lat":37.4165143,"lon":-121.9528699,"city":"San Jose","state":"CA","address":"","name":"Hyatt House San Jose/Silicon Valley"},
  {"lat":37.7779643,"lon":-121.9780123,"city":"San Ramon","state":"CA","address":"","name":"Hyatt House San Ramon"},
  {"lat":37.3945221,"lon":-121.944701,"city":"Santa Clara","state":"CA","address":"","name":"Hyatt House Santa Clara"},
  {"lat":38.3938472,"lon":-121.9546033,"city":"Vacaville","state":"CA","address":"","name":"Hyatt House Vacaville"},
  {"lat":39.9403062,"lon":-105.124998,"city":"Boulder","state":"CO","address":"","name":"Hyatt House Boulder/Broomfield"},
  {"lat":38.7888941,"lon":-104.7270317,"city":"Colorado Springs","state":"CO","address":"","name":"Hyatt House Colorado Springs Airport"},
  {"lat":39.8265239,"lon":-104.7691887,"city":"Denver","state":"CO","address":"","name":"Hyatt House Denver Airport"},
  {"lat":39.5907574,"lon":-104.87941,"city":"Denver","state":"CO","address":"","name":"Hyatt House Denver Tech Center"},
  {"lat":41.8701932,"lon":-72.6673719,"city":"Hartford","state":"CT","address":"","name":"Hyatt House Hartford North/Windsor"},
  {"lat":41.2688871,"lon":-73.1270608,"city":"Shelton","state":"CT","address":"","name":"Hyatt House Shelton"},
  {"lat":38.878548,"lon":-77.024001,"city":"Washington Dc","state":"DC","address":"","name":"Hyatt House Washington DC / The Wharf"},
  {"lat":25.7812306,"lon":-80.2897462,"city":"Miami","state":"FL","address":"","name":"Hyatt House Miami Airport"},
  {"lat":26.1412836,"lon":-81.7874079,"city":"Naples","state":"FL","address":"","name":"Hyatt House Naples/5th Avenue"},
  {"lat":27.9569096,"lon":-82.5325306,"city":"Tampa","state":"FL","address":"","name":"Hyatt House Tampa Airport / Westshore"},
  {"lat":33.9120504,"lon":-84.352543,"city":"Atlanta","state":"GA","address":"","name":"Hyatt House Atlanta / Perimeter Center"},
  {"lat":33.8829635,"lon":-84.4535145,"city":"Atlanta","state":"GA","address":"","name":"Hyatt House Atlanta/Cobb Galleria"},
  {"lat":33.7647522,"lon":-84.3970728,"city":"Atlanta","state":"GA","address":"","name":"Hyatt House Atlanta/Downtown"},
  {"lat":33.4778106,"lon":-81.9745633,"city":"Augusta","state":"GA","address":"","name":"Hyatt House Augusta / Downtown"},
  {"lat":41.8738519,"lon":-87.6720105,"city":"Chicago","state":"IL","address":"","name":"Hyatt House Chicago - Medical / University District"},
  {"lat":41.8832667,"lon":-87.6552347,"city":"Chicago","state":"IL","address":"","name":"Hyatt House Chicago / West Loop-Fulton Market"},
  {"lat":42.0455168,"lon":-87.6794851,"city":"Chicago","state":"IL","address":"","name":"Hyatt House Chicago/Evanston"},
  {"lat":42.047004,"lon":-88.0487972,"city":"Chicago","state":"IL","address":"","name":"Hyatt House Chicago/Schaumburg"},
  {"lat":41.520792,"lon":-90.4566134,"city":"East Moline","state":"IL","address":"","name":"Hyatt House East Moline / Quad Cities"},
  {"lat":39.7647307,"lon":-86.156708,"city":"Indianapolis","state":"IN","address":"","name":"Hyatt House Indianapolis / Downtown"},
  {"lat":29.9504324,"lon":-90.0769488,"city":"New Orleans","state":"LA","address":"","name":"Hyatt House New Orleans/Downtown"},
  {"lat":42.4829372,"lon":-71.1960733,"city":"Boston","state":"MA","address":"","name":"Hyatt House Boston/Burlington"},
  {"lat":44.0267747,"lon":-92.4650354,"city":"Rochester","state":"MN","address":"","name":"Hyatt House Rochester / Mayo Clinic Area"},
  {"lat":40.7159431,"lon":-74.0338805,"city":"Jersey City","state":"NJ","address":"","name":"Hyatt House Jersey City"},
  {"lat":40.7923234,"lon":-74.433479,"city":"Morristown","state":"NJ","address":"","name":"Hyatt House Morristown"},
  {"lat":39.9161719,"lon":-74.9480413,"city":"Hyatt House Mt. Laurel","state":"NJ","address":"","name":"Hyatt House Mt. Laurel"},
  {"lat":40.83722,"lon":-74.4422887,"city":"Parsippany","state":"NJ","address":"","name":"Hyatt House Parsippany/Whippany"},
  {"lat":32.3719937,"lon":-104.2323015,"city":"Carlsbad","state":"NM","address":"","name":"Hyatt House Carlsbad"},
  {"lat":41.5283352,"lon":-73.8970244,"city":"Fishkill","state":"NY","address":"","name":"Hyatt House Fishkill/Poughkeepsie"},
  {"lat":40.746287,"lon":-73.9906998,"city":"New York City","state":"NY","address":"","name":"Hyatt House New York/Chelsea"},
  {"lat":41.0200692,"lon":-73.7239565,"city":"White Plains","state":"NY","address":"","name":"Hyatt House White Plains"},
  {"lat":35.224188,"lon":-80.8390534,"city":"Charlotte","state":"NC","address":"","name":"Hyatt House Charlotte/Center City"},
  {"lat":35.8955711,"lon":-78.8064774,"city":"Raleigh","state":"NC","address":"","name":"Hyatt House Raleigh / RDU / Brier Creek"},
  {"lat":35.7885737,"lon":-78.6393777,"city":"Raleigh","state":"NC","address":"","name":"Hyatt House Raleigh Downtown / Seaboard Station"},
  {"lat":35.8550477,"lon":-78.8406342,"city":"Raleigh","state":"NC","address":"","name":"Hyatt House Raleigh Durham Airport"},
  {"lat":35.8364217,"lon":-78.6380836,"city":"Raleigh","state":"NC","address":"","name":"Hyatt House Raleigh North Hills"},
  {"lat":48.2613388,"lon":-101.3334687,"city":"Minot","state":"ND","address":"","name":"Hyatt House Minot"},
  {"lat":45.4905057,"lon":-122.808608,"city":"Portland","state":"OR","address":"","name":"Hyatt House Portland / Beaverton"},
  {"lat":45.5074294,"lon":-122.6736237,"city":"Portland","state":"OR","address":"","name":"Hyatt House Portland/Downtown"},
  {"lat":40.0927356,"lon":-75.3932848,"city":"Philadelphia","state":"PA","address":"","name":"Hyatt House Philadelphia/King of Prussia"},
  {"lat":40.1381985,"lon":-75.3045004,"city":"Philadelphia","state":"PA","address":"","name":"Hyatt House Philadelphia/Plymouth Meeting"},
  {"lat":40.4283416,"lon":-79.9641115,"city":"Pittsburgh","state":"PA","address":"","name":"Hyatt House Pittsburgh-South Side"},
  {"lat":40.456939,"lon":-79.9392804,"city":"Pittsburgh","state":"PA","address":"","name":"Hyatt House Pittsburgh/Bloomfield/Shadyside"},
  {"lat":18.4566116,"lon":-66.0878155,"city":"San Juan","state":"PR","address":"","name":"Hyatt House San Juan"},
  {"lat":32.8161603,"lon":-79.8409012,"city":"Charleston","state":"SC","address":"","name":"Hyatt House Charleston / Mount Pleasant"},
  {"lat":32.7930812,"lon":-79.9406916,"city":"Charleston","state":"SC","address":"","name":"Hyatt House Charleston/Historic District"},
  {"lat":35.9390013,"lon":-86.8228849,"city":"Nashville","state":"TN","address":"","name":"Hyatt House Nashville / Franklin - Cool Springs"},
  {"lat":30.6640814,"lon":-96.3239505,"city":"Bryan","state":"TX","address":"","name":"Hyatt House Bryan / College Station"},
  {"lat":32.9565724,"lon":-96.8280687,"city":"Dallas","state":"TX","address":"","name":"Hyatt House Dallas/Addison"},
  {"lat":33.1020305,"lon":-96.8171334,"city":"Dallas","state":"TX","address":"","name":"Hyatt House Dallas/Frisco"},
  {"lat":32.8928658,"lon":-96.9619437,"city":"Dallas","state":"TX","address":"","name":"Hyatt House Dallas/Las Colinas"},
  {"lat":32.8624502,"lon":-96.771284,"city":"Dallas","state":"TX","address":"","name":"Hyatt House Dallas/Lincoln Park"},
  {"lat":32.7949873,"lon":-96.8102371,"city":"Dallas","state":"TX","address":"","name":"Hyatt House Dallas/Uptown"},
  {"lat":29.7292523,"lon":-95.4679032,"city":"Houston","state":"TX","address":"","name":"Hyatt House Houston/Galleria"},
  {"lat":40.3578072,"lon":-111.764067,"city":"Provo","state":"UT","address":"","name":"Hyatt House Provo / Pleasant Grove"},
  {"lat":40.7664848,"lon":-111.9001207,"city":"Salt Lake City","state":"UT","address":"","name":"Hyatt House Salt Lake City/Downtown"},
  {"lat":38.9564895,"lon":-77.3758805,"city":"Herndon","state":"VA","address":"","name":"Hyatt House Herndon/Reston"},
  {"lat":37.6570256,"lon":-77.6183036,"city":"Richmond","state":"VA","address":"","name":"Hyatt House Richmond / Short Pump"},
  {"lat":36.8558687,"lon":-75.9768703,"city":"Virginia Beach","state":"VA","address":"","name":"Hyatt House Virginia Beach / Oceanfront"},
  {"lat":47.5806773,"lon":-122.1542337,"city":"Seattle","state":"WA","address":"","name":"Hyatt House Seattle/Bellevue"}]}