{"key":"irving","displayName":"Irving","category":"gas_station","useLocationName":false,"locations":[
  {"lat":42.7401,"lon":-71.426,"city":"Hudson","state":"NH","address":"4 Executive Dr, Hudson, New Hampshire 03051","name":""},
  {"lat":42.7401,"lon":-71.426,"city":"Hudson","state":"NH","address":"4 Executive Dr, Hudson, New Hampshire 03051","name":""},
  {"lat":46.89672,"lon":-67.39471,"city":"Plaster Rock","state":"ME","address":"162 Main St, Plaster Rock, New Brunswick E7G 2E4","name":""},
  {"lat":47.076917,"lon":-67.767706,"city":"St. Andre","state":"ME","address":"121 Route 255, St. Andre, New Brunswick E3Y 3N5","name":""},
  {"lat":46.122652,"lon":-67.605679,"city":"Hwy 2","state":"ME","address":"198 Beardsley Rd, Hwy 2, Exit 191, Beardsley, New Brunswick E7M 3Z7","name":""},
  {"lat":42.884899,"lon":-72.54384,"city":"Chesterfield","state":"VT","address":"85 Route 9, Chesterfield, New Hampshire 03466","name":""},
  {"lat":42.948835,"lon":-72.319989,"city":"Keene","state":"NH","address":"650 Park Ave, Keene, New Hampshire 03431","name":""},
  {"lat":44.916264,"lon":-69.262853,"city":"Corinna","state":"ME","address":"60 Newport Rd, Corinna, Maine 04928","name":""},
  {"lat":44.910572,"lon":-69.4112,"city":"St Albans","state":"ME","address":"6 Main St, St Albans, Maine 04971","name":""},
  {"lat":44.519773,"lon":-72.001505,"city":"Lyndonville","state":"VT","address":"12 Broad St, Lyndonville, Vermont 05851","name":""},
  {"lat":42.866849,"lon":-72.335411,"city":"West Swanzey","state":"NH","address":"765 NH-10, West Swanzey, New Hampshire 03469","name":""},
  {"lat":45.054741,"lon":-66.787074,"city":"Black'S Harbour","state":"ME","address":"2 Wallace Cove Rd, Black'S Harbour, New Brunswick E5H 1H1","name":""},
  {"lat":45.59516,"lon":-67.312224,"city":"McAdam","state":"ME","address":"153 Harvey Rd, McAdam, New Brunswick E6J 1A1","name":""},
  {"lat":45.20765,"lon":-67.27015,"city":"St. Stephen","state":"ME","address":"5 NB 170, St. Stephen, New Brunswick E3L 2C1","name":""},
  {"lat":46.14226,"lon":-67.582628,"city":"Woodstock","state":"ME","address":"195 Broadway St, Woodstock, New Brunswick E7M 1B8","name":""},
  {"lat":45.177,"lon":-67.29607,"city":"Milltown","state":"ME","address":"419 Milltown Blvd, Milltown, New Brunswick E3L 1J5","name":""},
  {"lat":46.896346,"lon":-67.395279,"city":"Route 108","state":"ME","address":"162 MAIN STREET, Route 108, PLASTER ROCK, New Brunswick E7G2E4","name":""},
  {"lat":46.122188,"lon":-67.606161,"city":"Hwy 2","state":"ME","address":"198 BEARDSLEY RD, HWY 2, EXIT 191, BEARDSLEY, New Brunswick E2M3Z7","name":""},
  {"lat":45.874191,"lon":-68.416101,"city":"Sherman","state":"ME","address":"P.O. BOX 407, SHERMAN, Maine 04776","name":""},
  {"lat":44.594591,"lon":-69.618292,"city":"Exit 133","state":"ME","address":"204 CENTER ROAD, EXIT 133, FAIRFIELD, Maine 04937","name":""},
  {"lat":45.221941,"lon":-67.569119,"city":"Princeton","state":"ME","address":"87 MAIN STREET, PRINCETON, Maine 04668","name":""},
  {"lat":45.609939,"lon":-68.524208,"city":"Medway","state":"ME","address":"1941 MEDWAY ROAD, MEDWAY, Maine 04460","name":""},
  {"lat":43.685712,"lon":-70.328218,"city":"Portland","state":"ME","address":"270 RIVERSIDE ST, PORTLAND, Maine 04103","name":""},
  {"lat":44.3241,"lon":-69.8651,"city":"Manchester","state":"ME","address":"759 Western Ave, Manchester, Maine 04351","name":""},
  {"lat":43.985,"lon":-69.6969,"city":"Wiscasset","state":"ME","address":"639 Bath Rd, Wiscasset, Maine 04578","name":""},
  {"lat":44.764857,"lon":-68.706557,"city":"Holden","state":"ME","address":"87 MAIN RD, HOLDEN, Maine 04429","name":""},
  {"lat":44.785594,"lon":-69.731386,"city":"Skowhegan","state":"ME","address":"374 MADISON AVE, SKOWHEGAN, Maine 04976","name":""},
  {"lat":43.583943,"lon":-70.361732,"city":"Scarborough","state":"ME","address":"401 US ROUTE 1, SCARBOROUGH, Maine 04074","name":""},
  {"lat":44.348623,"lon":-69.796071,"city":"Augusta","state":"ME","address":"284 CIVIC CENTER DR, AUGUSTA, Maine 04332","name":""},
  {"lat":45.362301,"lon":-68.515862,"city":"Lincoln","state":"ME","address":"114 WEST BROADWAY, LINCOLN, Maine 04457","name":""},
  {"lat":43.478186,"lon":-70.493858,"city":"Biddeford","state":"ME","address":"513 ALFRED RD, BIDDEFORD, Maine 04005","name":""},
  {"lat":43.099384,"lon":-70.747135,"city":"I-95 Exit 2","state":"ME","address":"103 RTE 1 BYPASS, I-95 EXIT 2, KITTERY, Maine 03904","name":""},
  {"lat":44.034695,"lon":-70.26681,"city":"I-95 Exit 75","state":"ME","address":"1813 WASHINGTON ST, I-95 EXIT 75, AUBURN, Maine 04210","name":""},
  {"lat":43.040513,"lon":-71.065125,"city":"Epping","state":"NH","address":"249 CALEF HWY, EPPING, New Hampshire 03042","name":""},
  {"lat":44.335377,"lon":-69.759206,"city":"Augusta","state":"ME","address":"5 Denali Way, Augusta, Maine 04330","name":""},
  {"lat":44.594547,"lon":-69.617937,"city":"Fairfield","state":"ME","address":"204 Centre Rd, Fairfield, Maine 04937","name":""},
  {"lat":44.538936,"lon":-68.317704,"city":"Hancock","state":"ME","address":"750 Us Route 1, Hancock, Maine 04640","name":""},
  {"lat":44.829665,"lon":-68.740943,"city":"Bangor","state":"ME","address":"633 Hogan Rd, Bangor, Maine 04401","name":""},
  {"lat":43.862582,"lon":-70.10605,"city":"Freeport","state":"ME","address":"57 Mallett Dr, Freeport, Maine 04032","name":""},
  {"lat":43.842171,"lon":-70.119107,"city":"Freeport","state":"ME","address":"574 Us Route 1, Freeport, Maine 04032","name":""},
  {"lat":44.014295,"lon":-70.361686,"city":"Poland","state":"ME","address":"4 Spring Water Rd, Poland, Maine 04274","name":""},
  {"lat":44.166761,"lon":-68.691926,"city":"Stonington","state":"ME","address":"1 Burnt Cove Rd, Stonington, Maine 04681","name":""},
  {"lat":44.217478,"lon":-68.67473,"city":"Deer Isle","state":"ME","address":"107 Church St, Deer Isle, Maine 04627","name":""},
  {"lat":44.590551,"lon":-69.595189,"city":"Fairfield","state":"ME","address":"227 Main St, Fairfield, Maine 04937","name":""},
  {"lat":44.761837,"lon":-69.564772,"city":"Canaan","state":"ME","address":"247 Main St, Canaan, Maine 04924","name":""},
  {"lat":44.479935,"lon":-69.509506,"city":"China","state":"ME","address":"1390 Lakeview Dr, China, Maine 04358","name":""},
  {"lat":44.603485,"lon":-69.659597,"city":"Fairfield","state":"ME","address":"149 Norridgewock Rd, Fairfield, Maine 04937","name":""},
  {"lat":45.123068,"lon":-67.348841,"city":"Baileyville","state":"ME","address":"32 Houlton Rd, Baileyville, Maine 04694","name":""},
  {"lat":45.609737,"lon":-68.523788,"city":"Medway","state":"ME","address":"1941 Medway Rd, Medway, Maine 04460","name":""},
  {"lat":43.881325,"lon":-70.465297,"city":"Raymond","state":"ME","address":"1239 Roosevelt Trail, Raymond, Maine 04071","name":""},
  {"lat":46.143084,"lon":-67.840147,"city":"I-95 Exit 302","state":"ME","address":"267 North Street, I-95 Exit 302, Houlton, Maine 04730","name":""},
  {"lat":44.322658,"lon":-69.84615,"city":"Manchester","state":"ME","address":"759 Western Ave, Manchester, Maine 04351","name":""},
  {"lat":45.874425,"lon":-68.416836,"city":"Sherman","state":"ME","address":"18 Main St, Sherman, Maine 04776","name":""},
  {"lat":44.119604,"lon":-69.101996,"city":"Rockland","state":"ME","address":"136 Camden St, Rockland, Maine 04841","name":""},
  {"lat":43.039005,"lon":-71.161958,"city":"Raymond","state":"NH","address":"51 ROUTE 27, RAYMOND, New Hampshire 03077","name":""},
  {"lat":43.616364,"lon":-71.638432,"city":"New Hampton","state":"NH","address":"290 ROUTE 104, NEW HAMPTON, New Hampshire 03256","name":""},
  {"lat":43.176255,"lon":-71.529913,"city":"I-93 Exit 12s","state":"NH","address":"500 ROUTE 3A, I-93 EXIT 12S, BOW JUNCTION, New Hampshire 03304","name":""},
  {"lat":44.396613,"lon":-71.194163,"city":"Gorham","state":"NH","address":"350 MAIN STREET, GORHAM, New Hampshire 03581","name":""},
  {"lat":43.289242,"lon":-71.833521,"city":"Warner","state":"NH","address":"32 Route 103 West at I-89, WARNER, New Hampshire 03278","name":""},
  {"lat":42.729311,"lon":-71.209967,"city":"Methuen","state":"MA","address":"181 PELHAM ST, METHUEN, Massachusetts 01844","name":""},
  {"lat":43.26426,"lon":-72.437267,"city":"I-91 Exit 7","state":"NH","address":"14 MISSING LINK RD, I-91 EXIT 7, SPRINGFIELD, Vermont 05156","name":""},
  {"lat":44.212485,"lon":-72.575546,"city":"Berlin","state":"VT","address":"159 Paine Turnpike North, Berlin, Vermont 05602","name":""},
  {"lat":42.544646,"lon":-71.874956,"city":"Westminster","state":"MA","address":"21 VILLAGE INN RD, WESTMINSTER, Massachusetts 01473","name":""},
  {"lat":44.539097,"lon":-68.416206,"city":"Ellsworth","state":"ME","address":"85 High St, Ellsworth, Maine 04605","name":""},
  {"lat":44.714404,"lon":-67.458093,"city":"Machias","state":"ME","address":"8 Main St, Machias, Maine 04654","name":""},
  {"lat":44.405115,"lon":-68.99073,"city":"Belfast","state":"ME","address":"209 Northport Ave, Belfast, Maine 04915","name":""},
  {"lat":44.818269,"lon":-68.774376,"city":"Bangor","state":"ME","address":"489 Broadway, Bangor, Maine 04401","name":""},
  {"lat":45.18097,"lon":-67.25982,"city":"Calais","state":"ME","address":"691 Main St, Calais, Maine 04619","name":""},
  {"lat":44.797583,"lon":-68.760493,"city":"Brewer","state":"ME","address":"304 N Main St, Brewer, Maine 04412","name":""},
  {"lat":45.222116,"lon":-67.569596,"city":"Princeton","state":"ME","address":"87 Main St, Princeton, Maine 04668","name":""},
  {"lat":43.685558,"lon":-70.328583,"city":"Portland","state":"ME","address":"270 Riverside St, Portland, Maine 04103","name":""},
  {"lat":45.183475,"lon":-69.251892,"city":"Dover-Foxcroft","state":"ME","address":"1021 W Main St, Dover-Foxcroft, Maine 04426","name":""},
  {"lat":43.629366,"lon":-70.293875,"city":"South Portland","state":"ME","address":"327 Main St, South Portland, Maine 04106","name":""},
  {"lat":44.787881,"lon":-68.778404,"city":"Bangor","state":"ME","address":"545 Main St, Bangor, Maine 04401","name":""},
  {"lat":44.906032,"lon":-68.688755,"city":"Orono","state":"ME","address":"2 Stillwater Ave, Orono, Maine 04473","name":""},
  {"lat":45.184396,"lon":-67.282547,"city":"Calais","state":"ME","address":"175 North St, Calais, Maine 04619","name":""},
  {"lat":43.91193,"lon":-69.995645,"city":"Brunswick","state":"ME","address":"205 Pleasant St, Brunswick, Maine 04011","name":""},
  {"lat":44.619994,"lon":-67.798653,"city":"Harrington","state":"ME","address":"1141 E Main St, Harrington, Maine 04643","name":""},
  {"lat":44.663892,"lon":-70.148794,"city":"Farmington","state":"ME","address":"309 Main St, Farmington, Maine 04938","name":""},
  {"lat":44.101616,"lon":-69.380859,"city":"Waldoboro","state":"ME","address":"1555 Atlantic Hwy, Waldoboro, Maine 04572","name":""},
  {"lat":44.12051,"lon":-70.203243,"city":"Lewiston","state":"ME","address":"674 Main St, Lewiston, Maine 04210","name":""},
  {"lat":43.633571,"lon":-70.314576,"city":"South Portland","state":"ME","address":"474 Westbrook St, South Portland, Maine 04106","name":""},
  {"lat":44.22276,"lon":-70.514599,"city":"South Paris","state":"ME","address":"32 Main St, South Paris, Maine 04281","name":""},
  {"lat":43.862362,"lon":-69.627335,"city":"Boothbay Harbor","state":"ME","address":"199 Townsend Ave, Boothbay Harbor, Maine 04538","name":""},
  {"lat":43.649054,"lon":-70.333418,"city":"Portland","state":"ME","address":"2282 Congress St, Portland, Maine 04101","name":""},
  {"lat":42.899763,"lon":-72.429777,"city":"Spofford","state":"NH","address":"1474 Route 9, Spofford, New Hampshire 03462","name":""},
  {"lat":43.422743,"lon":-71.999542,"city":"New London","state":"NH","address":"220 Newport Rd., New London, New Hampshire 03257","name":""},
  {"lat":43.431925,"lon":-72.065769,"city":"Georges Mills","state":"NH","address":"1281 Route 11, Georges Mills, New Hampshire 03751","name":""},
  {"lat":43.436619,"lon":-71.822372,"city":"Andover","state":"NH","address":"193 Main Street, Andover, New Hampshire 03216","name":""},
  {"lat":44.081612,"lon":-70.256889,"city":"Auburn","state":"ME","address":"700 Minot Ave, Auburn, Maine 04210","name":""},
  {"lat":43.975711,"lon":-69.708791,"city":"Wiscasset","state":"ME","address":"639 Bath Rd, Wiscasset, Maine 04578","name":""},
  {"lat":43.305053,"lon":-70.584787,"city":"Wells","state":"ME","address":"1045 Post Rd, Wells, Maine 04090","name":""},
  {"lat":44.797848,"lon":-69.880938,"city":"Madison","state":"ME","address":"92 Main St, Madison, Maine 04950","name":""},
  {"lat":44.544959,"lon":-69.676684,"city":"Waterville","state":"ME","address":"445 Kennedy Memorial Dr, Waterville, Maine 04901","name":""},
  {"lat":44.34914,"lon":-69.796247,"city":"Augusta","state":"ME","address":"284 Civic Center Dr, Augusta, Maine 04332","name":""},
  {"lat":43.619347,"lon":-70.30617,"city":"South Portland","state":"ME","address":"690 Main St, South Portland, Maine 04106","name":""},
  {"lat":44.785711,"lon":-69.731662,"city":"Skowhegan","state":"ME","address":"374 Madison Ave, Skowhegan, Maine 04976","name":""},
  {"lat":45.657469,"lon":-68.691877,"city":"Millinocket","state":"ME","address":"719 Central Avenue, Millinocket, Maine 04462","name":""},
  {"lat":44.424946,"lon":-70.797358,"city":"Bethel","state":"ME","address":"211 Mayville Rd, Bethel, Maine 04217","name":""},
  {"lat":43.638509,"lon":-72.264672,"city":"Lebanon","state":"NH","address":"119 Mechanic St, Lebanon, New Hampshire 03766","name":""},
  {"lat":46.136308,"lon":-67.839541,"city":"Houlton","state":"ME","address":"112 North St, Houlton, Maine 04730","name":""},
  {"lat":43.040105,"lon":-71.470817,"city":"Hooksett","state":"NH","address":"28 W River Rd, Hooksett, New Hampshire 03106","name":""},
  {"lat":43.586095,"lon":-71.206588,"city":"Route 28","state":"NH","address":"28 Center St., Route 28, Wolfeboro, New Hampshire 03894","name":""},
  {"lat":43.121399,"lon":-71.441793,"city":"Allenstown","state":"NH","address":"24 Allenstown Rd, Allenstown, New Hampshire 03275","name":""},
  {"lat":42.929044,"lon":-71.46077,"city":"Bedford","state":"NH","address":"4 Technology Dr, Bedford, New Hampshire 03110","name":""},
  {"lat":43.029063,"lon":-71.440579,"city":"Hooksett","state":"NH","address":"6 Bell Ave, Hooksett, New Hampshire 03106","name":""},
  {"lat":42.818874,"lon":-71.413928,"city":"Hudson","state":"NH","address":"329 Derry Rd, Hudson, New Hampshire 03051","name":""},
  {"lat":44.781203,"lon":-71.137778,"city":"Errol","state":"NH","address":"25 Main St, Errol, New Hampshire 03579","name":""},
  {"lat":42.974848,"lon":-71.513835,"city":"Bedford","state":"NH","address":"8 White Ave, Bedford, New Hampshire 03110","name":""},
  {"lat":44.566785,"lon":-71.550482,"city":"Northumberland","state":"NH","address":"611 Lancaster Rd, Northumberland, New Hampshire 03582","name":""},
  {"lat":43.042026,"lon":-71.304181,"city":"Candia","state":"NH","address":"285 Old Candia Rd, Candia, New Hampshire 03034","name":""},
  {"lat":43.199162,"lon":-71.551735,"city":"Concord","state":"NH","address":"190 Pleasant St, Concord, New Hampshire 03301","name":""},
  {"lat":43.109842,"lon":-71.475688,"city":"Hooksett","state":"NH","address":"530 West River Rd, Hooksett, New Hampshire 03106","name":""},
  {"lat":43.444513,"lon":-71.475707,"city":"Belmont","state":"NH","address":"944 Laconia Rd, Belmont, New Hampshire 03220","name":""},
  {"lat":43.259712,"lon":-71.580429,"city":"Concord","state":"NH","address":"114 Fisherville Rd, Concord, New Hampshire 03301","name":""},
  {"lat":43.362131,"lon":-72.171614,"city":"Newport","state":"NH","address":"27 S Main St, Newport, New Hampshire 03773","name":""},
  {"lat":44.280337,"lon":-71.686319,"city":"Bethlehem","state":"NH","address":"2164 Main St, Bethlehem, New Hampshire 03574","name":""},
  {"lat":43.616182,"lon":-71.63864,"city":"New Hampton","state":"NH","address":"290 Route 104, New Hampton, New Hampshire 03256","name":""},
  {"lat":43.040548,"lon":-71.065117,"city":"Epping","state":"NH","address":"249 Calef Hwy, Epping, New Hampshire 03042","name":""},
  {"lat":43.047613,"lon":-71.461246,"city":"Hooksett","state":"NH","address":"86 W River Rd, Hooksett, New Hampshire 03106","name":""},
  {"lat":43.195171,"lon":-71.152823,"city":"Northwood","state":"NH","address":"185 1st NH Turnpike, Northwood, New Hampshire 03261","name":""},
  {"lat":43.478086,"lon":-70.49459,"city":"Biddeford","state":"ME","address":"513 Alfred St, Biddeford, Maine 04005","name":""},
  {"lat":44.110522,"lon":-71.179358,"city":"Glen","state":"NH","address":"Junction Route 16 & 302, Glen, New Hampshire 03838","name":""},
  {"lat":43.540769,"lon":-71.465827,"city":"Laconia","state":"NH","address":"535 Union Ave, Laconia, New Hampshire 03246","name":""},
  {"lat":43.584431,"lon":-70.361671,"city":"Scarborough","state":"ME","address":"401 Us Route 1, Scarborough, Maine 04074","name":""},
  {"lat":43.150137,"lon":-70.667587,"city":"York","state":"ME","address":"454 Us Route 1, York, Maine 03909","name":""},
  {"lat":43.420532,"lon":-70.757191,"city":"Sanford","state":"ME","address":"1227 Main St, Sanford, Maine 04073","name":""},
  {"lat":45.361958,"lon":-68.515373,"city":"Lincoln","state":"ME","address":"114 W Broadway, Lincoln, Maine 04457","name":""},
  {"lat":46.113378,"lon":-68.160403,"city":"Oakfield","state":"ME","address":"236 Smyrna Rd, Oakfield, Maine 04763","name":""},
  {"lat":43.528311,"lon":-70.426641,"city":"Saco","state":"ME","address":"775 Portland Rd, Saco, Maine 04072","name":""},
  {"lat":47.248929,"lon":-68.600977,"city":"Fort Kent","state":"ME","address":"308 W Main St, Fort Kent, Maine 04743","name":""},
  {"lat":46.863093,"lon":-68.004731,"city":"Caribou","state":"ME","address":"35 Bennett Dr, Caribou, Maine 04736","name":""},
  {"lat":44.102692,"lon":-70.225685,"city":"Auburn","state":"ME","address":"21 Center St, Auburn, Maine 04210","name":""},
  {"lat":44.74423,"lon":-68.837701,"city":"Hampden","state":"ME","address":"63 Main Rd N, Hampden, Maine 04444","name":""},
  {"lat":46.698753,"lon":-68.010002,"city":"Presque Isle","state":"ME","address":"800 Main St, Presque Isle, Maine 04769","name":""},
  {"lat":44.790078,"lon":-68.811058,"city":"Bangor","state":"ME","address":"301 Odlin Rd, Bangor, Maine 04401","name":""},
  {"lat":43.735507,"lon":-70.296621,"city":"Falmouth","state":"ME","address":"65 Gray Rd W, Falmouth, Maine 04105","name":""},
  {"lat":44.570766,"lon":-68.787055,"city":"Bucksport","state":"ME","address":"31 US Route 1, Bucksport, Maine 04416","name":""},
  {"lat":43.701986,"lon":-71.109223,"city":"Ossipee","state":"NH","address":"885 Route 16, Ossipee, New Hampshire 03864","name":""},
  {"lat":43.038966,"lon":-71.161669,"city":"Raymond","state":"NH","address":"51 Route 27, Raymond, New Hampshire 03077","name":""},
  {"lat":43.129403,"lon":-70.770238,"city":"Eliot","state":"ME","address":"162 Harold L Dow Hwy, Eliot, Maine 03903","name":""},
  {"lat":43.937183,"lon":-69.971321,"city":"Topsham","state":"ME","address":"4 Hamilton Ct, Topsham, Maine 04086","name":""},
  {"lat":43.650467,"lon":-70.257965,"city":"Portland","state":"ME","address":"393 Commercial St, Portland, Maine 04101","name":""},
  {"lat":43.099048,"lon":-70.747544,"city":"I-95 Exit 2","state":"ME","address":"103 Route 1 Bypass, I-95 Exit 2, Kittery, Maine 03904","name":""},
  {"lat":44.385586,"lon":-69.359876,"city":"Liberty","state":"ME","address":"498 Belfast Augusta Road, Liberty, Maine 04949","name":""},
  {"lat":43.907047,"lon":-69.935519,"city":"Brunswick","state":"ME","address":"142 Bath Rd, Brunswick, Maine 04011","name":""},
  {"lat":44.46947,"lon":-69.834201,"city":"Belgrade","state":"ME","address":"932 Augusta Rd, Belgrade, Maine 04917","name":""},
  {"lat":44.400926,"lon":-69.032675,"city":"Belfast","state":"ME","address":"6 Back Belmont Rd, Belfast, Maine 04915","name":""},
  {"lat":45.395557,"lon":-68.135608,"city":"Route 6","state":"ME","address":"985 Main St., Route 6, Springfield, Maine 04487","name":""},
  {"lat":43.175537,"lon":-71.529772,"city":"I-93 Exit 12S","state":"NH","address":"500 Route 3A, I-93 Exit 12S, Bow, New Hampshire 03304","name":""},
  {"lat":43.221939,"lon":-71.494637,"city":"Concord","state":"NH","address":"231 Loudon Rd, Concord, New Hampshire 03301","name":""},
  {"lat":43.498837,"lon":-71.026205,"city":"Sanbornville","state":"NH","address":"18 Wakefield Rd, Sanbornville, New Hampshire 03872","name":""},
  {"lat":44.751743,"lon":-72.180782,"city":"Barton","state":"VT","address":"452 Main St, Barton, Vermont 05822","name":""},
  {"lat":45.004254,"lon":-72.100334,"city":"Derby Line","state":"VT","address":"109 Main St N, Derby Line, Vermont 05830","name":""},
  {"lat":43.613341,"lon":-72.965174,"city":"Rutland","state":"VT","address":"86 Woodstock Ave, Rutland, Vermont 05701","name":""},
  {"lat":43.661187,"lon":-72.340679,"city":"Hartford","state":"VT","address":"1477 Maple St, Hartford, Vermont 05047","name":""},
  {"lat":43.086315,"lon":-72.439029,"city":"Westminster","state":"VT","address":"5190 Us Route 5, Westminster, Vermont 05159","name":""},
  {"lat":42.836877,"lon":-72.565526,"city":"Brattleboro","state":"VT","address":"564 Canal St, Brattleboro, Vermont 05301","name":""},
  {"lat":42.209972,"lon":-71.184375,"city":"Norwood","state":"MA","address":"69 Providence Hwy, Norwood, Massachusetts 02062","name":""},
  {"lat":43.264286,"lon":-72.436442,"city":"I-91 Exit 7","state":"NH","address":"14 Missing Link Rd, I-91 Exit 7, Springfield, Vermont 05156","name":""},
  {"lat":42.14991,"lon":-72.814796,"city":"Westfield","state":"MA","address":"1400 Russell Rd, Westfield, Massachusetts 01085","name":""},
  {"lat":42.354221,"lon":-71.134811,"city":"Allston","state":"MA","address":"434 Cambridge St, Allston, Massachusetts 02134","name":""},
  {"lat":43.031125,"lon":-70.78712,"city":"Portsmouth","state":"NH","address":"2470 Lafayette Rd, Portsmouth, New Hampshire 03801","name":""},
  {"lat":42.791817,"lon":-71.235518,"city":"Salem","state":"NH","address":"238 N Broadway, Salem, New Hampshire 03079","name":""},
  {"lat":42.841517,"lon":-71.718758,"city":"Milford","state":"NH","address":"792 Elm St, Milford, New Hampshire 03055","name":""},
  {"lat":44.020175,"lon":-71.116052,"city":"North Conway","state":"NH","address":"1500 White Mountain Hwy, North Conway, New Hampshire 03860","name":""},
  {"lat":43.289254,"lon":-71.833971,"city":"Warner","state":"NH","address":"32 Rte 103 W, Warner, New Hampshire 03278","name":""},
  {"lat":43.497305,"lon":-72.134943,"city":"Grantham","state":"NH","address":"84 Route 10 South, Grantham, New Hampshire 03753","name":""},
  {"lat":43.501165,"lon":-71.461633,"city":"Belmont","state":"NH","address":"9 Plummer Hill Rd, Belmont, New Hampshire 03220","name":""},
  {"lat":42.729961,"lon":-71.210342,"city":"Methuen","state":"MA","address":"181 Pelham St, Methuen, Massachusetts 01844","name":""},
  {"lat":43.661511,"lon":-71.494248,"city":"Meredith","state":"NH","address":"81 Nh Route 25, Meredith, New Hampshire 03253","name":""},
  {"lat":43.258174,"lon":-70.97913,"city":"Rochester","state":"NH","address":"201 Gonic Rd, Rochester, New Hampshire 03839","name":""},
  {"lat":42.468971,"lon":-72.613609,"city":"Whately","state":"MA","address":"1 Sunderland Rd, Whately, Massachusetts 01093","name":""},
  {"lat":42.471191,"lon":-72.615615,"city":"Rt 191","state":"MA","address":"1 Greenfield Road, Rt 191, South Deerfield, Massachusetts 01373","name":""},
  {"lat":42.586212,"lon":-72.624565,"city":"Rt 91","state":"MA","address":"223 Mohawk Trail, Rt 91, Greenfield, Massachusetts 01301","name":""},
  {"lat":41.787209,"lon":-71.077309,"city":"Assonet","state":"MA","address":"68 S Main St, Assonet, Massachusetts 02702","name":""},
  {"lat":41.819374,"lon":-71.375228,"city":"East Providence","state":"RI","address":"155 Taunton Ave, East Providence, Rhode Island 02914","name":""},
  {"lat":41.770565,"lon":-70.957512,"city":"East Freetown","state":"MA","address":"4 Chace Rd, East Freetown, Massachusetts 02717","name":""},
  {"lat":41.666352,"lon":-72.602651,"city":"S. Glastonbury","state":"CT","address":"890 Main St, S. Glastonbury, Connecticut 06073","name":""},
  {"lat":44.098743,"lon":-69.864925,"city":"Richmond","state":"ME","address":"712 Main St, Richmond, Maine 04357","name":""},
  {"lat":43.699857,"lon":-72.289706,"city":"Hanover","state":"NH","address":"73 Main Street, Hanover, New Hampshire 03755","name":""},
  {"lat":43.64953,"lon":-72.311014,"city":"West Lebanon","state":"VT","address":"89 Main St, West Lebanon, New Hampshire 03784","name":""},
  {"lat":43.432424,"lon":-71.867103,"city":"Andover","state":"NH","address":"718 Main St, Andover, New Hampshire 03216","name":""},
  {"lat":44.134242,"lon":-73.083734,"city":"Bristol","state":"VT","address":"42 West St, Bristol, Vermont 05443","name":""},
  {"lat":42.152061,"lon":-71.407745,"city":"Medway","state":"MA","address":"71 Main St, Medway, Massachusetts 02053","name":""},
  {"lat":44.55765,"lon":-72.608514,"city":"Morrisville","state":"VT","address":"621 Laporte Rd, Morrisville, Vermont 05661","name":""},
  {"lat":44.951603,"lon":-72.156739,"city":"Newport","state":"VT","address":"4397 Route 5, Newport, Vermont 05855","name":""},
  {"lat":44.980631,"lon":-73.454847,"city":"Champlain","state":"NY","address":"985 Route 11, Champlain, New York 12919","name":""},
  {"lat":42.64047,"lon":-72.004223,"city":"Winchendon","state":"MA","address":"93 Gardner Rd, Winchendon, Massachusetts 01475","name":""},
  {"lat":44.203485,"lon":-72.508707,"city":"Barre","state":"VT","address":"411 North Main St, Barre, Vermont 05641","name":""},
  {"lat":43.99167,"lon":-70.292641,"city":"New","state":"ME","address":"1029 Lewiston Rd, New Gloucester, Maine 04260","name":""},
  {"lat":43.823637,"lon":-72.60596,"city":"Bethel","state":"VT","address":"2069 Us Route 107, Bethel, Vermont 05032","name":""},
  {"lat":43.188954,"lon":-70.886058,"city":"Dover","state":"NH","address":"171 Silver St, Dover, New Hampshire 03820","name":""},
  {"lat":43.504293,"lon":-72.132829,"city":"Grantham","state":"NH","address":"249 Route 10 N, Grantham, New Hampshire 03753","name":""},
  {"lat":45.284361,"lon":-69.498997,"city":"Monson","state":"ME","address":"32 Tenney Hill Rd, Monson, Maine 04464","name":""},
  {"lat":45.02656,"lon":-69.288567,"city":"Dexter","state":"ME","address":"74 Church St, Dexter, Maine 04930","name":""},
  {"lat":45.305844,"lon":-69.035473,"city":"Brownville","state":"ME","address":"253 Main St, Brownville, Maine 04414","name":""},
  {"lat":45.167373,"lon":-69.385861,"city":"Guilford","state":"ME","address":"2 Elm St, Guilford, Maine 04443","name":""},
  {"lat":44.985837,"lon":-69.007112,"city":"Corinth","state":"ME","address":"624 Main Street, Corinth, Maine 04427","name":""},
  {"lat":44.785331,"lon":-69.400141,"city":"Pittsfield","state":"ME","address":"494 Somerset Ave, Pittsfield, Maine 04967","name":""},
  {"lat":44.938551,"lon":-73.044732,"city":"Highgate","state":"VT","address":"3108 Vt Route 78, Highgate, Vermont 05459","name":""},
  {"lat":44.882902,"lon":-68.672565,"city":"Orono","state":"ME","address":"53 Main St, Orono, Maine 04473","name":""},
  {"lat":42.511738,"lon":-71.043182,"city":"Wakefield","state":"MA","address":"448 Salem St, Wakefield, Massachusetts 01880","name":""},
  {"lat":42.744926,"lon":-71.109352,"city":"Haverhill","state":"MA","address":"32 Knipe Rd, Haverhill, Massachusetts 01835","name":""},
  {"lat":42.500621,"lon":-70.926594,"city":"Salem","state":"MA","address":"323 Highland Ave, Salem, Massachusetts 01970","name":""},
  {"lat":42.846369,"lon":-70.915461,"city":"Amesbury","state":"MA","address":"24 Rocky Hill Rd, Amesbury, Massachusetts 01913","name":""},
  {"lat":44.39675,"lon":-71.19429,"city":"Gorham","state":"NH","address":"350 Main St, Gorham, New Hampshire 03581","name":""},
  {"lat":43.699163,"lon":-71.643034,"city":"Ashland","state":"NH","address":"19 West St, Ashland, New Hampshire 03217","name":""},
  {"lat":44.459068,"lon":-71.187477,"city":"Berlin","state":"NH","address":"318 Glen Ave, Berlin, New Hampshire 03570","name":""},
  {"lat":43.979159,"lon":-71.116471,"city":"Conway","state":"NH","address":"7 White Mountain Hwy, Conway, New Hampshire 03818","name":""},
  {"lat":42.974213,"lon":-70.835063,"city":"North Hampton","state":"NH","address":"73 Lafayette Rd, North Hampton, New Hampshire 03862","name":""},
  {"lat":43.759867,"lon":-71.679665,"city":"Holderness","state":"NH","address":"95 Nh Route 175A, Holderness, New Hampshire 03245","name":""},
  {"lat":44.296778,"lon":-71.768784,"city":"Littleton","state":"NH","address":"336 Cottage St, Littleton, New Hampshire 03561","name":""},
  {"lat":43.235712,"lon":-70.881303,"city":"Somersworth","state":"NH","address":"425 High St, Somersworth, New Hampshire 03878","name":""},
  {"lat":43.070118,"lon":-70.93968,"city":"Newmarket","state":"NH","address":"78 Exeter Rd, Newmarket, New Hampshire 03857","name":""},
  {"lat":43.457047,"lon":-71.564067,"city":"Tilton","state":"NH","address":"90 Laconia Rd, Tilton, New Hampshire 03276","name":""},
  {"lat":44.468616,"lon":-71.184068,"city":"Berlin","state":"NH","address":"83 Pleasant St, Berlin, New Hampshire 03570","name":""},
  {"lat":43.178855,"lon":-70.901897,"city":"Dover","state":"NH","address":"165 Knox Marsh Rd, Dover, New Hampshire 03820","name":""},
  {"lat":43.212049,"lon":-70.994999,"city":"Barrington","state":"NH","address":"143 Route 9, Barrington, New Hampshire 03825","name":""},
  {"lat":42.885464,"lon":-70.869586,"city":"Seabrook","state":"NH","address":"361 Lafayette Rd, Seabrook, New Hampshire 03874","name":""},
  {"lat":43.11188,"lon":-71.917684,"city":"Hillsborough","state":"NH","address":"295 W Main St, Hillsborough, New Hampshire 03244","name":""},
  {"lat":44.2711,"lon":-71.5398,"city":"Bretton Woods","state":"NH","address":"2267 Route 302 E, Bretton Woods, New Hampshire 03595","name":""},
  {"lat":42.994247,"lon":-70.925698,"city":"Stratham","state":"NH","address":"2 Stratham Heights Rd, Stratham, New Hampshire 03885","name":""},
  {"lat":43.010425,"lon":-71.543529,"city":"Goffstown","state":"NH","address":"277 Mast Rd, Goffstown, New Hampshire 03045","name":""},
  {"lat":42.902329,"lon":-71.319635,"city":"Derry","state":"NH","address":"55 Bypass 28, Derry, New Hampshire 03038","name":""},
  {"lat":43.644088,"lon":-71.735213,"city":"Bridgewater","state":"NH","address":"408 Mayhew Turnpike, Bridgewater, New Hampshire 03222","name":""},
  {"lat":43.288918,"lon":-72.472423,"city":"Springfield","state":"VT","address":"197 Clinton St, Springfield, Vermont 05156","name":""},
  {"lat":42.914579,"lon":-71.366566,"city":"Londonderry","state":"NH","address":"124 Rockingham Rd, Londonderry, New Hampshire 03053","name":""},
  {"lat":42.914653,"lon":-71.450127,"city":"Manchester","state":"NH","address":"20 Roundstone Dr, Manchester, New Hampshire 03103","name":""},
  {"lat":43.375823,"lon":-72.334165,"city":"Claremont","state":"NH","address":"58 Washington St, Claremont, New Hampshire 03743","name":""},
  {"lat":44.41441,"lon":-72.132314,"city":"Danville","state":"VT","address":"421 Route 2 E, Danville, Vermont 05828","name":""},
  {"lat":41.547745,"lon":-73.019026,"city":"Waterbury","state":"CT","address":"1405 East Main St, Waterbury, Connecticut 06706","name":""},
  {"lat":44.418678,"lon":-72.029527,"city":"St. Johnsbury","state":"VT","address":"85 US Route 2 West, Saint Johnsbury, Vermont 05819","name":""},
  {"lat":44.280139,"lon":-72.421333,"city":"Plainfield","state":"VT","address":"8132 US Route 2, Plainfield, Vermont 05667","name":""},
  {"lat":44.802133,"lon":-73.088323,"city":"St Albans","state":"VT","address":"171 S Main St, St Albans, Vermont 05478","name":""},
  {"lat":44.03465,"lon":-70.266935,"city":"I-95 Exit 75","state":"ME","address":"1813 Washington St, I-95 Exit 75, Auburn, Maine 04210","name":""},
  {"lat":44.934757,"lon":-72.211624,"city":"Newport","state":"VT","address":"273-283 Main St, Newport, Vermont 05855","name":""},
  {"lat":44.6359,"lon":-70.153312,"city":"Farmington","state":"ME","address":"507 Wilton Rd, Farmington, Maine 04938","name":""},
  {"lat":43.002613,"lon":-70.919753,"city":"Stratham","state":"NH","address":"44 Portsmouth Ave, Stratham, New Hampshire 03885","name":""},
  {"lat":42.755,"lon":-72.0047,"city":"Rindge","state":"NH","address":"462 US Route 202, Rindge, New Hampshire 03461","name":""},
  {"lat":44.836449,"lon":-69.287328,"city":"Newport","state":"ME","address":"18 Moosehead Trl, Newport, Maine 04953","name":""},
  {"lat":42.93329,"lon":-72.293383,"city":"Keene","state":"NH","address":"410 West St, Keene, New Hampshire 03431","name":""},
  {"lat":44.064142,"lon":-71.686746,"city":"Lincoln","state":"NH","address":"467 US Route 3, Lincoln, New Hampshire 03251","name":""},
  {"lat":44.419027,"lon":-71.474328,"city":"Jefferson","state":"NH","address":"764 Presidential Hwy, Jefferson, New Hampshire 03583","name":""},
  {"lat":44.214646,"lon":-71.907913,"city":"Lisbon","state":"NH","address":"79 N Main St, Lisbon, New Hampshire 03585","name":""},
  {"lat":42.273457,"lon":-71.766579,"city":"Worcester","state":"MA","address":"310 Belmont St, Worcester, Massachusetts 01604","name":""},
  {"lat":43.148301,"lon":-71.006055,"city":"Lee","state":"NH","address":"48 Concord Rd, Lee, New Hampshire 03824","name":""},
  {"lat":43.834204,"lon":-70.438392,"city":"North Windham","state":"ME","address":"746 Roosevelt Trail, North Windham, Maine 04062","name":""},
  {"lat":44.18089,"lon":-70.515842,"city":"Oxford","state":"ME","address":"1332 Main St, Oxford, Maine 04270","name":""},
  {"lat":43.838967,"lon":-70.415972,"city":"Windham","state":"ME","address":"201 Tandberg Trl, Windham, Maine 04062","name":""},
  {"lat":44.014937,"lon":-70.982818,"city":"Fryeburg","state":"ME","address":"501 Main St, Fryeburg, Maine 04037","name":""},
  {"lat":41.968941,"lon":-71.021034,"city":"Bridgewater","state":"MA","address":"1385 Pleasant St, Bridgewater, Massachusetts 02324","name":""},
  {"lat":43.718427,"lon":-70.52381,"city":"Gorham","state":"ME","address":"435 Ossipee Trl, Gorham, Maine 04038","name":""},
  {"lat":44.024888,"lon":-70.691078,"city":"Bridgton","state":"ME","address":"443 Portland Rd, Bridgton, Maine 04009","name":""},
  {"lat":41.545193,"lon":-72.784477,"city":"Meriden","state":"CT","address":"978 Broad St, Meriden, Connecticut 06450","name":""},
  {"lat":44.193698,"lon":-70.136944,"city":"Greene","state":"ME","address":"748 Route 202, Greene, Maine 04236","name":""},
  {"lat":42.791757,"lon":-71.184414,"city":"Methuen","state":"NH","address":"5 Ayers Village Rd, Methuen, Massachusetts 01844","name":""},
  {"lat":44.328598,"lon":-72.744961,"city":"Waterbury","state":"VT","address":"1 River Rd, Waterbury, Vermont 05676","name":""},
  {"lat":44.098538,"lon":-70.191619,"city":"Lewiston","state":"ME","address":"449 Sabattus St, Lewiston, Maine 04240","name":""},
  {"lat":44.118361,"lon":-70.225368,"city":"Auburn","state":"ME","address":"484 Center St, Auburn, Maine 04210","name":""},
  {"lat":44.07904,"lon":-70.19325,"city":"Lewiston","state":"ME","address":"1103 Lisbon St, Lewiston, Maine 04240","name":""},
  {"lat":44.785399,"lon":-72.859154,"city":"East Fairfield","state":"VT","address":"9431 VT-36, East Fairfield, Vermont 05448","name":""},
  {"lat":43.649035,"lon":-72.005928,"city":"Canaan","state":"NH","address":"70 NH-118, Canaan, New Hampshire 03741","name":""},
  {"lat":43.079562,"lon":-72.42618,"city":"Walpole","state":"VT","address":"51 Main St., Walpole, New Hampshire 03608","name":""},
  {"lat":45.154199,"lon":-67.404306,"city":"Baileyville","state":"ME","address":"102 Main St, Baileyville, Maine 04694","name":""},
  {"lat":44.711006,"lon":-66.746393,"city":"Grand Manan","state":"ME","address":"791 Route 776, Grand Manan, New Brunswick E5G 3C4","name":""},
  {"lat":43.644577,"lon":-72.146667,"city":"Enfield","state":"NH","address":"297 U.S. 4, Enfield, New Hampshire 03748","name":""},
  {"lat":42.755,"lon":-72.0047,"city":"Rindge","state":"NH","address":"1044 NH-119, Rindge, New Hampshire 03461","name":""},
  {"lat":44.40633,"lon":-68.595287,"city":"Blue Hill","state":"ME","address":"36 South St., Blue Hill, Maine 04614","name":""},
  {"lat":44.15078,"lon":-68.20647,"city":"Bass Harbor","state":"ME","address":"42 Tremont Rd, Bass Harbor, Maine 04653","name":""},
  {"lat":41.916043,"lon":-71.359601,"city":"Attleboro","state":"RI","address":"466 Washington street, Attleboro, Massachusetts 02703","name":""},
  {"lat":44.310788,"lon":-68.668624,"city":"Sargentville","state":"ME","address":"119 Caterpillar Hill Rd, Sargentville, Maine 04673","name":""},
  {"lat":43.641466,"lon":-70.240878,"city":"South Portland","state":"ME","address":"682 Broadway St, South Portland, Maine 04106","name":""},
  {"lat":42.8602,"lon":-71.174,"city":"Hampstead","state":"NH","address":"235 Stage Rd, Hampstead, New Hampshire 03841","name":""},
  {"lat":43.998009,"lon":-70.062102,"city":"Lisbon Falls","state":"ME","address":"689 Lisbon St, Lisbon Falls, Maine 04252","name":""},
  {"lat":43.109035,"lon":-71.476965,"city":"Hooksett","state":"NH","address":"25 Springer Rd, Hooksett, New Hampshire 03106","name":""},
  {"lat":44.764723,"lon":-68.70602,"city":"Holden","state":"ME","address":"87 Main Rd, Holden, Maine 04429","name":""},
  {"lat":43.395567,"lon":-70.531108,"city":"Kennebunk","state":"ME","address":"59 Portland Street, Kennebunk, Maine 04043","name":""},
  {"lat":42.926809,"lon":-72.612258,"city":"Dummerston","state":"VT","address":"2557 W River Rd, Dummerston, Vermont 05301","name":""},
  {"lat":43.0968,"lon":-72.444,"city":"Westminster","state":"VT","address":"6023 US Route 5, Westminster, Vermont 05158","name":""},
  {"lat":42.841705,"lon":-70.945899,"city":"Rte 110","state":"MA","address":"60 Haverhill Road, Rte 110, Amesbury, Massachusetts 01913","name":""},
  {"lat":43.13327,"lon":-70.920201,"city":"Durham","state":"NH","address":"4A Dover Rd, Durham, New Hampshire 03824","name":""},
  {"lat":41.902843,"lon":-70.969231,"city":"Middleboro","state":"MA","address":"47 Harding St, Middleboro, Massachusetts 02346","name":""},
  {"lat":45.448973,"lon":-69.590567,"city":"Greenville","state":"ME","address":"148 Moosehead Lake Rd, Greenville, Maine 04441","name":""},
  {"lat":43.369466,"lon":-71.043174,"city":"Farmington","state":"NH","address":"449 Route 11, Farmington, New Hampshire 03835","name":""},
  {"lat":43.725469,"lon":-70.231838,"city":"Falmouth","state":"ME","address":"264 Us Route 1, Falmouth, Maine 04105","name":""},
  {"lat":43.849835,"lon":-71.666259,"city":"Campton","state":"NH","address":"2122 Route 3, Campton, New Hampshire 03223","name":""},
  {"lat":44.257778,"lon":-69.774722,"city":"Farmingdale","state":"ME","address":"554 Maine Avenue, Farmingdale, Maine 04344","name":""},
  {"lat":45.206627,"lon":-67.269362,"city":"St. Stephen","state":"ME","address":"5 NB 170, St. Stephen, New Brunswick E3L 2C1","name":""},
  {"lat":41.886667,"lon":-71.135,"city":"Taunton","state":"MA","address":"148 North Walker Street, Taunton, Massachusetts 02780","name":""},
  {"lat":44.923898,"lon":-69.673421,"city":"Athens","state":"ME","address":"8 Main St, Athens, Maine 04912","name":""},
  {"lat":45.183275,"lon":-69.25122,"city":"Dover-Foxcroft","state":"ME","address":"1021 WEST MAIN STREET P.O. BOX 334, DOVER-FOXCROFT, Maine 04426","name":""},
  {"lat":44.985679,"lon":-69.006807,"city":"Corinth","state":"ME","address":"624 MAIN STREET, CORINTH, Maine 04427","name":""},
  {"lat":43.650644,"lon":-70.257548,"city":"Portland","state":"ME","address":"393 COMMERCIAL ST, PORTLAND, Maine 04101","name":""},
  {"lat":44.980725,"lon":-73.454804,"city":"Champlain","state":"NY","address":"3 SPIEGLE DRIVE, CHAMPLAIN, New York 12919","name":""},
  {"lat":44.543894,"lon":-69.670673,"city":"Waterville","state":"ME","address":"320 Kennedy Memorial Drive, Waterville, Maine 04901","name":""},
  {"lat":44.328075,"lon":-69.781634,"city":"Augusta","state":"ME","address":"132 Mount Vernon Avenue, Augusta, Maine 04330","name":""},
  {"lat":43.088593,"lon":-70.73619,"city":"Kittery","state":"ME","address":"2 Shapleigh Rd, Kittery, Maine 03904","name":""},
  {"lat":43.726161,"lon":-70.231379,"city":"Falmouth","state":"ME","address":"265 Us Route 1, Falmouth, Maine 04105","name":""},
  {"lat":44.335377,"lon":-69.759206,"city":"Augusta","state":"ME","address":"5 Denali Way, Augusta, Maine 04330","name":""},
  {"lat":43.810918,"lon":-72.188791,"city":"Thetford","state":"NH","address":"2930 U.S. 5, Thetford, Vermont 05043","name":""},
  {"lat":43.65056,"lon":-72.24173,"city":"Lebanon","state":"NH","address":"151 Heater Rd, Lebanon, New Hampshire 03766","name":""},
  {"lat":44.919334,"lon":-73.124802,"city":"Swanton","state":"VT","address":"31 Grand Ave, Swanton, Vermont 05488","name":""},
  {"lat":43.802288,"lon":-70.189987,"city":"Yarmouth","state":"ME","address":"281 Main St, Yarmouth, Maine 04096","name":""},
  {"lat":43.7711,"lon":-71.7223,"city":"Plymouth","state":"NH","address":"484 Tenney Mountain Highway, Plymouth, New Hampshire 03264","name":""},
  {"lat":43.610007,"lon":-73.208165,"city":"Castleton","state":"VT","address":"111 Route 30, Castleton, Vermont 05735","name":""},
  {"lat":44.315155,"lon":-69.804079,"city":"Augusta","state":"ME","address":"262 Western Ave, Augusta, Maine 04330","name":""},
  {"lat":43.710457,"lon":-71.45934,"city":"Moultonborough","state":"NH","address":"11 Whittier Highway, Moultonborough, New Hampshire 03254","name":""},
  {"lat":42.02399,"lon":-71.49167,"city":"Bellingham","state":"RI","address":"310 Pulaski Boulevard, Bellingham, Massachusetts 02019","name":""},
  {"lat":42.103596,"lon":-70.803006,"city":"Pembroke","state":"MA","address":"92 Washington Street, Pembroke, Massachusetts 02359","name":""},
  {"lat":42.670808,"lon":-71.49752,"city":"Dunstable","state":"MA","address":"238 PLEASANT ST, Dunstable, Massachusetts 01827","name":""},
  {"lat":44.964866,"lon":-70.162076,"city":"Kingfield","state":"ME","address":"363 Main St, Kingfield, Maine 04947","name":""},
  {"lat":43.590544,"lon":-72.968836,"city":"Rutland","state":"VT","address":"258 South Main Street, Rutland, Vermont 05701","name":""},
  {"lat":42.950115,"lon":-71.434854,"city":"Manchester","state":"NH","address":"1805 South Willow Street, Manchester, New Hampshire 03103","name":""},
  {"lat":42.088919,"lon":-71.047982,"city":"Brockton","state":"MA","address":"683 Pleasant Street, Brockton, Massachusetts 02301","name":""},
  {"lat":44.824398,"lon":-68.808964,"city":"Bangor","state":"ME","address":"1019 Ohio Street, Bangor, Maine 04401","name":""},
  {"lat":44.836172,"lon":-68.791448,"city":"Bangor","state":"ME","address":"1123 Broadway, Bangor, Maine 04401","name":""},
  {"lat":44.11501,"lon":-70.10277,"city":"Sabattus","state":"ME","address":"7 Middle Road, Sabattus, Maine 04280","name":""},
  {"lat":44.51999,"lon":-69.66817,"city":"Waterville","state":"ME","address":"288 West River Road, Waterville, Maine 04901","name":""},
  {"lat":44.37462,"lon":-69.79702,"city":"Augusta","state":"ME","address":"670 Civic Center Drive, Augusta, Maine 04330","name":""},
  {"lat":44.813405,"lon":-71.88108,"city":"Island Pond","state":"VT","address":"99 Cross St, Island Pond, Vermont 05846","name":""},
  {"lat":43.0434,"lon":-71.6825,"city":"South Weare","state":"NH","address":"421 South Stark Hwy, South Weare, New Hampshire 03281","name":""},
  {"lat":42.544308,"lon":-71.874435,"city":"Westminster","state":"MA","address":"21 Village Inn Rd, Westminster, Massachusetts 01473","name":""},
  {"lat":43.043376,"lon":-70.930962,"city":"Newfields","state":"NH","address":"31 NH Route 108, Newfields, New Hampshire 03856","name":""},
  {"lat":41.545287,"lon":-72.651599,"city":"Middletown","state":"CT","address":"405 South Main Street, Middletown, Connecticut 06457","name":""},
  {"lat":41.548723,"lon":-72.63955,"city":"Middletown","state":"CT","address":"302 East Main Street, Middletown, Connecticut 06457","name":""},
  {"lat":41.555513,"lon":-72.670639,"city":"Middletown","state":"CT","address":"543 Washington Street, Middletown, Connecticut 06457","name":""},
  {"lat":44.089037,"lon":-69.808196,"city":"Richmond","state":"ME","address":"115 Main St., Richmond, Maine 4357","name":""},
  {"lat":43.47909,"lon":-70.6042,"city":"Lyman","state":"ME","address":"1486 Alfred Road, Lyman, Maine 04002","name":""},
  {"lat":44.32469,"lon":-70.55016,"city":"West Paris","state":"ME","address":"175 Bethel Road, West Paris, Maine 04289","name":""},
  {"lat":44.40289,"lon":-70.12945,"city":"Livermore Falls","state":"ME","address":"1247 Park Street, Livermore Falls, Maine 04254","name":""},
  {"lat":44.412842,"lon":-70.795036,"city":"Bethel","state":"ME","address":"33 Mayville Road, Bethel, Maine 04217","name":""},
  {"lat":44.21236,"lon":-70.5292,"city":"Norway","state":"ME","address":"59 Paris Street, Norway, Maine 04268","name":""},
  {"lat":41.830051,"lon":-71.427986,"city":"Providence","state":"RI","address":"38 Pleasant Valley Pkwy, Providence, Rhode Island 02908","name":""},
  {"lat":44.53289,"lon":-70.5441,"city":"Rumford","state":"ME","address":"876 U.S. 2, Rumford, Maine 04276","name":""},
  {"lat":41.545287,"lon":-72.651599,"city":"Middletown","state":"CT","address":"405 South Main Street, Middletown, Connecticut 06457","name":""},
  {"lat":44.869512,"lon":-68.934135,"city":"Levant","state":"ME","address":"3508 Union St, Levant, Maine 04456","name":""},
  {"lat":41.813987,"lon":-71.447558,"city":"Providence","state":"RI","address":"280 Plainfield St, Providence, Rhode Island 02909","name":""},
  {"lat":43.590544,"lon":-72.968836,"city":"Rutland","state":"VT","address":"258 South Main Street, Rutland, Vermont 05701","name":""},
  {"lat":43.8278,"lon":-72.575,"city":"South Royalton","state":"VT","address":"462 VT Route 107, South Royalton, Vermont 05068","name":""},
  {"lat":46.172554,"lon":-67.603468,"city":"Woodstock","state":"ME","address":"102 Gallop Street, Woodstock, New Brunswick E7M 3P2","name":""},
  {"lat":43.34648,"lon":-71.46618,"city":"Loudon","state":"NH","address":"904 Route 106 North, Loudon, New Hampshire 03307","name":""},
  {"lat":41.830051,"lon":-71.427986,"city":"Providence","state":"RI","address":"38 Pleasant Valley Pkwy, Providence, Rhode Island 02908","name":""},
  {"lat":44.03465,"lon":-70.266935,"city":"I-95 Exit 75","state":"ME","address":"1813 Washington St, I-95 Exit 75, Auburn, Maine 04210","name":""},
  {"lat":44.790078,"lon":-68.811058,"city":"Bangor","state":"ME","address":"301 Odlin Rd, Bangor, Maine 04401","name":""},
  {"lat":44.836449,"lon":-69.287328,"city":"Newport","state":"ME","address":"18 Moosehead Trl, Newport, Maine 04953","name":""},
  {"lat":44.31031,"lon":-69.79271,"city":"Augusta","state":"ME","address":"183 Capitol Street, Augusta, Maine 04330","name":""},
  {"lat":46.12315,"lon":-67.8442,"city":"Houlton","state":"ME","address":"3 Military Street, Houlton, Maine 04730","name":""},
  {"lat":43.90911,"lon":-69.94917,"city":"Brunswick","state":"ME","address":"39 Bath Road, Brunswick, Maine 04011","name":""},
  {"lat":41.548723,"lon":-72.63955,"city":"Middletown","state":"CT","address":"302 East Main Street, Middletown, Connecticut 06457","name":""},
  {"lat":43.92798,"lon":-69.94671,"city":"Topsham","state":"ME","address":"38 Middlesex Road, Topsham, Maine 04086","name":""},
  {"lat":44.213345,"lon":-72.575389,"city":"Berlin","state":"VT","address":"159 Paine Turnpike North, Berlin, Vermont 05602","name":""},
  {"lat":44.1773,"lon":-72.504654,"city":"Barre","state":"VT","address":"370 S Barre Rd, Barre, Vermont 05670","name":""},
  {"lat":43.226871,"lon":-71.360382,"city":"Epsom","state":"NH","address":"910 Suncook Valley Highway South, Epsom, New Hampshire 03234","name":""},
  {"lat":43.44647,"lon":-71.62566,"city":"Franklin","state":"NH","address":"901 Central Street, Franklin, New Hampshire 03235","name":""},
  {"lat":46.85997,"lon":-68.0095,"city":"Caribou","state":"ME","address":"89 High Street, Caribou, Maine 04736","name":""},
  {"lat":41.813987,"lon":-71.447558,"city":"Providence","state":"RI","address":"280 Plainfield St, Providence, Rhode Island 02909","name":""},
  {"lat":46.67728,"lon":-68.01646,"city":"Presque Isle","state":"ME","address":"283 Main Street, Presque Isle, Maine 04769","name":""},
  {"lat":43.17371,"lon":-70.86299,"city":"Dover","state":"NH","address":"30 Dover Point Road, Dover, New Hampshire 03820","name":""},
  {"lat":43.73086,"lon":-70.54247,"city":"Standish","state":"ME","address":"125 Ossipee Trail East, Standish, Maine 04084","name":""},
  {"lat":44.677642,"lon":-69.923199,"city":"Mercer","state":"ME","address":"1431 Mercer Road, Mercer, Maine 04957","name":""},
  {"lat":46.122652,"lon":-67.605679,"city":"Hwy 2","state":"ME","address":"198 Beardsley Rd, Hwy 2, Exit 191, Beardsley, New Brunswick E7M 3Z7","name":""},
  {"lat":44.145204,"lon":-69.089339,"city":"Rockport","state":"ME","address":"849 Commercial Street, Rockport, Maine 04856","name":""},
  {"lat":44.54309,"lon":-70.54872,"city":"Rumford","state":"ME","address":"5 Bridge Street, Rumford, Maine 04276","name":""},
  {"lat":43.9188,"lon":-70.35593,"city":"Gray","state":"ME","address":"255 Shaker Road, Gray, Maine 04039","name":""},
  {"lat":44.306879,"lon":-69.75155,"city":"Augusta","state":"ME","address":"216 Eastern Avenue, Augusta, Maine 04330","name":""},
  {"lat":44.42285,"lon":-69.02609,"city":"Belfast","state":"ME","address":"22 Belmont Avenue, Belfast, Maine 04915","name":""},
  {"lat":42.9963,"lon":-70.81763,"city":"North Hampton","state":"NH","address":"180 Lafayette Road, North Hampton, New Hampshire 03862","name":""},
  {"lat":44.249337,"lon":-70.259486,"city":"Turner","state":"ME","address":"1051 Auburn Rd, Turner, Maine 04282","name":""},
  {"lat":44.157322,"lon":-70.492371,"city":"Oxford","state":"ME","address":"930 Main Street, Oxford, Maine 04270","name":""},
  {"lat":42.886093,"lon":-71.326309,"city":"Derry","state":"NH","address":"56 Crystal Avenue, Derry, New Hampshire 03038","name":""}]}