{"key":"la_fitness","displayName":"LA Fitness","category":"fitness","useLocationName":false,"locations":[
  {"lat":26.808572,"lon":-80.085559,"city":"Palm Beach Gardens","state":"FL","address":"3176 NORTHLAKE BLVD, PALM BEACH GARDENS, FL 33403","name":""},
  {"lat":28.657411,"lon":-81.205498,"city":"Oviedo","state":"FL","address":"199 MITCHELL HAMMOCK ROAD, OVIEDO, FL 32765","name":""},
  {"lat":28.51511,"lon":-81.377487,"city":"Orlando","state":"FL","address":"15 W CRYSTAL LAKE ST, ORLANDO, FL 32806","name":""},
  {"lat":28.54215,"lon":-81.284943,"city":"Orlando","state":"FL","address":"189 SOUTH GOLDENROD RD, ORLANDO, FL 32807","name":""},
  {"lat":28.492405,"lon":-81.46016,"city":"Orlando","state":"FL","address":"4792 S. KIRKMAN ROAD, ORLANDO, FL 32811","name":""},
  {"lat":28.477133,"lon":-81.288883,"city":"Orlando","state":"FL","address":"5915 SOUTH GOLDENROD ROAD, ORLANDO, FL 32822","name":""},
  {"lat":28.555204,"lon":-81.346781,"city":"Orlando","state":"FL","address":"2999 E. COLONIAL, ORLANDO, FL 32803","name":""},
  {"lat":28.557025,"lon":-81.202647,"city":"Orlando","state":"FL","address":"815 ALAFAYA TRAIL, ORLANDO, FL 32828","name":""},
  {"lat":28.511865,"lon":-81.33028,"city":"Orlando","state":"FL","address":"4550 EAST MICHIGAN STREET, ORLANDO, FL 32812","name":""},
  {"lat":28.380692,"lon":-81.405907,"city":"Orlando","state":"FL","address":"12700 SOUTH ORANGE BLOSSOM TRAIL, ORLANDO, FL 32837","name":""},
  {"lat":30.148282,"lon":-81.754176,"city":"Orange Park","state":"FL","address":"661 BLANDING BLVD, SUITE 800, ORANGE PARK, FL 32073","name":""},
  {"lat":28.914424,"lon":-81.291323,"city":"Orange City","state":"FL","address":"2629 ENTERPRISE RD, ORANGE CITY, FL 32763","name":""},
  {"lat":26.175352,"lon":-80.120823,"city":"Oakland Park","state":"FL","address":"3825 N. FEDERAL HWY., OAKLAND PARK, FL 33308","name":""},
  {"lat":25.890068,"lon":-80.161968,"city":"North Miami","state":"FL","address":"1801 NE 123RD ST SUITE 200, NORTH MIAMI, FL 33181","name":""},
  {"lat":26.250727,"lon":-81.802035,"city":"Naples","state":"FL","address":"871 VANDERBILT BEACH RD, NAPLES, FL 34108","name":""},
  {"lat":25.944404,"lon":-80.169189,"city":"North Miami Beach","state":"FL","address":"1580 NE MIAMI GARDENS DRIVE, N. MIAMI BEACH, FL 33179","name":""},
  {"lat":45.677496,"lon":-122.665989,"city":"Vancouver","state":"WA","address":"7607 NE 5TH AVENUE, VANCOUVER, WA 98665","name":""},
  {"lat":47.458806,"lon":-122.25271,"city":"Tukwila","state":"WA","address":"350 BAKER BLVD, TUKWILA, WA 98188","name":""},
  {"lat":47.189999,"lon":-122.459999,"city":"Tacoma","state":"WA","address":"1905B SOUTH 72ND STREET, TACOMA, WA 98408","name":""},
  {"lat":47.114568,"lon":-122.434923,"city":"Tacoma","state":"WA","address":"15707 PACIFIC AVE S, TACOMA, WA 98444","name":""},
  {"lat":47.256342,"lon":-122.51671,"city":"Tacoma","state":"WA","address":"5915 SIXTH AVE, TACOMA, WA 98406","name":""},
  {"lat":47.675583,"lon":-122.31737,"city":"Seattle","state":"WA","address":"6416 ROOSEVELT WAY NE, SEATTLE, WA 98115","name":""},
  {"lat":47.561394,"lon":-122.382135,"city":"Seattle","state":"WA","address":"3900 SW ALASKA STREET, SEATTLE, WA 98116","name":""},
  {"lat":45.663867,"lon":-122.55646,"city":"Vancouver","state":"WA","address":"11505 NE FOURTH PLAIN RD, VANCOUVER, WA 98662","name":""},
  {"lat":47.66254,"lon":-122.37468,"city":"Seattle","state":"WA","address":"1416 NW BALLARD WAY, SEATTLE, WA 98107","name":""},
  {"lat":47.726287,"lon":-122.34316,"city":"Seattle","state":"WA","address":"13244 AURORA AVE NORTH, SEATTLE, WA 98133","name":""},
  {"lat":47.445346,"lon":-122.153113,"city":"Renton","state":"WA","address":"14060 SE PETROVITSKY RD, RENTON, WA 98058","name":""},
  {"lat":47.496031,"lon":-122.20635,"city":"Renton","state":"WA","address":"715 NORTH LANDING WAY, RENTON, WA 98057","name":""},
  {"lat":47.115066,"lon":-122.28834,"city":"Puyallup","state":"WA","address":"10515 156TH STREET EAST, PUYALLUP, WA 98374","name":""},
  {"lat":47.861389,"lon":-122.220556,"city":"Mill Creek","state":"WA","address":"15024 MAIN STREET, MILL CREEK, WA 98012","name":""},
  {"lat":47.87478,"lon":-122.2744,"city":"Lynnwood","state":"WA","address":"13619 MUKILTEO SPEEDWAY, LYNNWOOD, WA 98087","name":""},
  {"lat":47.819119,"lon":-122.316908,"city":"Lynnwood","state":"WA","address":"19800 HIGHWAY 99, LYNNWOOD, WA 98036","name":""},
  {"lat":47.057826,"lon":-122.76851,"city":"Lacey","state":"WA","address":"1200 GALAXY DRIVE, LACEY, WA 98516","name":""},
  {"lat":47.708534,"lon":-122.179237,"city":"Kirkland","state":"WA","address":"12321 120TH PLACE NE, KIRKLAND, WA 98034","name":""},
  {"lat":47.359821,"lon":-122.168434,"city":"Kent","state":"WA","address":"12922 SE KENT KANGLEY RD, KENT, WA 98030","name":""},
  {"lat":47.287772,"lon":-122.31546,"city":"Federal Way","state":"WA","address":"35009 ENCHANTED PARKWAY SOUTH, FEDERAL WAY, WA 98003","name":""},
  {"lat":47.8978,"lon":-122.209192,"city":"Everett","state":"WA","address":"11014 19th Ave SE, Suite 4, EVERETT, WA 98208","name":""},
  {"lat":47.356578,"lon":-122.1118,"city":"Covington","state":"WA","address":"27245 172ND AVENUE SE, COVINGTON, WA 98042","name":""},
  {"lat":47.469879,"lon":-122.338898,"city":"Burien","state":"WA","address":"14905 4TH AVE. SW, BURIEN, WA 98166","name":""},
  {"lat":47.609761,"lon":-122.139046,"city":"Bellevue","state":"WA","address":"15053 MAIN STREET, BELLEVUE, WA 98007","name":""},
  {"lat":47.32,"lon":-122.223999,"city":"Auburn","state":"WA","address":"1347 AUBURN WAY NORTH, AUBURN, WA 98002","name":""},
  {"lat":38.649841,"lon":-77.29665,"city":"Woodbridge","state":"VA","address":"13060 WORTH AVENUE, WOODBRIDGE, VA 22192","name":""},
  {"lat":38.775556,"lon":-77.175,"city":"Springfield","state":"VA","address":"6565 SPRINGFIELD MALL, SPRINGFIELD, VA 22150","name":""},
  {"lat":38.742427,"lon":-77.452815,"city":"Manassas","state":"VA","address":"9946 LIBERIA AVE, MANASSAS, VA 20110","name":""},
  {"lat":39.090432,"lon":-77.524225,"city":"Leesburg","state":"VA","address":"1490 CLASSIC PATH WAY SE, LEESBURG, VA 20175","name":""},
  {"lat":38.870791,"lon":-77.229006,"city":"Falls Church","state":"VA","address":"2982 Gallows Road, Falls Church, VA 22042","name":""},
  {"lat":38.969219,"lon":-77.376854,"city":"Herndon","state":"VA","address":"494 ELDEN STREET, HERNDON, VA 20170","name":""},
  {"lat":38.855805,"lon":-77.335744,"city":"Fairfax","state":"VA","address":"11220 JAMES SWART CIRCLE, FAIRFAX, VA 22030","name":""},
  {"lat":39.027073,"lon":-77.508873,"city":"Ashburn","state":"VA","address":"43150 BROADLANDS CENTER PLAZA #138, ASHBURN, VA 20148","name":""},
  {"lat":38.845788,"lon":-77.067939,"city":"Arlington","state":"VA","address":"2955 S. GLEBE ROAD, ARLINGTON, VA 22206","name":""},
  {"lat":38.837203,"lon":-77.103685,"city":"Alexandria","state":"VA","address":"4300 KING ST., ALEXANDRIA, VA 22302","name":""},
  {"lat":38.742027,"lon":-77.163227,"city":"Alexandria","state":"VA","address":"7867 HENESKA LOOP, ALEXANDRIA, VA 22315","name":""},
  {"lat":38.821116,"lon":-77.141706,"city":"Alexandria","state":"VA","address":"6200 LITTLE RIVER TURNPIKE, ALEXANDRIA, VA 22312","name":""},
  {"lat":32.758056,"lon":-97.426389,"city":"Westworth","state":"TX","address":"6500 WESTWORTH BLVD., WESTWORTH, TX 76114","name":""},
  {"lat":29.565175,"lon":-95.68329,"city":"Sugar Land","state":"TX","address":"19880 SOUTHWEST FREEWAY, SUGAR LAND, TX 77479","name":""},
  {"lat":30.105671,"lon":-95.390617,"city":"Spring","state":"TX","address":"3570 HARMONY COMMONS DRIVE, SPRING, TX 77386","name":""},
  {"lat":30.08,"lon":-95.519997,"city":"Spring","state":"TX","address":"21720 KUYKENDAHL, SPRING, TX 77388","name":""},
  {"lat":30.055354,"lon":-95.434287,"city":"Spring","state":"TX","address":"20127 INTERSTATE 45 NORTH, SPRING, TX 77388","name":""},
  {"lat":29.5378,"lon":-98.6847,"city":"San Antonio","state":"TX","address":"9955 Braun Rd.-Building 2, San Antonio, TX 78254","name":""},
  {"lat":29.63685,"lon":-98.452309,"city":"San Antonio","state":"TX","address":"21044 US HWY 281 N, SAN ANTONIO, TX 78258","name":""},
  {"lat":29.437,"lon":-98.710872,"city":"San Antonio","state":"TX","address":"522 WEST 1604 NORTH, SAN ANTONIO, TX 78251","name":""},
  {"lat":29.608989,"lon":-98.512807,"city":"San Antonio","state":"TX","address":"1339 N. LOOP 1604 W., SAN ANTONIO, TX 78258","name":""},
  {"lat":29.597364,"lon":-98.422618,"city":"San Antonio","state":"TX","address":"17138 AUTRY POND RD, SAN ANTONIO, TX 78247","name":""},
  {"lat":29.44632,"lon":-98.636085,"city":"San Antonio","state":"TX","address":"7427 NW LOOP 410, SAN ANTONIO, TX 78245","name":""},
  {"lat":29.524703,"lon":-98.600277,"city":"San Antonio","state":"TX","address":"5803 BABCOCK RD, SAN ANTONIO, TX 78240","name":""},
  {"lat":29.522303,"lon":-98.504433,"city":"San Antonio","state":"TX","address":"7140 BLANCO ROAD, SAN ANTONIO, TX 78216","name":""},
  {"lat":32.990061,"lon":-96.573888,"city":"Sachse","state":"TX","address":"7720 HIGHWAY 78, SACHSE, TX 75048","name":""},
  {"lat":30.520399,"lon":-97.656303,"city":"Round Rock","state":"TX","address":"1000 N. AW GRIMES BLVD, ROUND ROCK, TX 78665","name":""},
  {"lat":30.498286,"lon":-97.723669,"city":"Round Rock","state":"TX","address":"16600 N RM 620 ROAD, ROUND ROCK, TX 78681","name":""},
  {"lat":29.697456,"lon":-95.839645,"city":"Richmond","state":"TX","address":"26726 FM 1093, RICHMOND, TX 77406","name":""},
  {"lat":29.662992,"lon":-95.721853,"city":"Richmond","state":"TX","address":"19409 W BELLFORT ST, RICHMOND, TX 77407","name":""},
  {"lat":32.946906,"lon":-96.698012,"city":"Richardson","state":"TX","address":"1451 E. BELTLINE RD, RICHARDSON, TX 75081","name":""},
  {"lat":33.219095,"lon":-96.882174,"city":"Prosper","state":"TX","address":"4900 W UNIVERSITY DRIVE, PROSPER, TX 75078","name":""},
  {"lat":33.076641,"lon":-96.804029,"city":"Plano","state":"TX","address":"4420 LEGACY RD, PLANO, TX 75024","name":""},
  {"lat":32.909034,"lon":-96.560573,"city":"Rowlett","state":"TX","address":"4401 LAKEVIEW PARKWAY, ROWLETT, TX 75088","name":""},
  {"lat":29.55503,"lon":-95.26559,"city":"Pearland","state":"TX","address":"2850 PEARLAND PARKWAY, PEARLAND, TX 77581","name":""},
  {"lat":29.536783,"lon":-95.533669,"city":"Missouri City","state":"TX","address":"9026 SIENNA CROSSING DRIVE, MISSOURI CITY, TX 77459","name":""},
  {"lat":29.5732,"lon":-95.575347,"city":"Missouri City","state":"TX","address":"5402 HIGHWAY 6, MISSOURI CITY, TX 77459","name":""},
  {"lat":33.199921,"lon":-96.732393,"city":"McKinney","state":"TX","address":"9050 FALCON VIEW DRIVE, MCKINNEY, TX 75070","name":""},
  {"lat":33.173069,"lon":-96.640109,"city":"McKinney","state":"TX","address":"2875 S. CENTRAL EXPRESSWAY, MCKINNEY, TX 75070","name":""},
  {"lat":33.000507,"lon":-96.965053,"city":"Lewisville","state":"TX","address":"798 VISTA RIDGE MALL DRIVE, LEWISVILLE, TX 75067","name":""},
  {"lat":29.483051,"lon":-98.594673,"city":"Leon Valley","state":"TX","address":"5601 BANDERA RD, LEON VALLEY, TX 78238","name":""},
  {"lat":29.46991,"lon":-95.09594,"city":"League City","state":"TX","address":"2765 S GULF FWY S, LEAGUE CITY, TX 77573","name":""},
  {"lat":33.000458,"lon":-96.763362,"city":"Plano","state":"TX","address":"3701 W. PRESIDENT GEORGE W. BUSH HWY, PLANO, TX 75075","name":""},
  {"lat":29.494602,"lon":-95.068955,"city":"League City","state":"TX","address":"1220 E. LEAGUE CITY PARKWAY, LEAGUE CITY, TX 77573","name":""},
  {"lat":29.665963,"lon":-95.134467,"city":"Pasadena","state":"TX","address":"6793 SPENCER HWY, PASADENA, TX 77505","name":""},
  {"lat":32.886619,"lon":-96.963401,"city":"Irving","state":"TX","address":"5550 N. MACARTHUR BLVD., IRVING, TX 75038","name":""},
  {"lat":29.821171,"lon":-95.544128,"city":"Houston","state":"TX","address":"2740 GESSNER RD, HOUSTON, TX 77080","name":""},
  {"lat":29.774843,"lon":-95.400154,"city":"Houston","state":"TX","address":"195 YALE ST, HOUSTON, TX 77007","name":""},
  {"lat":29.828355,"lon":-95.410593,"city":"Houston","state":"TX","address":"4412 NORTH SHEPHERD DRIVE, HOUSTON, TX 77018","name":""},
  {"lat":29.849795,"lon":-95.506218,"city":"Houston","state":"TX","address":"13350 NORTHWEST FREEWAY, HOUSTON, TX 77040","name":""},
  {"lat":29.737193,"lon":-95.535827,"city":"Houston","state":"TX","address":"9603 WESTHEIMER ROAD, HOUSTON, TX 77063","name":""},
  {"lat":29.733564,"lon":-95.439493,"city":"Houston","state":"TX","address":"3838 RICHMOND AVE, HOUSTON, TX 77027","name":""},
  {"lat":29.88176,"lon":-95.679669,"city":"Houston","state":"TX","address":"17800 FM 529, HOUSTON, TX 77095","name":""},
  {"lat":32.901056,"lon":-97.256078,"city":"Keller","state":"TX","address":"1861 MAIN STREET, KELLER, TX 76248","name":""},
  {"lat":29.785475,"lon":-95.465961,"city":"Houston","state":"TX","address":"7620 KATY FREEWAY, STE. 200, HOUSTON, TX 77024","name":""},
  {"lat":29.75525,"lon":-95.623149,"city":"Houston","state":"TX","address":"1555 ELDRIDGE PARKWAY, HOUSTON, TX 77077","name":""},
  {"lat":29.787756,"lon":-95.712786,"city":"Houston","state":"TX","address":"19550 RESTAURANT ROW, HOUSTON, TX 77084","name":""},
  {"lat":33.075815,"lon":-97.080487,"city":"Highland Village","state":"TX","address":"3198 JUSTIN ROAD (FM 407), HIGHLAND VILLAGE, TX 75077","name":""},
  {"lat":32.675481,"lon":-97.052273,"city":"Grand Prairie","state":"TX","address":"2803 WEST INTERSTATE HIGHWAY 20, GRAND PRAIRIE, TX 75052","name":""},
  {"lat":32.858444,"lon":-96.647194,"city":"Garland","state":"TX","address":"1201 W CENTERVILLE ROAD, GARLAND, TX 75041","name":""},
  {"lat":33.128907,"lon":-96.735281,"city":"Frisco","state":"TX","address":"6345 CUSTER BRIDGES RD, FRISCO, TX 75035","name":""},
  {"lat":33.153999,"lon":-96.843002,"city":"Frisco","state":"TX","address":"5080 MAIN ST, FRISCO, TX 75033","name":""},
  {"lat":32.875278,"lon":-97.096667,"city":"Euless","state":"TX","address":"2600 HIGHWAY 121, EULESS, TX 76039","name":""},
  {"lat":33.197193,"lon":-97.094014,"city":"Denton","state":"TX","address":"1350 SOUTH LOOP 288, DENTON, TX 76205","name":""},
  {"lat":32.721519,"lon":-96.833878,"city":"Dallas","state":"TX","address":"655 W ILLINOIS AVE STE 500, DALLAS, TX 75224","name":""},
  {"lat":32.853748,"lon":-96.768578,"city":"Dallas","state":"TX","address":"5500 GREENVILLE AVE, SUITE 100, DALLAS, TX 75206","name":""},
  {"lat":32.804722,"lon":-96.792778,"city":"Dallas","state":"TX","address":"2690 N HASKELL AVE, DALLAS, TX 75204","name":""},
  {"lat":32.83665,"lon":-96.829791,"city":"Dallas","state":"TX","address":"4540 WEST MOCKINGBIRD LANE, DALLAS, TX 75209","name":""},
  {"lat":32.879511,"lon":-96.736368,"city":"Dallas","state":"TX","address":"7211 SKILLMAN STREET, DALLAS, TX 75231","name":""},
  {"lat":29.954474,"lon":-95.669313,"city":"Cypress","state":"TX","address":"12304 BARKER CYPRESS ROAD, CYPRESS, TX 77429","name":""},
  {"lat":30.519217,"lon":-97.838791,"city":"Cedar Park","state":"TX","address":"825 W WHITESTONE BLVD, CEDAR PARK, TX 78613","name":""},
  {"lat":32.99947,"lon":-96.884682,"city":"Carrollton","state":"TX","address":"3050 N. JOSEY LN, CARROLLTON, TX 75007","name":""},
  {"lat":33.024794,"lon":-96.841854,"city":"Carrollton","state":"TX","address":"4220 MIDWAY ROAD, CARROLLTON, TX 75007","name":""},
  {"lat":30.21162,"lon":-97.85184,"city":"Austin","state":"TX","address":"4625 W. WILLIAM CANNON DR, AUSTIN, TX 78749","name":""},
  {"lat":30.235115,"lon":-97.791397,"city":"Austin","state":"TX","address":"4001 S LAMAR BLVD, AUSTIN, TX 78704","name":""},
  {"lat":30.3553,"lon":-97.727518,"city":"Austin","state":"TX","address":"2020 W ANDERSON LANE, AUSTIN, TX 78757","name":""},
  {"lat":32.647484,"lon":-97.190491,"city":"Arlington","state":"TX","address":"5331 W SUBLETT RD, ARLINGTON, TX 76017","name":""},
  {"lat":32.758671,"lon":-97.10533,"city":"Arlington","state":"TX","address":"141 ROAD TO SIX FLAGS ST. W, ARLINGTON, TX 76011","name":""},
  {"lat":32.670787,"lon":-97.204419,"city":"Arlington","state":"TX","address":"4850 LITTLE RD, ARLINGTON, TX 76017","name":""},
  {"lat":35.119999,"lon":-89.910004,"city":"Memphis","state":"TN","address":"4572 POPLAR AVE, MEMPHIS, TN 38117","name":""},
  {"lat":35.096421,"lon":-89.860413,"city":"Memphis","state":"TN","address":"1285 RIDGEWAY ROAD, MEMPHIS, TN 38119","name":""},
  {"lat":35.052369,"lon":-89.807432,"city":"Memphis","state":"TN","address":"7630 POLO GROUNDS BLVD, MEMPHIS, TN 38125","name":""},
  {"lat":35.204489,"lon":-89.763369,"city":"Lakeland","state":"TN","address":"8864 US HIGHWAY 64, LAKELAND, TN 38002","name":""},
  {"lat":35.145,"lon":-89.797997,"city":"Cordova","state":"TN","address":"773 N GERMANTOWN PARKWAY, CORDOVA, TN 38018","name":""},
  {"lat":35.0471,"lon":-89.698707,"city":"Collierville","state":"TN","address":"1088 W POPLAR AVE, COLLIERVILLE, TN 38017","name":""},
  {"lat":35.207001,"lon":-89.862,"city":"Bartlett","state":"TN","address":"6050 STAGE ROAD, BARTLETT, TN 38134","name":""},
  {"lat":34.960207,"lon":-81.043494,"city":"Rock Hill","state":"SC","address":"745 ARDEN LANE, ROCK HILL, SC 29732","name":""},
  {"lat":41.698429,"lon":-71.494377,"city":"Warwick","state":"RI","address":"1500 BALD HILL ROAD, WARWICK, RI 02886","name":""},
  {"lat":41.856899,"lon":-71.399781,"city":"Pawtucket","state":"RI","address":"615 PAWTUCKET AVE, PAWTUCKET, RI 02860","name":""},
  {"lat":41.75918,"lon":-71.45702,"city":"Cranston","state":"RI","address":"190 HILLSIDE RD, CRANSTON, RI 02920","name":""},
  {"lat":40.341392,"lon":-75.982196,"city":"Wyomissing","state":"PA","address":"1183 BERKSHIRE BLVD., WYOMISSING, PA 19610","name":""},
  {"lat":39.971429,"lon":-75.586034,"city":"West Chester","state":"PA","address":"975 PAOLI PIKE, WEST CHESTER, PA 19380","name":""},
  {"lat":40.265818,"lon":-75.658051,"city":"Stowe","state":"PA","address":"120 UPLAND SQUARE DRIVE SUITE 120, STOWE, PA 19464","name":""},
  {"lat":39.914694,"lon":-75.333863,"city":"Springfield","state":"PA","address":"825 BALTIMORE PIKE, SPRINGFIELD, PA 19064","name":""},
  {"lat":40.457284,"lon":-79.916963,"city":"Pittsburgh","state":"PA","address":"6425 PENN AVE, PITTSBURGH, PA 15206","name":""},
  {"lat":40.427066,"lon":-79.966846,"city":"Pittsburgh","state":"PA","address":"2701 EAST CARSON STREET, PITTSBURGH, PA 15203","name":""},
  {"lat":40.4397,"lon":-80.1499,"city":"Pittsburgh","state":"PA","address":"400 SETTLERS RIDGE CENTER DRIVE, PITTSBURGH, PA 15205","name":""},
  {"lat":40.048981,"lon":-75.057655,"city":"Philadelphia","state":"PA","address":"2327 COTTMAN AVE, PHILADELPHIA, PA 19149","name":""},
  {"lat":40.078346,"lon":-75.024616,"city":"Philadelphia","state":"PA","address":"2560 GRANT AVENUE, PHILADELPHIA, PA 19114","name":""},
  {"lat":40.064323,"lon":-75.236896,"city":"Philadelphia","state":"PA","address":"701 CATHEDRAL ROAD, PHILADELPHIA, PA 19128","name":""},
  {"lat":40.234722,"lon":-75.235609,"city":"North Wales","state":"PA","address":"120 GARDEN GOLF BLVD., NORTH WALES, PA 19454","name":""},
  {"lat":40.439444,"lon":-79.768056,"city":"Monroeville","state":"PA","address":"4100 WILLIAM PENN HIGHWAY, SUITE 43, MONROEVILLE, PA 15146","name":""},
  {"lat":40.191676,"lon":-74.863544,"city":"Langhorne","state":"PA","address":"7 CABOT BLVD., LANGHORNE, PA 19047","name":""},
  {"lat":40.061856,"lon":-76.309018,"city":"Lancaster","state":"PA","address":"1300A LITITZ PIKE, LANCASTER, PA 17601","name":""},
  {"lat":40.084999,"lon":-75.404999,"city":"King of Prussia","state":"PA","address":"200 VILLAGE DR, KING OF PRUSSIA, PA 19406","name":""},
  {"lat":40.169632,"lon":-75.068939,"city":"Huntingdon Vly","state":"PA","address":"2020 COUNTY LINE RD., HUNTINGDON VLY, PA 19006","name":""},
  {"lat":40.304217,"lon":-79.579875,"city":"Greensburg","state":"PA","address":"3000 LINCOLN PLACE, GREENSBURG, PA 15601","name":""},
  {"lat":40.100664,"lon":-75.137623,"city":"Glenside","state":"PA","address":"371 HIGHLAND AVE, GLENSIDE, PA 19038","name":""},
  {"lat":40.139946,"lon":-75.169447,"city":"Fort Washington","state":"PA","address":"1175 VIRGINIA DRIVE, FORT WASHINGTON, PA 19034","name":""},
  {"lat":40.14729,"lon":-75.318199,"city":"East Norriton","state":"PA","address":"2961 SWEDE ROAD, EAST NORRITON, PA 19401","name":""},
  {"lat":40.016249,"lon":-75.673381,"city":"Downingtown","state":"PA","address":"109 QUARRY ROAD, DOWNINGTOWN, PA 19335","name":""},
  {"lat":40.076321,"lon":-75.162292,"city":"Cheltenham","state":"PA","address":"2401 CHELTENHAM AVE SUITE M3, CHELTENHAM, PA 19150","name":""},
  {"lat":40.2369,"lon":-76.9355,"city":"Camp Hill","state":"PA","address":"3321 TRINDLE ROAD, CAMP HILL, PA 17011","name":""},
  {"lat":39.97628,"lon":-75.343559,"city":"Broomall","state":"PA","address":"2170 WEST CHESTER PIKE, BROOMALL, PA 19008","name":""},
  {"lat":40.368872,"lon":-80.102166,"city":"Bridgeville","state":"PA","address":"1155 WASHINGTON PIKE, BRIDGEVILLE, PA 15017","name":""},
  {"lat":40.135406,"lon":-74.958231,"city":"Bensalem","state":"PA","address":"500 ROCK HILL DRIVE, BENSALEM, PA 19020","name":""},
  {"lat":40.002458,"lon":-75.225462,"city":"Bala Cynwyd","state":"PA","address":"25 EAST CITY AVENUE, BALA CYNWYD, PA 19004","name":""},
  {"lat":40.618574,"lon":-75.498076,"city":"Allentown","state":"PA","address":"1515 MAUCH CHUNK ROAD, ALLENTOWN, PA 18102","name":""},
  {"lat":45.382732,"lon":-122.75361,"city":"Tualatin","state":"OR","address":"7405 SW NYBERG STREET, TUALATIN, OR 97062","name":""},
  {"lat":45.53415,"lon":-122.65297,"city":"Portland","state":"OR","address":"1270 NE WEIDLER ST, PORTLAND, OR 97232","name":""},
  {"lat":45.492545,"lon":-122.57582,"city":"Portland","state":"OR","address":"4140 SE 82ND AVENUE, PORTLAND, OR 97266","name":""},
  {"lat":45.531504,"lon":-122.685665,"city":"Portland","state":"OR","address":"1400 NW NORTHRUP STREET, PORTLAND, OR 97209","name":""},
  {"lat":39.875278,"lon":-75.396389,"city":"Brookhaven","state":"PA","address":"4900 EDGMONT AVE, BROOKHAVEN, PA 19015","name":""},
  {"lat":45.54927,"lon":-122.90278,"city":"Hillsboro","state":"OR","address":"7410 NE IMBRIE DR, HILLSBORO, OR 97124","name":""},
  {"lat":45.510583,"lon":-122.43903,"city":"Gresham","state":"OR","address":"779 NW COUNCIL DRIVE, GRESHAM, OR 97030","name":""},
  {"lat":45.49952,"lon":-122.81292,"city":"Beaverton","state":"OR","address":"2800 SW HOCKEN AVE, BEAVERTON, OR 97005","name":""},
  {"lat":41.457571,"lon":-81.950212,"city":"Westlake","state":"OH","address":"131 MARKET STREET, WESTLAKE, OH 44145","name":""},
  {"lat":39.355032,"lon":-84.367661,"city":"West Chester","state":"OH","address":"7730 DUDLEY DRIVE, WEST CHESTER, OH 45069","name":""},
  {"lat":41.501355,"lon":-81.500839,"city":"Lyndhurst","state":"OH","address":"25145 CEDAR ROAD, LYNDHURST, OH 44124","name":""},
  {"lat":41.148423,"lon":-81.507725,"city":"Cuyahoga Falls","state":"OH","address":"1969 PORTAGE TRAIL, CUYAHOGA FALLS, OH 44223","name":""},
  {"lat":39.981178,"lon":-82.827873,"city":"Columbus","state":"OH","address":"6585 EAST BROAD STREET, COLUMBUS, OH 43213","name":""},
  {"lat":40.077934,"lon":-82.863144,"city":"Columbus","state":"OH","address":"5959 OLD HAMILTON RD, COLUMBUS, OH 43230","name":""},
  {"lat":39.974308,"lon":-83.025809,"city":"Columbus","state":"OH","address":"850 GOODALE BLVD, COLUMBUS, OH 43212","name":""},
  {"lat":40.066227,"lon":-83.026947,"city":"Columbus","state":"OH","address":"260 GRACELAND BLVD, COLUMBUS, OH 43212","name":""},
  {"lat":39.203932,"lon":-84.369238,"city":"Cincinnati","state":"OH","address":"8129 MONTGOMERY ROAD, CINCINNATI, OH 45236","name":""},
  {"lat":39.644742,"lon":-84.158326,"city":"Centerville","state":"OH","address":"45 WEST ALEX BELL ROAD, CENTERVILLE, OH 45459","name":""},
  {"lat":41.424444,"lon":-81.763333,"city":"Brooklyn","state":"OH","address":"5000 TIEDEMAN ROAD, BROOKLYN, OH 44144","name":""},
  {"lat":39.765286,"lon":-84.049965,"city":"Beavercreek","state":"OH","address":"2500-F NORTH FAIRFIELD RD, BEAVERCREEK, OH 45431","name":""},
  {"lat":40.963993,"lon":-73.855247,"city":"Yonkers","state":"NY","address":"77 COLE STREET, SPACE 1290, YONKERS, NY 10710","name":""},
  {"lat":42.827684,"lon":-78.753558,"city":"West Seneca","state":"NY","address":"1012 UNION RD, WEST SENECA, NY 14224","name":""},
  {"lat":43.213611,"lon":-77.448611,"city":"Webster","state":"NY","address":"929 HOLT ROAD, WEBSTER, NY 14580","name":""},
  {"lat":40.56715,"lon":-74.112923,"city":"Staten Island","state":"NY","address":"2656 HYLAN BLVD 2ND FLOOR, SUITE #250, STATEN ISLAND, NY 10306","name":""},
  {"lat":40.625279,"lon":-74.139659,"city":"Staten Island","state":"NY","address":"1565 FOREST AVE, STATEN ISLAND, NY 10302","name":""},
  {"lat":40.560056,"lon":-74.167588,"city":"Staten Island","state":"NY","address":"3231 RICHMOND AVE, STATEN ISLAND, NY 10312","name":""},
  {"lat":43.200554,"lon":-77.574821,"city":"Rochester","state":"NY","address":"1600 EAST RIDGE ROAD, ROCHESTER, NY 14621","name":""},
  {"lat":40.922972,"lon":-73.045402,"city":"Port Jefferson Station","state":"NY","address":"1046 ROUTE 112, PORT JEFFERSON STATION, NY 11776","name":""},
  {"lat":40.996079,"lon":-73.67247,"city":"Port Chester","state":"NY","address":"260 BOSTON POST RD, PORT CHESTER, NY 10573","name":""},
  {"lat":40.780278,"lon":-73.039167,"city":"Patchogue","state":"NY","address":"5 GATEWAY BLVD, PATCHOGUE, NY 11772","name":""},
  {"lat":40.740002,"lon":-73.32,"city":"North Babylon","state":"NY","address":"1230 DEER PARK AVE, NORTH BABYLON, NY 11703","name":""},
  {"lat":43.090278,"lon":-78.9875,"city":"Niagara Falls","state":"NY","address":"6610 NIAGARA FALLS BLVD, NIAGARA FALLS, NY 14304","name":""},
  {"lat":40.897961,"lon":-73.79409,"city":"New Rochelle","state":"NY","address":"75 NARDOZZI PLACE, NEW ROCHELLE, NY 10805","name":""},
  {"lat":40.754964,"lon":-73.700194,"city":"New Hyde Park","state":"NY","address":"1111 MARCUS AVENUE, NEW HYDE PARK, NY 11042","name":""},
  {"lat":40.68594,"lon":-73.354012,"city":"Lindenhurst","state":"NY","address":"455 PARK AVENUE, LINDENHURST, NY 11757","name":""},
  {"lat":43.14439,"lon":-77.548225,"city":"Rochester","state":"NY","address":"78 ROCKWOOD ST, ROCHESTER, NY 14610","name":""},
  {"lat":40.725675,"lon":-73.503539,"city":"Levittown","state":"NY","address":"3601-C HEMPSTEAD TURNPIKE, LEVITTOWN, NY 11756","name":""},
  {"lat":40.626358,"lon":-73.73922,"city":"Lawrence","state":"NY","address":"345 ROCKAWAY TURNPIKE, LAWRENCE, NY 11559","name":""},
  {"lat":40.869262,"lon":-73.125815,"city":"Lake Grove","state":"NY","address":"110 NEW MORICHES RD, LAKE GROVE, NY 11755","name":""},
  {"lat":40.829764,"lon":-73.422396,"city":"Huntington Station","state":"NY","address":"305 W. JERICHO TURNPIKE, HUNTINGTON STATION, NY 11746","name":""},
  {"lat":43.084722,"lon":-77.624167,"city":"Henrietta","state":"NY","address":"100 MARKETPLACE DRIVE, HENRIETTA, NY 14623","name":""},
  {"lat":43.20604,"lon":-77.678854,"city":"Greece","state":"NY","address":"1867 W RIDGE RD, GREECE, NY 14615","name":""},
  {"lat":40.733056,"lon":-73.607778,"city":"Garden City","state":"NY","address":"711 STEWART AVE, GARDEN CITY, NY 11530","name":""},
  {"lat":40.826,"lon":-73.024002,"city":"Farmingville","state":"NY","address":"2280 NORTH OCEAN AVE SUITE A, FARMINGVILLE, NY 11738","name":""},
  {"lat":40.748484,"lon":-73.424029,"city":"Farmingdale","state":"NY","address":"2110 ROUTE #110 BROAD HOLLOW ROAD, FARMINGDALE, NY 11735","name":""},
  {"lat":43.07082,"lon":-77.439323,"city":"Fairport","state":"NY","address":"6720 PITTSFORD-PALMYRA RD, FAIRPORT, NY 14450","name":""},
  {"lat":40.84069,"lon":-73.28502,"city":"Commack","state":"NY","address":"68 VETERANS MEMORIAL HIGHWAY, COMMACK, NY 11725","name":""},
  {"lat":42.916,"lon":-78.750999,"city":"Cheektowaga","state":"NY","address":"3737 UNION ROAD, SUITE 7, CHEEKTOWAGA, NY 14225","name":""},
  {"lat":40.672018,"lon":-73.85745,"city":"Howard Beach","state":"NY","address":"133-40 79TH STREET, UNIT B, HOWARD BEACH, NY 11414","name":""},
  {"lat":42.986111,"lon":-78.694722,"city":"Buffalo","state":"NY","address":"5089 TRANSIT ROAD, BUFFALO, NY 14221","name":""},
  {"lat":42.949146,"lon":-78.876823,"city":"Buffalo","state":"NY","address":"1893 ELMWOOD AVE SUITE 200, BUFFALO, NY 14207","name":""},
  {"lat":40.849468,"lon":-73.842771,"city":"The Bronx","state":"NY","address":"1776 EASTCHESTER ROAD, BRONX, NY 10461","name":""},
  {"lat":42.785772,"lon":-78.80808,"city":"Blasdell","state":"NY","address":"3701 MCKINLEY PARKWAY, BLASDELL, NY 14219","name":""},
  {"lat":40.736809,"lon":-73.248015,"city":"Bay Shore","state":"NY","address":"1675 SUNRISE HWY, BAY SHORE, NY 11706","name":""},
  {"lat":42.981667,"lon":-78.819722,"city":"Amherst","state":"NY","address":"3040 SHERIDAN DRIVE, AMHERST, NY 14226","name":""},
  {"lat":40.79117,"lon":-74.255001,"city":"West Orange","state":"NJ","address":"471 PROSPECT AVE, WEST ORANGE, NJ 07052","name":""},
  {"lat":40.963502,"lon":-74.237572,"city":"Wayne","state":"NJ","address":"1070 HAMBURG TURNPIKE, WAYNE, NJ 07470","name":""},
  {"lat":40.692001,"lon":-74.289001,"city":"Union","state":"NJ","address":"1235 WEST CHESTNUT ST, UNION, NJ 07083","name":""},
  {"lat":39.763558,"lon":-75.049844,"city":"Turnersville","state":"NJ","address":"5901 ROUTE 42, TURNERSVILLE, NJ 08012","name":""},
  {"lat":39.984016,"lon":-74.177757,"city":"Toms River","state":"NJ","address":"1207 HOOPER AVE, TOMS RIVER, NJ 08753","name":""},
  {"lat":40.57869,"lon":-74.389679,"city":"South Plainfield","state":"NJ","address":"907 OAK TREE AVE SUITE D1, SOUTH PLAINFIELD, NJ 07080","name":""},
  {"lat":40.55621,"lon":-74.431126,"city":"South Plainfield","state":"NJ","address":"200 NEW WORLD WAY, SOUTH PLAINFIELD, NJ 07080","name":""},
  {"lat":40.789489,"lon":-74.043485,"city":"Secaucus","state":"NJ","address":"485 HARMON MEADOW, SECAUCUS, NJ 07094","name":""},
  {"lat":40.875,"lon":-74.539722,"city":"Randolph","state":"NJ","address":"140 STATE HIGHWAY 10, RANDOLPH, NJ 07869","name":""},
  {"lat":40.8396,"lon":-74.435188,"city":"Parsippany","state":"NJ","address":"30 SYLVAN WAY, PARSIPPANY, NJ 07054","name":""},
  {"lat":40.934847,"lon":-74.067631,"city":"Paramus","state":"NJ","address":"240 ROUTE 17 N, PARAMUS, NJ 07652","name":""},
  {"lat":40.46495,"lon":-74.452516,"city":"North Brunswick","state":"NJ","address":"536 MILLTOWN ROAD, NORTH BRUNSWICK, NJ 08902","name":""},
  {"lat":40.740273,"lon":-74.193184,"city":"Newark","state":"NJ","address":"237 SOUTH ORANGE AVE, NEWARK, NJ 07103","name":""},
  {"lat":39.970134,"lon":-74.9032,"city":"Mount Laurel","state":"NJ","address":"4300 DEARBORN CIRCLE, MT. LAUREL, NJ 08054","name":""},
  {"lat":39.911111,"lon":-74.941944,"city":"Marlton","state":"NJ","address":"1051 ROUTE 73 NORTH, MARLTON, NJ 08053","name":""},
  {"lat":40.880663,"lon":-74.084431,"city":"Lodi","state":"NJ","address":"199 MAIN ST, LODI, NJ 07644","name":""},
  {"lat":40.619282,"lon":-74.253365,"city":"Linden","state":"NJ","address":"950 WEST EDGAR ROAD, LINDEN, NJ 07036","name":""},
  {"lat":40.761301,"lon":-74.160257,"city":"Kearny","state":"NJ","address":"175 PASSAIC AVE, KEARNY, NJ 07032","name":""},
  {"lat":40.129177,"lon":-74.220924,"city":"Howell","state":"NJ","address":"90 LANES MILL ROAD, HOWELL, NJ 07731","name":""},
  {"lat":39.720637,"lon":-75.116697,"city":"Glassboro","state":"NJ","address":"731 DELSEA DRIVE N., GLASSBORO, NJ 08028","name":""},
  {"lat":40.517319,"lon":-74.37381,"city":"Edison","state":"NJ","address":"905 US ROUTE 1, EDISON, NJ 08817","name":""},
  {"lat":40.453333,"lon":-74.400556,"city":"East Brunswick","state":"NJ","address":"341 STATE ROUTE 18, EAST BRUNSWICK, NJ 08816","name":""},
  {"lat":40.880001,"lon":-74.120003,"city":"Clifton","state":"NJ","address":"87 ACKERMAN AVE, CLIFTON, NJ 07011","name":""},
  {"lat":40.839139,"lon":-74.155676,"city":"Clifton","state":"NJ","address":"852 ROUTE 3, CLIFTON, NJ 07012","name":""},
  {"lat":40.437592,"lon":-74.225113,"city":"Cliffwood","state":"NJ","address":"325 STATE ROUTE 35, CLIFFWOOD, NJ 07721","name":""},
  {"lat":40.629973,"lon":-74.30325,"city":"Clark","state":"NJ","address":"1255 RARITAN RD SUITE 720, CLARK, NJ 07066","name":""},
  {"lat":40.060001,"lon":-74.139999,"city":"Brick","state":"NJ","address":"1 BRICK PLAZA, BRICK, NJ 08723","name":""},
  {"lat":40.670731,"lon":-74.104607,"city":"Bayonne","state":"NJ","address":"40 GOLDSBOROUGH DRIVE, BAYONNE, NJ 07002","name":""},
  {"lat":40.591849,"lon":-74.288674,"city":"Avenel","state":"NJ","address":"1624 ST GEORGES AVE, AVENEL, NJ 07001","name":""},
  {"lat":36.085373,"lon":-80.293552,"city":"Winston-Salem","state":"NC","address":"240 HARVEY STREET, WINSTON-SALEM, NC 27103","name":""},
  {"lat":35.873565,"lon":-78.580155,"city":"Raleigh","state":"NC","address":"6461 TRIANGLE PLANTATION DRIVE, RALEIGH, NC 27616","name":""},
  {"lat":35.343472,"lon":-80.769562,"city":"Charlotte","state":"NC","address":"3024 PROSPERITY CHURCH ROAD UNIT A, CHARLOTTE, NC 28269","name":""},
  {"lat":35.069381,"lon":-80.844701,"city":"Charlotte","state":"NC","address":"12325 COPPER WAY, CHARLOTTE, NC 28277","name":""},
  {"lat":44.954887,"lon":-93.158006,"city":"Saint Paul","state":"MN","address":"1370 UNIVERSITY AVE WEST, ST PAUL, MN 55104","name":""},
  {"lat":44.938633,"lon":-93.346367,"city":"Saint Louis Park","state":"MN","address":"3555 S HIGHWAY 100, ST LOUIS PARK, MN 55416","name":""},
  {"lat":44.88435,"lon":-93.284943,"city":"Richfield","state":"MN","address":"6501 LYNDALE AVENUE S, RICHFIELD, MN 55423","name":""},
  {"lat":45.065784,"lon":-93.216663,"city":"New Brighton","state":"MN","address":"1101 SILVER LAKE ROAD, NEW BRIGHTON, MN 55112","name":""},
  {"lat":45.034722,"lon":-93.020833,"city":"Maplewood","state":"MN","address":"1940 COUNTY ROAD D EAST, MAPLEWOOD, MN 55109","name":""},
  {"lat":44.93212,"lon":-93.422043,"city":"Hopkins","state":"MN","address":"1710 STATE HIGHWAY 7, HOPKINS, MN 55343","name":""},
  {"lat":44.897644,"lon":-93.080615,"city":"West Saint Paul","state":"MN","address":"1611 ROBERT ST, WEST ST PAUL, MN 55118","name":""},
  {"lat":44.865,"lon":-93.331667,"city":"Edina","state":"MN","address":"4175 WEST 76TH STREET, EDINA, MN 55435","name":""},
  {"lat":45.1313,"lon":-93.3623,"city":"Brooklyn Park","state":"MN","address":"6600 96TH LANE NORTH, BROOKLYN PARK, MN 55445","name":""},
  {"lat":44.729464,"lon":-93.208485,"city":"Apple Valley","state":"MN","address":"15135 GALAXIE AVENUE, APPLE VALLEY, MN 55124","name":""},
  {"lat":42.139358,"lon":-83.236858,"city":"Woodhaven","state":"MI","address":"20940 WEST ROAD, WOODHAVEN, MI 48183","name":""},
  {"lat":42.51375,"lon":-83.049004,"city":"Warren","state":"MI","address":"30195 MOUND RD, WARREN, MI 48092","name":""},
  {"lat":42.561389,"lon":-83.133611,"city":"Troy","state":"MI","address":"710 E. BIG BEAVER ROAD, TROY, MI 48083","name":""},
  {"lat":42.622801,"lon":-83.052167,"city":"Sterling Heights","state":"MI","address":"44777 MOUND ROAD, STERLING HEIGHTS, MI 48314","name":""},
  {"lat":42.450866,"lon":-82.916795,"city":"Saint Clair Shores","state":"MI","address":"20701 E. EIGHT MILE ROAD, ST. CLAIR SHORES, MI 48080","name":""},
  {"lat":42.709999,"lon":-83.040001,"city":"Shelby","state":"MI","address":"7500 26 MILE RD, SHELBY TOWNSHIP, MI 48316","name":""},
  {"lat":42.478087,"lon":-83.146698,"city":"Royal Oak","state":"MI","address":"25352 WOODWARD AVE, ROYAL OAK, MI 48067","name":""},
  {"lat":42.525312,"lon":-82.919721,"city":"Roseville","state":"MI","address":"31055 GRATIOT AVE, ROSEVILLE, MI 48066","name":""},
  {"lat":42.359253,"lon":-83.447945,"city":"Plymouth","state":"MI","address":"41128 ANN ARBOR RD E, PLYMOUTH, MI 48170","name":""},
  {"lat":42.43,"lon":-83.339996,"city":"Livonia","state":"MI","address":"29659 7 MILE RD, LIVONIA, MI 48152","name":""},
  {"lat":42.367137,"lon":-83.341995,"city":"Livonia","state":"MI","address":"30273 PLYMOUTH ROAD, LIVONIA, MI 48150","name":""},
  {"lat":42.417285,"lon":-82.911679,"city":"Detroit","state":"MI","address":"22327 MOROSS ROAD, DETROIT, MI 48236","name":""},
  {"lat":42.627004,"lon":-82.94093,"city":"Clinton","state":"MI","address":"17500 HALL ROAD, CLINTON TOWNSHIP, MI 48038","name":""},
  {"lat":42.279999,"lon":-83.779999,"city":"Ann Arbor","state":"MI","address":"155 N MAPLE RD, ANN ARBOR, MI 48103","name":""},
  {"lat":42.281144,"lon":-83.206166,"city":"Allen Park","state":"MI","address":"3223 FAIRLANE DRIVE, ALLEN PARK, MI 48101","name":""},
  {"lat":38.62728,"lon":-76.911561,"city":"Waldorf","state":"MD","address":"2916 FESTIVAL WAY, WALDORF, MD 20601","name":""},
  {"lat":38.899249,"lon":-76.791708,"city":"Upper Marlboro","state":"MD","address":"50 WATKINS PARK DRIVE, UPPER MARLBORO, MD 20774","name":""},
  {"lat":39.398637,"lon":-76.602897,"city":"Towson","state":"MD","address":"435 YORK ROAD #300, TOWSON, MD 21204","name":""},
  {"lat":39.091692,"lon":-77.046855,"city":"Silver Spring","state":"MD","address":"2219 BEL PRE ROAD, SILVER SPRING, MD 20906","name":""},
  {"lat":38.998262,"lon":-77.029274,"city":"Silver Spring","state":"MD","address":"8616 CAMERON ST, SILVER SPRING, MD 20910","name":""},
  {"lat":39.14284,"lon":-76.650734,"city":"Severn","state":"MD","address":"7858-A QUARTERFIELD RD, SEVERN, MD 21144","name":""},
  {"lat":39.409698,"lon":-76.770798,"city":"Owings Mills","state":"MD","address":"10040 REISTERSTOWN ROAD, OWINGS MILLS, MD 21117","name":""},
  {"lat":39.371712,"lon":-76.508034,"city":"Nottingham","state":"MD","address":"7927 BELAIR RD, NOTTINGHAM, MD 21236","name":""},
  {"lat":39.096609,"lon":-76.853289,"city":"Laurel","state":"MD","address":"327 MONTROSE AVE, LAUREL, MD 20707","name":""},
  {"lat":39.250833,"lon":-76.6675,"city":"Lansdowne","state":"MD","address":"3551 WASHINGTON BLVD, LANSDOWNE, MD 21227","name":""},
  {"lat":38.919079,"lon":-76.843422,"city":"Lanham","state":"MD","address":"9450 RUBY LOCKHART BLVD, LANHAM, MD 20706","name":""},
  {"lat":39.037879,"lon":-76.679203,"city":"Gambrills","state":"MD","address":"2625 BRANDERMILL BLVD, GAMBRILLS, MD 21054","name":""},
  {"lat":39.114,"lon":-77.204,"city":"Gaithersburg","state":"MD","address":"314 COPLEY PLACE, GAITHERSBURG, MD 20878","name":""},
  {"lat":39.141917,"lon":-77.221176,"city":"Gaithersburg","state":"MD","address":"602 QUINCE ORCHARD RD, GAITHERSBURG, MD 20878","name":""},
  {"lat":38.943954,"lon":-76.737182,"city":"Bowie","state":"MD","address":"15401 EMERALD WAY, BOWIE, MD 20716","name":""},
  {"lat":39.286175,"lon":-76.548424,"city":"Baltimore","state":"MD","address":"5711 FLEET ST, BALTIMORE, MD 21224","name":""},
  {"lat":42.156492,"lon":-71.200424,"city":"Walpole","state":"MA","address":"20 PROVIDENCE HIGHWAY, WALPOLE, MA 02032","name":""},
  {"lat":42.15333,"lon":-71.073477,"city":"Stoughton","state":"MA","address":"3 HAWES WAY, STOUGHTON, MA 02072","name":""},
  {"lat":42.493825,"lon":-71.10306,"city":"Stoneham","state":"MA","address":"121 MAIN STREET, STONEHAM, MA 02180","name":""},
  {"lat":42.095896,"lon":-72.586992,"city":"Springfield","state":"MA","address":"1150 WEST COLUMBUS AVENUE, UNIT 1, SPRINGFIELD, MA 01105","name":""},
  {"lat":42.451111,"lon":-71.021667,"city":"Saugus","state":"MA","address":"1450 BROADWAY, SAUGUS, MA 01906","name":""},
  {"lat":42.29799,"lon":-71.38785,"city":"Natick","state":"MA","address":"1 DEAN ROAD (SHERWOOD PLAZA), NATICK, MA 01760","name":""},
  {"lat":39.052118,"lon":-84.57269,"city":"Crescent Springs","state":"KY","address":"550 CLOCK TOWER WAY, CRESCENT SPRINGS, KY 41017","name":""},
  {"lat":40.032346,"lon":-85.993552,"city":"Noblesville","state":"IN","address":"16640 MERCANTILE BLVD, NOBLESVILLE, IN 46060","name":""},
  {"lat":39.827751,"lon":-86.278328,"city":"Indianapolis","state":"IN","address":"4015 SHORE DRIVE, INDIANAPOLIS, IN 46254","name":""},
  {"lat":39.85453,"lon":-85.993075,"city":"Indianapolis","state":"IN","address":"9930 PENDLETON PIKE, INDIANAPOLIS, IN 46236","name":""},
  {"lat":39.622524,"lon":-86.159511,"city":"Greenwood","state":"IN","address":"540 N. STATE ROAD 135, GREENWOOD, IN 46142","name":""},
  {"lat":39.95961,"lon":-85.99404,"city":"Fishers","state":"IN","address":"11752 CUMBERLAND ROAD, FISHERS, IN 46037","name":""},
  {"lat":39.125302,"lon":-76.589946,"city":"Pasadena","state":"MD","address":"8120 JUMPERS HOLE ROAD, PASADENA, MD 21122","name":""},
  {"lat":40.002232,"lon":-86.1143,"city":"Carmel","state":"IN","address":"2744 E. 146TH STREET, CARMEL, IN 46033","name":""},
  {"lat":39.939192,"lon":-86.238808,"city":"Carmel","state":"IN","address":"10574 WORKOUT WAY, CARMEL, IN 46032","name":""},
  {"lat":41.775356,"lon":-87.977036,"city":"Westmont","state":"IL","address":"100 WEST 63RD ST, WESTMONT, IL 60559","name":""},
  {"lat":42.101183,"lon":-88.288029,"city":"West Dundee","state":"IL","address":"400 NORTH EIGHTH STREET, WEST DUNDEE, IL 60118","name":""},
  {"lat":41.557277,"lon":-87.791719,"city":"Tinley Park","state":"IL","address":"18400 CONVENTION CENTER DRIVE, TINLEY PARK, IL 60477","name":""},
  {"lat":41.914796,"lon":-88.339348,"city":"St. Charles","state":"IL","address":"238 N. RANDALL ROAD, ST. CHARLES, IL 60174","name":""},
  {"lat":39.76574,"lon":-89.703723,"city":"Springfield","state":"IL","address":"2501 WABASH AVE, SPRINGFIELD, IL 62704","name":""},
  {"lat":41.977355,"lon":-88.343634,"city":"South Elgin","state":"IL","address":"488 RANDALL RD, SOUTH ELGIN, IL 60177","name":""},
  {"lat":42.012539,"lon":-87.715894,"city":"Skokie","state":"IL","address":"3450 WEST TOUHY AVENUE, SKOKIE, IL 60076","name":""},
  {"lat":42.049622,"lon":-88.046949,"city":"Schaumburg","state":"IL","address":"1321 E. GOLF RD., SCHAUMBURG, IL 60173","name":""},
  {"lat":42.381642,"lon":-88.07021,"city":"Round Lake Beach","state":"IL","address":"540 E. ROLLINS RD, ROUND LAKE BEACH, IL 60073","name":""},
  {"lat":41.552604,"lon":-88.20006,"city":"Plainfield","state":"IL","address":"1745 ROUTE 59, PLAINFIELD, IL 60586","name":""},
  {"lat":41.719238,"lon":-87.724899,"city":"Oak Lawn","state":"IL","address":"4081 W. 95TH STREET, OAK LAWN, IL 60453","name":""},
  {"lat":41.73204,"lon":-87.741271,"city":"Oak Lawn","state":"IL","address":"8812 SOUTH CICERO AVE, OAK LAWN, IL 60453","name":""},
  {"lat":41.957779,"lon":-87.80915,"city":"Norridge","state":"IL","address":"4260 N HARLEM AVE, NORRIDGE, IL 60706","name":""},
  {"lat":42.01091,"lon":-87.77018,"city":"Niles","state":"IL","address":"5701 W TOUHY AVE, NILES, IL 60714","name":""},
  {"lat":41.508611,"lon":-87.919444,"city":"New Lenox","state":"IL","address":"2431 EAST LINCOLN HIGHWAY, NEW LENOX, IL 60451","name":""},
  {"lat":41.745689,"lon":-88.20244,"city":"Naperville","state":"IL","address":"2780 FITNESS DRIVE, NAPERVILLE, IL 60564","name":""},
  {"lat":41.708347,"lon":-88.203789,"city":"Naperville","state":"IL","address":"3116 SOUTH ROUTE 59 SUITE 160, NAPERVILLE, IL 60564","name":""},
  {"lat":42.241699,"lon":-87.991699,"city":"Mundelein","state":"IL","address":"1555 S. LAKE STREET, MUNDELEIN, IL 60060","name":""},
  {"lat":42.067536,"lon":-87.919131,"city":"Mount Prospect","state":"IL","address":"1145 MT PROSPECT PLAZA, MT PROSPECT, IL 60056","name":""},
  {"lat":42.03923,"lon":-87.794938,"city":"Morton Grove","state":"IL","address":"6791 DEMPSTER STREET, MORTON GROVE, IL 60053","name":""},
  {"lat":41.910623,"lon":-87.848106,"city":"Melrose Park","state":"IL","address":"1101 W NORTH AVE, MELROSE PARK, IL 60160","name":""},
  {"lat":41.501028,"lon":-87.731741,"city":"Matteson","state":"IL","address":"4701 LINCOLN MALL DR., MATTESON, IL 60443","name":""},
  {"lat":41.81937,"lon":-87.804234,"city":"Lyons","state":"IL","address":"3940 S. HARLEM AVENUE, LYONS, IL 60534","name":""},
  {"lat":41.860001,"lon":-88,"city":"Lombard","state":"IL","address":"575 EAST ROOSEVELT ROAD, LOMBARD, IL 60148","name":""},
  {"lat":42.184208,"lon":-88.090179,"city":"Lake Zurich","state":"IL","address":"825 SOUTH RAND ROAD, LAKE ZURICH, IL 60047","name":""},
  {"lat":42.154892,"lon":-87.803343,"city":"Highland Park","state":"IL","address":"115 SKOKIE VALLEY ROAD, HIGHLAND PARK, IL 60035","name":""},
  {"lat":42.009717,"lon":-88.147092,"city":"Hanover Park","state":"IL","address":"7650 NORTH BARRINGTON ROAD, HANOVER PARK, IL 60133","name":""},
  {"lat":42.108439,"lon":-87.872193,"city":"Glenview","state":"IL","address":"3880 WILLOW ROAD, GLENVIEW, IL 60062","name":""},
  {"lat":41.917,"lon":-87.940002,"city":"Elmhurst","state":"IL","address":"620 NORTH YORK ST, ELMHURST, IL 60126","name":""},
  {"lat":41.754097,"lon":-88.017284,"city":"Downers Grove","state":"IL","address":"1320 75TH ST., DOWNERS GROVE, IL 60516","name":""},
  {"lat":41.828251,"lon":-88.027532,"city":"Downers Grove","state":"IL","address":"3200 FINLEY ROAD, DOWNERS GROVE, IL 60515","name":""},
  {"lat":41.78238,"lon":-87.868015,"city":"Countryside","state":"IL","address":"5917 SO. LA GRANGE ROAD, COUNTRYSIDE, IL 60525","name":""},
  {"lat":41.712028,"lon":-87.782412,"city":"Chicago Ridge","state":"IL","address":"222 COMMONS DRIVE, CHICAGO RIDGE, IL 60415","name":""},
  {"lat":41.91131,"lon":-87.635553,"city":"Chicago","state":"IL","address":"230 W. NORTH AVENUE, CHICAGO, IL 60610","name":""},
  {"lat":41.930164,"lon":-87.686229,"city":"Chicago","state":"IL","address":"2310 W. LOGAN BLVD., CHICAGO, IL 60647","name":""},
  {"lat":41.941258,"lon":-87.669455,"city":"Chicago","state":"IL","address":"3240 N. ASHLAND AVENUE, CHICAGO, IL 60657","name":""},
  {"lat":41.92522,"lon":-87.787408,"city":"Chicago","state":"IL","address":"6420 W. FULLERTON AVENUE, CHICAGO, IL 60707","name":""},
  {"lat":41.945792,"lon":-87.714775,"city":"Chicago","state":"IL","address":"3443 WEST ADDISON ST, CHICAGO, IL 60618","name":""},
  {"lat":41.975361,"lon":-87.745995,"city":"Chicago","state":"IL","address":"4705 W FOSTER AVE, CHICAGO, IL 60630","name":""},
  {"lat":41.822869,"lon":-87.689833,"city":"Chicago","state":"IL","address":"2620 W PERSHING ROAD, CHICAGO, IL 60632","name":""},
  {"lat":41.831944,"lon":-87.615278,"city":"Chicago","state":"IL","address":"3435 SOUTH DR MARTIN LUTHER KING JR DRIVE, CHICAGO, IL 60616","name":""},
  {"lat":41.791667,"lon":-87.703611,"city":"Chicago","state":"IL","address":"5559 S KEDZIE AVE, CHICAGO, IL 60629","name":""},
  {"lat":41.992446,"lon":-87.660348,"city":"Chicago","state":"IL","address":"6107 NORTH BROADWAY STREET, CHICAGO, IL 60660","name":""},
  {"lat":41.968815,"lon":-87.674819,"city":"Chicago","state":"IL","address":"1804 WEST LAWRENCE AVE, CHICAGO, IL 60640","name":""},
  {"lat":41.977375,"lon":-87.837367,"city":"Chicago","state":"IL","address":"5444 N CUMBERLAND AVE, CHICAGO, IL 60656","name":""},
  {"lat":42.017787,"lon":-87.675626,"city":"Chicago","state":"IL","address":"7529 NORTH CLARK STREET, CHICAGO, IL 60626","name":""},
  {"lat":41.933628,"lon":-87.645514,"city":"Chicago","state":"IL","address":"2828 NORTH CLARK STREET, CHICAGO, IL 60657","name":""},
  {"lat":41.800687,"lon":-87.587503,"city":"Chicago","state":"IL","address":"5224 S LAKE PARK AVE, CHICAGO, IL 60615","name":""},
  {"lat":41.884092,"lon":-87.625639,"city":"Chicago","state":"IL","address":"55 EAST RANDOLPH ST, CHICAGO, IL 60601","name":""},
  {"lat":41.868626,"lon":-87.63854,"city":"Chicago","state":"IL","address":"1101 SOUTH CANAL STREET, CHICAGO, IL 60607","name":""},
  {"lat":41.902489,"lon":-88.10778,"city":"Carol Stream","state":"IL","address":"470 E NORTH AVE, CAROL STREAM, IL 60188","name":""},
  {"lat":41.850446,"lon":-87.849153,"city":"Broadview","state":"IL","address":"200 BROADVIEW VILLAGE SQUARE, BROADVIEW, IL 60155","name":""},
  {"lat":42.1078,"lon":-87.978302,"city":"Arlington Heights","state":"IL","address":"345 EAST PALATINE ROAD, ARLINGTON HEIGHTS, IL 60004","name":""},
  {"lat":41.94525,"lon":-88.024164,"city":"Addison","state":"IL","address":"1421 W LAKE ST., ADDISON, IL 60101","name":""},
  {"lat":34.112382,"lon":-84.564436,"city":"Woodstock","state":"GA","address":"2060 EAGLE DRIVE, WOODSTOCK, GA 30189","name":""},
  {"lat":33.8425,"lon":-84.246389,"city":"Tucker","state":"GA","address":"1990 WEST EXCHANGE PLACE, TUCKER, GA 30084","name":""},
  {"lat":34.122222,"lon":-84.078333,"city":"Sugar Hill","state":"GA","address":"6025 CUMMING HIGHWAY, SUGAR HILL, GA 30518","name":""},
  {"lat":33.82335,"lon":-84.112721,"city":"Stone Mountain","state":"GA","address":"5295 STONE MOUNTAIN HIGHWAY, STONE MOUNTAIN, GA 30087","name":""},
  {"lat":33.873266,"lon":-84.012379,"city":"Snellville","state":"GA","address":"2279 PINEHURST RD, SNELLVILLE, GA 30078","name":""},
  {"lat":33.937408,"lon":-84.378241,"city":"Sandy Springs","state":"GA","address":"6690 ROSWELL ROAD, SANDY SPRINGS, GA 30328","name":""},
  {"lat":34.063,"lon":-84.391998,"city":"Roswell","state":"GA","address":"1045 WOODSTOCK ROAD, ROSWELL, GA 30075","name":""},
  {"lat":34.018243,"lon":-84.317054,"city":"Roswell","state":"GA","address":"1475 HOLCOMB BRIDGE RD STE 189, ROSWELL, GA 30076","name":""},
  {"lat":33.952,"lon":-84.236,"city":"Peachtree Corners","state":"GA","address":"6131 PEACHTREE PARKWAY, PEACHTREE CORNERS, GA 30092","name":""},
  {"lat":33.564876,"lon":-84.329805,"city":"Morrow","state":"GA","address":"7057 MOUNT ZION CIRCLE, MORROW, GA 30260","name":""},
  {"lat":33.463982,"lon":-84.208193,"city":"McDonough","state":"GA","address":"95 FOSTER DRIVE, MCDONOUGH, GA 30253","name":""},
  {"lat":33.916882,"lon":-84.468724,"city":"Marietta","state":"GA","address":"1453 TERRELL MILL ROAD, SUITE 145, MARIETTA, GA 30067","name":""},
  {"lat":34.011293,"lon":-84.493674,"city":"Marietta","state":"GA","address":"2550 SANDY PLAINS RD, MARIETTA, GA 30066","name":""},
  {"lat":33.984444,"lon":-84.422657,"city":"Marietta","state":"GA","address":"4400 ROSWELL ROAD SUITE 126, MARIETTA, GA 30062","name":""},
  {"lat":33.940945,"lon":-83.98465,"city":"Lawrenceville","state":"GA","address":"600 GWINNETT DR, LAWRENCEVILLE, GA 30045","name":""},
  {"lat":33.97498,"lon":-84.077535,"city":"Lawrenceville","state":"GA","address":"1860 DULUTH HIGHWAY, LAWRENCEVILLE, GA 30043","name":""},
  {"lat":34.055722,"lon":-84.590486,"city":"Kennesaw","state":"GA","address":"4200 WADE GREEN RD SUITE 38, KENNESAW, GA 30144","name":""},
  {"lat":33.932778,"lon":-84.35,"city":"Dunwoody","state":"GA","address":"1155 MOUNT VERNON HWY., STE 600, DUNWOODY, GA 30338","name":""},
  {"lat":33.943859,"lon":-84.127977,"city":"Duluth","state":"GA","address":"1625 PLEASANT HILL RD # 245, DULUTH, GA 30096","name":""},
  {"lat":34.006271,"lon":-84.172607,"city":"Duluth","state":"GA","address":"3455 PEACHTREE INDUSTRIAL BLVD, DULUTH, GA 30096","name":""},
  {"lat":34.067898,"lon":-84.170884,"city":"Duluth","state":"GA","address":"11720 MEDLOCK BRIDGE ROAD SUITE 400, DULUTH, GA 30097","name":""},
  {"lat":33.724648,"lon":-84.73204,"city":"Douglasville","state":"GA","address":"3020 CHAPEL HILL RD, DOUGLASVILLE, GA 30135","name":""},
  {"lat":33.791389,"lon":-84.286667,"city":"Decatur","state":"GA","address":"1496 CHURCH ST, DECATUR, GA 30030","name":""},
  {"lat":33.724167,"lon":-84.168889,"city":"Decatur","state":"GA","address":"6088 COVINGTON HIGHWAY, DECATUR, GA 30035","name":""},
  {"lat":34.185278,"lon":-84.143611,"city":"Cumming","state":"GA","address":"540 LAKELAND PLAZA, CUMMING, GA 30040","name":""},
  {"lat":33.646804,"lon":-84.010944,"city":"Conyers","state":"GA","address":"1618 HIGHWAY 138, CONYERS, GA 30013","name":""},
  {"lat":34.076111,"lon":-83.986389,"city":"Buford","state":"GA","address":"3420 BUFORD DRIVE NE, BUFORD, GA 30519","name":""},
  {"lat":33.855802,"lon":-84.600338,"city":"Austell","state":"GA","address":"3999 AUSTELL ROAD, SUITE 101, AUSTELL, GA 30106","name":""},
  {"lat":33.851006,"lon":-84.359772,"city":"Atlanta","state":"GA","address":"3535 PEACHTREE ROAD NE SUITE 300, ATLANTA, GA 30326","name":""},
  {"lat":33.777328,"lon":-84.389484,"city":"Atlanta","state":"GA","address":"75 FIFTH STREET NW SUITE E, ATLANTA, GA 30308","name":""},
  {"lat":33.581526,"lon":-84.469416,"city":"Atlanta","state":"GA","address":"6385 OLD NATIONAL HIGHWAY, ATLANTA, GA 30349","name":""},
  {"lat":33.7935,"lon":-84.39657,"city":"Atlanta","state":"GA","address":"261 19TH ST. SUITE 1140, ATLANTA, GA 30363","name":""},
  {"lat":33.657015,"lon":-84.508319,"city":"Atlanta","state":"GA","address":"3755 CARMIA DR. SW, SUITE 700, ATLANTA, GA 30331","name":""},
  {"lat":33.818256,"lon":-84.310439,"city":"Atlanta","state":"GA","address":"2880 N. DRUID HILL, ATLANTA, GA 30329","name":""},
  {"lat":33.882049,"lon":-84.458492,"city":"Atlanta","state":"GA","address":"2995 COBB PARKWAY, ATLANTA, GA 30339","name":""},
  {"lat":33.797765,"lon":-84.371325,"city":"Atlanta","state":"GA","address":"1544 PIEDMONT AVE NE SUITE 115, ATLANTA, GA 30324","name":""},
  {"lat":33.844317,"lon":-84.373908,"city":"Atlanta","state":"GA","address":"3232 PEACHTREE ROAD NE, #A, ATLANTA, GA 30305","name":""},
  {"lat":34.08911,"lon":-84.267932,"city":"Alpharetta","state":"GA","address":"5530 WINDWARD PARKWAY, SUITE H, ALPHARETTA, GA 30004","name":""},
  {"lat":28.60548,"lon":-81.368121,"city":"Winter Park","state":"FL","address":"501 NORTH ORLANDO AVE., UNIT #219, WINTER PARK, FL 32789","name":""},
  {"lat":28.624601,"lon":-81.313148,"city":"Winter Park","state":"FL","address":"1540 STATE ROAD 436, WINTER PARK, FL 32792","name":""},
  {"lat":28.524417,"lon":-81.585331,"city":"Winter Garden","state":"FL","address":"3029 DANIELS RD., WINTER GARDEN, FL 34787","name":""},
  {"lat":28.491928,"lon":-81.510658,"city":"Windermere","state":"FL","address":"4768 THE GROVE DRIVE, WINDERMERE, FL 34786","name":""},
  {"lat":26.704118,"lon":-80.113781,"city":"West Palm Beach","state":"FL","address":"1925 N. MILITARY TRAIL, WEST PALM BEACH, FL 33409","name":""},
  {"lat":28.035833,"lon":-80.653611,"city":"West Melbourne","state":"FL","address":"4454 HOLLYWOOD BLVD, WEST MELBOURNE, FL 32904","name":""},
  {"lat":26.649355,"lon":-80.206501,"city":"Wellington","state":"FL","address":"10180 FOREST HILL BLVD., WELLINGTON, FL 33414","name":""},
  {"lat":26.026088,"lon":-80.314828,"city":"West Pembroke","state":"FL","address":"1900 N. FLAMINGO ROAD, W. PEMBROKE, FL 33028","name":""},
  {"lat":27.938873,"lon":-82.252769,"city":"Tampa","state":"FL","address":"1930 STATE ROAD 60 E, VALRICO, FL 33594","name":""},
  {"lat":27.389495,"lon":-82.455875,"city":"Hialeah","state":"FL","address":"8502 COOPER CREEK BLVD, UNIVERSITY PARK, FL 34201","name":""},
  {"lat":28.109183,"lon":-82.386303,"city":"Tampa","state":"FL","address":"5225 CYPRESS PRESERVE DRIVE, TAMPA, FL 33647","name":""},
  {"lat":28.011148,"lon":-82.609575,"city":"Tampa","state":"FL","address":"11252 WEST HILLSBOROUGH AVE., TAMPA, FL 33635","name":""},
  {"lat":28.061813,"lon":-82.542826,"city":"Tampa","state":"FL","address":"5735 GUNN HIGHWAY, TAMPA, FL 33625","name":""},
  {"lat":27.941696,"lon":-82.506271,"city":"Tampa","state":"FL","address":"301 S DALE MABRY HWY, TAMPA, FL 33609","name":""},
  {"lat":28.170013,"lon":-82.356502,"city":"Tampa","state":"FL","address":"6411 COUNTY LINE RD EAST, TAMPA, FL 33647","name":""},
  {"lat":26.146704,"lon":-80.333533,"city":"Sunrise","state":"FL","address":"13999 WEST SUNRISE BLVD, SUNRISE, FL 33323","name":""},
  {"lat":27.825368,"lon":-82.638817,"city":"Saint Petersburg","state":"FL","address":"5900 4TH ST. N., ST. PETERSBURG, FL 33703","name":""},
  {"lat":27.791673,"lon":-82.736725,"city":"Saint Petersburg","state":"FL","address":"7044 22ND AVENUE NORTH, ST. PETERSBURG, FL 33710","name":""},
  {"lat":25.70604,"lon":-80.286691,"city":"South Miami","state":"FL","address":"5701 SUNSET DRIVE SUITE#134, SOUTH MIAMI, FL 33143","name":""},
  {"lat":27.841808,"lon":-82.795235,"city":"Seminole","state":"FL","address":"7635 113TH STREET, SEMINOLE, FL 33772","name":""},
  {"lat":27.301001,"lon":-82.527,"city":"Sarasota","state":"FL","address":"3501 S TAMIAMI TRAIL, SARASOTA, FL 34239","name":""},
  {"lat":27.295397,"lon":-82.44986,"city":"Sarasota","state":"FL","address":"4057 CATTLEMEN ROAD, SARASOTA, FL 34233","name":""},
  {"lat":28.758347,"lon":-81.288773,"city":"Sanford","state":"FL","address":"300 W LAKE MARY BLVD, SANFORD, FL 32773","name":""},
  {"lat":27.315919,"lon":-80.388926,"city":"Port St. Lucie","state":"FL","address":"1367 NW ST LUCIE WEST BLVD, PORT ST LUCIE, FL 34986","name":""},
  {"lat":29.107977,"lon":-81.026612,"city":"Port Orange","state":"FL","address":"1810 DUNLAWTON AVE, PORT ORANGE, FL 32127","name":""},
  {"lat":26.243531,"lon":-80.101032,"city":"Pompano Beach","state":"FL","address":"1000 NORTH FEDERAL HIGHWAY, POMPANO BEACH, FL 33062","name":""},
  {"lat":26.107865,"lon":-80.250294,"city":"Plantation","state":"FL","address":"1041 SOUTH UNIVERSITY DR, PLANTATION, FL 33324","name":""},
  {"lat":26.009801,"lon":-80.394744,"city":"Pembroke Pines","state":"FL","address":"18445 PINES BLVD., PEMBROKE PINES, FL 33029","name":""},
  {"lat":26.012539,"lon":-80.249623,"city":"Pembroke Pines","state":"FL","address":"350 N. UNIVERSITY DRIVE, PEMBROKE PINES, FL 33024","name":""},
  {"lat":26.880453,"lon":-80.115524,"city":"Palm Beach Gardens","state":"FL","address":"5260 DONALD ROSS RD, PALM BEACH GARDENS, FL 33418","name":""},
  {"lat":25.984779,"lon":-80.299294,"city":"Miramar","state":"FL","address":"11645 Red Road, Unit H-1, Miramar, FL 33025","name":""},
  {"lat":25.733173,"lon":-80.329789,"city":"Miami","state":"FL","address":"8310 BIRD ROAD, MIAMI, FL 33155","name":""},
  {"lat":25.62537,"lon":-80.397507,"city":"Miami","state":"FL","address":"15400 SW 127TH AVENUE, MIAMI, FL 33177","name":""},
  {"lat":25.770288,"lon":-80.347991,"city":"Miami","state":"FL","address":"9291 W FLAGLER ST, MIAMI, FL 33174","name":""},
  {"lat":25.575631,"lon":-80.371084,"city":"Miami","state":"FL","address":"20505 SOUTH DIXIE HIGHWAY, MIAMI, FL 33189","name":""},
  {"lat":25.712127,"lon":-80.417674,"city":"Miami","state":"FL","address":"13838 S.W. 56TH STREET, MIAMI, FL 33175","name":""},
  {"lat":25.750138,"lon":-80.248636,"city":"Miami","state":"FL","address":"3301 SW 22ND STREET, MIAMI, FL 33145","name":""},
  {"lat":25.764946,"lon":-80.193981,"city":"Miami","state":"FL","address":"900 SOUTH MIAMI AVE STE 236, MIAMI, FL 33130","name":""},
  {"lat":25.685114,"lon":-80.457129,"city":"Miami","state":"FL","address":"16339 SW 88TH ST, MIAMI, FL 33196","name":""},
  {"lat":25.759919,"lon":-80.423216,"city":"Miami","state":"FL","address":"14100 SW 8TH STREET, MIAMI, FL 33184","name":""},
  {"lat":25.812143,"lon":-80.360039,"city":"Miami","state":"FL","address":"10055 NW 41ST STREET, MIAMI, FL 33178","name":""},
  {"lat":25.688571,"lon":-80.391844,"city":"Miami","state":"FL","address":"8555 SW 124TH AVENUE, MIAMI, FL 33183","name":""},
  {"lat":28.080731,"lon":-80.648297,"city":"Melbourne","state":"FL","address":"1700 WEST NEW HAVEN #201-D, MELBOURNE, FL 32904","name":""},
  {"lat":28.14571,"lon":-80.670301,"city":"Melbourne","state":"FL","address":"2447 N WICKHAM RD SUITE 102, MELBOURNE, FL 32935","name":""},
  {"lat":28.124621,"lon":-82.500656,"city":"Tampa","state":"FL","address":"17631 N. DALE MABRY HIGHWAY, LUTZ, FL 33548","name":""},
  {"lat":28.696486,"lon":-81.328545,"city":"Longwood","state":"FL","address":"200 S. HWY 17-92, LONGWOOD, FL 32750","name":""},
  {"lat":27.930138,"lon":-82.788769,"city":"Largo","state":"FL","address":"1229 MISSOURI AVE N, LARGO, FL 33770","name":""},
  {"lat":28.089001,"lon":-81.966003,"city":"Lakeland","state":"FL","address":"833 LAKELAND PARK CENTER DRIVE, LAKELAND, FL 33809","name":""},
  {"lat":26.589319,"lon":-80.18749,"city":"Lake Worth Beach","state":"FL","address":"8888 LANTANA ROAD, LAKE WORTH, FL 33467","name":""},
  {"lat":28.754148,"lon":-81.357676,"city":"Lake Mary","state":"FL","address":"3851 LAKE EMMA RD., LAKE MARY, FL 32746","name":""},
  {"lat":28.343674,"lon":-81.364258,"city":"Kissimmee","state":"FL","address":"1980 OSCEOLA PKWY, KISSIMMEE, FL 34743","name":""},
  {"lat":30.171933,"lon":-81.606236,"city":"Jacksonville","state":"FL","address":"11250 OLD ST AUGUSTINE RD, SUITE 16, JACKSONVILLE, FL 32257","name":""},
  {"lat":30.262009,"lon":-81.624808,"city":"Jacksonville","state":"FL","address":"3600 UNIVERSITY BLVD WEST, JACKSONVILLE, FL 32217","name":""},
  {"lat":28.336062,"lon":-81.42286,"city":"Kissimmee","state":"FL","address":"1750 BALL PARK ROAD, KISSIMMEE, FL 34741","name":""},
  {"lat":30.322823,"lon":-81.494995,"city":"Jacksonville","state":"FL","address":"11901 ATLANTIC BLVD STE 800, JACKSONVILLE, FL 32225","name":""},
  {"lat":26.034497,"lon":-80.198731,"city":"Hollywood","state":"FL","address":"5591 SHERIDAN STREET, HOLLYWOOD, FL 33021","name":""},
  {"lat":25.937561,"lon":-80.295021,"city":"Hialeah","state":"FL","address":"5730 NW 183RD ST, HIALEAH, FL 33015","name":""},
  {"lat":25.857905,"lon":-80.320655,"city":"Hialeah","state":"FL","address":"1901 WEST 39TH STREET, HIALEAH, FL 33012","name":""},
  {"lat":25.866543,"lon":-80.295672,"city":"Hialeah","state":"FL","address":"630 W 49TH STREET, HIALEAH, FL 33012","name":""},
  {"lat":26.489249,"lon":-81.790342,"city":"Fort Myers","state":"FL","address":"10058 GULF CENTER DRIVE, FT. MYERS, FL 33913","name":""},
  {"lat":26.097274,"lon":-80.132013,"city":"Fort Lauderdale","state":"FL","address":"1900 SE 10TH AVE, FORT LAUDERDALE, FL 33316","name":""},
  {"lat":28.017826,"lon":-82.758082,"city":"Dunedin","state":"FL","address":"1681 MAIN ST, DUNEDIN, FL 34698","name":""},
  {"lat":26.441713,"lon":-80.072338,"city":"Delray Beach","state":"FL","address":"1660 S FEDERAL HIGHWAY, DELRAY BEACH, FL 33483","name":""},
  {"lat":26.316743,"lon":-80.089747,"city":"Deerfield Beach","state":"FL","address":"1000 EAST HILLSBORO BLVD, DEERFIELD BEACH, FL 33441","name":""},
  {"lat":26.263273,"lon":-80.249266,"city":"Coral Springs","state":"FL","address":"2633 UNIVERSITY DRIVE, CORAL SPRINGS, FL 33065","name":""},
  {"lat":26.299253,"lon":-80.18805,"city":"Coconut Creek","state":"FL","address":"5501 LYONS ROAD, COCONUT CREEK, FL 33073","name":""},
  {"lat":27.959999,"lon":-82.75,"city":"Clearwater","state":"FL","address":"2134 GULF TO BAY BLVD, CLEARWATER, FL 33765","name":""},
  {"lat":27.918179,"lon":-82.731635,"city":"Clearwater","state":"FL","address":"5320 EAST BAY DRIVE, CLEARWATER, FL 33764","name":""},
  {"lat":26.608664,"lon":-81.937773,"city":"Cape Coral","state":"FL","address":"2301 DEL PRADO BLVD., CAPE CORAL, FL 33990","name":""},
  {"lat":27.892181,"lon":-82.272449,"city":"Tampa","state":"FL","address":"855 EAST BLOOMINGDALE AVE, BRANDON, FL 33511","name":""},
  {"lat":27.9209,"lon":-82.328979,"city":"Tampa","state":"FL","address":"2890 PROVIDENCE LAKES BLVD, BRANDON, FL 33511","name":""},
  {"lat":27.460803,"lon":-82.5735,"city":"Bradenton","state":"FL","address":"1005 CORTEZ ROAD WEST, BRADENTON, FL 34207","name":""},
  {"lat":26.530933,"lon":-80.148811,"city":"Boynton Beach","state":"FL","address":"6683 BOYNTON BEACH BLVD, BOYNTON BEACH, FL 33437","name":""},
  {"lat":26.549746,"lon":-80.089302,"city":"Boynton Beach","state":"FL","address":"2290 N. CONGRESS AVENUE, BOYNTON BEACH, FL 33426","name":""},
  {"lat":26.35323,"lon":-80.15665,"city":"Boca Raton","state":"FL","address":"7060 BERACASA WAY, BOCA RATON, FL 33433","name":""},
  {"lat":26.370244,"lon":-80.206702,"city":"Boca Raton","state":"FL","address":"20443 STATE RD 7 (BAY BB1), BOCA RATON, FL 33498","name":""},
  {"lat":30.324591,"lon":-81.411235,"city":"Atlantic Beach","state":"FL","address":"985 ATLANTIC BLVD, ATLANTIC BEACH, FL 32233","name":""},
  {"lat":26.391872,"lon":-80.101868,"city":"Boca Raton","state":"FL","address":"4950 TECHNOLOGY WAY, BOCA RATON, FL 33431","name":""},
  {"lat":28.686242,"lon":-81.403109,"city":"Altamonte Springs","state":"FL","address":"1074 MONTGOMERY ROAD, ALTAMONTE SPRINGS, FL 32714","name":""},
  {"lat":39.630001,"lon":-75.660004,"city":"Bear","state":"DE","address":"900 EDEN CIRCLE, BEAR, DE 19701","name":""},
  {"lat":41.231667,"lon":-73.222778,"city":"Trumbull","state":"CT","address":"5065 MAIN STREET, TRUMBULL, CT 06611","name":""},
  {"lat":41.197229,"lon":-73.123221,"city":"Stratford","state":"CT","address":"411 BARNUM AVE CUT-OFF, STRATFORD, CT 06614","name":""},
  {"lat":41.066944,"lon":-73.544167,"city":"Stamford","state":"CT","address":"52 SIXTH STREET, STAMFORD, CT 06905","name":""},
  {"lat":41.158611,"lon":-73.421389,"city":"Norwalk","state":"CT","address":"761 MAIN AVE, NORWALK, CT 06851","name":""},
  {"lat":41.23675,"lon":-73.038466,"city":"Milford","state":"CT","address":"1201 BOSTON POST ROAD SPACE 2090, MILFORD, CT 06460","name":""},
  {"lat":41.716916,"lon":-72.762954,"city":"Farmington","state":"CT","address":"1600 SOUTHEAST ROAD, FARMINGTON, CT 06032","name":""},
  {"lat":33.903588,"lon":-117.83821,"city":"Yorba Linda","state":"CA","address":"16951 IMPERIAL HWY., YORBA LINDA, CA 92886","name":""},
  {"lat":34.186432,"lon":-118.597595,"city":"Woodland Hills","state":"CA","address":"6401 CANOGA AVE, WOODLAND HILLS, CA 91367","name":""},
  {"lat":33.959279,"lon":-118.027228,"city":"Whittier","state":"CA","address":"13806 WHITTIER BLVD, WHITTIER, CA 90605","name":""},
  {"lat":34.058699,"lon":-118.44515,"city":"Westwood","state":"CA","address":"10921 WILSHIRE BLVD., WESTWOOD, CA 90024","name":""},
  {"lat":34.072733,"lon":-117.878811,"city":"West Covina","state":"CA","address":"3101 E. GARVEY AVE. N., WEST COVINA, CA 91791","name":""},
  {"lat":33.168499,"lon":-117.213417,"city":"Vista","state":"CA","address":"324 SYCAMORE AVE, VISTA, CA 92083","name":""},
  {"lat":34.258864,"lon":-119.208,"city":"Ventura","state":"CA","address":"1760 VICTORIA AVENUE, VENTURA, CA 93003","name":""},
  {"lat":34.18148,"lon":-118.467033,"city":"Van Nuys","state":"CA","address":"6161 NORTH SEPULVEDA BLVD, VAN NUYS, CA 91411","name":""},
  {"lat":34.441944,"lon":-118.576944,"city":"Valencia","state":"CA","address":"28211 NEWHALL RANCH RD, VALENCIA, CA 91355","name":""},
  {"lat":33.648309,"lon":-117.821853,"city":"Test","state":"CA","address":"Test Address 3, Test, CA 92612","name":""},
  {"lat":33.47928,"lon":-117.137617,"city":"Temecula","state":"CA","address":"29920 TEMECULA PARKWAY, TEMECULA, CA 92592","name":""},
  {"lat":33.539553,"lon":-117.14167,"city":"Temecula","state":"CA","address":"39716 WINCHESTER ROAD, TEMECULA, CA 92591","name":""},
  {"lat":34.168999,"lon":-118.540001,"city":"Tarzana","state":"CA","address":"18620 VENTURA BLVD, TARZANA, CA 91356","name":""},
  {"lat":33.843333,"lon":-117.536111,"city":"South Corona","state":"CA","address":"2355 COMPTON AVE, SOUTH CORONA, CA 92881","name":""},
  {"lat":34.413953,"lon":-118.50286,"city":"Santa Clarita","state":"CA","address":"26455 GOLDEN VALLEY ROAD, SANTA CLARITA, CA 91350","name":""},
  {"lat":33.760906,"lon":-117.839088,"city":"Santa Ana","state":"CA","address":"1945 E 17TH STREET SUITE UNIT 103, SANTA ANA, CA 92705","name":""},
  {"lat":33.139957,"lon":-117.16205,"city":"San Marcos","state":"CA","address":"125 N TWIN OAKS VALLEY RD, SAN MARCOS, CA 92069","name":""},
  {"lat":32.775856,"lon":-117.147581,"city":"San Diego","state":"CA","address":"2348 RUSSELL PARK WAY, STE 100, SAN DIEGO, CA 92108","name":""},
  {"lat":33.016933,"lon":-117.11011,"city":"San Diego","state":"CA","address":"16913 DOVE CANYON RD, SAN DIEGO, CA 92127","name":""},
  {"lat":32.908001,"lon":-117.17209,"city":"San Diego","state":"CA","address":"10535 HEATER COURT, SAN DIEGO, CA 92121","name":""},
  {"lat":32.831024,"lon":-117.1651,"city":"San Diego","state":"CA","address":"4984 SHAWLINE ST, SAN DIEGO, CA 92111","name":""},
  {"lat":34.167999,"lon":-117.330002,"city":"San Bernardino","state":"CA","address":"4404 UNIVERSITY PARKWAY, SAN BERNARDINO, CA 92407","name":""},
  {"lat":34.072956,"lon":-118.070082,"city":"Rosemead","state":"CA","address":"3508 ROSEMEAD BOULEVARD, ROSEMEAD, CA 91770","name":""},
  {"lat":33.903643,"lon":-117.475729,"city":"Riverside","state":"CA","address":"10988 MAGNOLIA AVE, RIVERSIDE, CA 92505","name":""},
  {"lat":33.948491,"lon":-117.38544,"city":"Riverside","state":"CA","address":"3437 ARLINGTON AVE, RIVERSIDE, CA 92506","name":""},
  {"lat":33.942935,"lon":-117.28602,"city":"Riverside","state":"CA","address":"2600 CANYON SPRINGS PARKWAY, RIVERSIDE, CA 92507","name":""},
  {"lat":33.913892,"lon":-117.32166,"city":"Riverside","state":"CA","address":"19531 MISSION VILLAGE DR, RIVERSIDE, CA 92508","name":""},
  {"lat":34.042845,"lon":-117.15731,"city":"Redlands","state":"CA","address":"1035 PARKFORD DRIVE, REDLANDS, CA 92374","name":""},
  {"lat":33.755142,"lon":-118.30977,"city":"Rancho Palos Verdes","state":"CA","address":"28901 S. WESTERN AVENUE, RANCHO PALOS VERDES, CA 90275","name":""},
  {"lat":34.107507,"lon":-117.567855,"city":"Rancho Cucamonga","state":"CA","address":"10848 FOOTHILL BOULEVARD, RANCHO CUCAMONGA, CA 91730","name":""},
  {"lat":32.956004,"lon":-117.05756,"city":"Poway","state":"CA","address":"12648 POWAY ROAD, POWAY, CA 92064","name":""},
  {"lat":33.972446,"lon":-118.429608,"city":"Playa Vista","state":"CA","address":"5570 LINCOLN BLVD, PLAYA VISTA, CA 90094","name":""},
  {"lat":33.985244,"lon":-118.09779,"city":"Pico Rivera","state":"CA","address":"8909 WASHINGTON BLVD, PICO RIVERA, CA 90660","name":""},
  {"lat":34.152326,"lon":-118.077286,"city":"Pasadena","state":"CA","address":"355 N ROSEMEAD BLVD, PASADENA, CA 91107","name":""},
  {"lat":34.142063,"lon":-118.13263,"city":"Pasadena","state":"CA","address":"201 S. LAKE AVENUE, PASADENA, CA 91101","name":""},
  {"lat":34.176944,"lon":-119.194167,"city":"Oxnard","state":"CA","address":"1361 CHANNEL ISLANDS BLVD, OXNARD, CA 93033","name":""},
  {"lat":33.182251,"lon":-117.336479,"city":"Oceanside","state":"CA","address":"2335 VISTA WAY, OCEANSIDE, CA 92054","name":""},
  {"lat":33.917239,"lon":-118.065237,"city":"Norwalk","state":"CA","address":"12545 IMPERIAL HIGHWAY, NORWALK, CA 90650","name":""},
  {"lat":34.220001,"lon":-118.5,"city":"Northridge","state":"CA","address":"8400 BALBOA BLVD, NORTHRIDGE, CA 91329","name":""},
  {"lat":34.258542,"lon":-118.53983,"city":"Northridge","state":"CA","address":"18679 DEVONSHIRE ST., NORTHRIDGE, CA 91324","name":""},
  {"lat":34.181351,"lon":-118.394127,"city":"North Hollywood","state":"CA","address":"6150 LAUREL CANYON BLVD, NORTH HOLLYWOOD, CA 91606","name":""},
  {"lat":34.188839,"lon":-118.418186,"city":"North Hollywood","state":"CA","address":"13069 VICTORY BOULEVARD, NORTH HOLLYWOOD, CA 91606","name":""},
  {"lat":33.901504,"lon":-117.56122,"city":"Norco","state":"CA","address":"1377 HAMNER AVE., NORCO, CA 92860","name":""},
  {"lat":34.191223,"lon":-118.940559,"city":"Newbury Park","state":"CA","address":"3057 GRANDE VISTA DRIVE, NEWBURY PARK, CA 91320","name":""},
  {"lat":32.659598,"lon":-117.079702,"city":"National City","state":"CA","address":"1910 SWEETWATER ROAD, NATIONAL CITY, CA 91950","name":""},
  {"lat":33.568854,"lon":-117.2075,"city":"Murrieta","state":"CA","address":"40985 CALIFORNIA OAKS ROAD, MURRIETA, CA 92562","name":""},
  {"lat":33.938206,"lon":-117.181549,"city":"Moreno Valley","state":"CA","address":"27610 EUCALYPTUS AVE, MORENO VALLEY, CA 92555","name":""},
  {"lat":34.057778,"lon":-118.133056,"city":"Monterey Park","state":"CA","address":"416 SOUTH ATLANTIC BLVD BUILDING B, MONTEREY PARK, CA 91754","name":""},
  {"lat":34.022303,"lon":-118.123741,"city":"Montebello","state":"CA","address":"2222 WEST BEVERLY BLVD., MONTEBELLO, CA 90640","name":""},
  {"lat":34.084254,"lon":-117.696007,"city":"Montclair","state":"CA","address":"9385 MONTE VISTA, MONTCLAIR, CA 91763","name":""},
  {"lat":33.606522,"lon":-117.691109,"city":"Mission Viejo","state":"CA","address":"24491 ALICIA PARKWAY, MISSION VIEJO, CA 92691","name":""},
  {"lat":34.062152,"lon":-118.35907,"city":"Miracle Mile","state":"CA","address":"5950 WILSHIRE BLVD., MIRACLE MILE, CA 90036","name":""},
  {"lat":33.686001,"lon":-117.169998,"city":"Menifee","state":"CA","address":"29737 ANTELOPE RD, MENIFEE, CA 92584","name":""},
  {"lat":34.048313,"lon":-118.258698,"city":"Los Angeles","state":"CA","address":"700 W 7TH STREET SUITE G300, LOS ANGELES, CA 90017","name":""},
  {"lat":34.034547,"lon":-118.456046,"city":"Los Angeles","state":"CA","address":"1914 SOUTH BUNDY DRIVE, LOS ANGELES, CA 90025","name":""},
  {"lat":34.100611,"lon":-118.323317,"city":"Los Angeles","state":"CA","address":"1628 N. EL CENTRO AVENUE, LOS ANGELES, CA 90028","name":""},
  {"lat":34.102073,"lon":-118.34258,"city":"Los Angeles","state":"CA","address":"7021 HOLLYWOOD BLVD., LOS ANGELES, CA 90028","name":""},
  {"lat":34.132309,"lon":-118.35212,"city":"Los Angeles","state":"CA","address":"3400 CAHUENGA BLVD WEST, LOS ANGELES, CA 90068","name":""},
  {"lat":34.04424,"lon":-118.37915,"city":"Los Angeles","state":"CA","address":"1833 C. SOUTH LA CIENEGA BLVD, LOS ANGELES, CA 90035","name":""},
  {"lat":33.787985,"lon":-118.140928,"city":"Long Beach","state":"CA","address":"4438 E. PACIFIC COAST HWY., LONG BEACH, CA 90804","name":""},
  {"lat":33.795667,"lon":-118.125084,"city":"Long Beach","state":"CA","address":"2180 N BELLFLOWER BLVD, LONG BEACH, CA 90815","name":""},
  {"lat":33.83244,"lon":-118.1661,"city":"Long Beach","state":"CA","address":"2140 EAST CARSON ST., LONG BEACH, CA 90807","name":""},
  {"lat":33.660925,"lon":-117.65421,"city":"Lake Forest","state":"CA","address":"29400 PORTOLA PARKWAY, LAKE FOREST, CA 92630","name":""},
  {"lat":33.692138,"lon":-117.33371,"city":"Lake Elsinore","state":"CA","address":"18550 DEXTER AVE, LAKE ELSINORE, CA 92530","name":""},
  {"lat":34.119015,"lon":-117.77887,"city":"La Verne","state":"CA","address":"1275 E. FOOTHILL BLVD., LA VERNE, CA 91750","name":""},
  {"lat":33.918766,"lon":-117.963679,"city":"La Habra","state":"CA","address":"1621 W. IMPERIAL HWY., LA HABRA, CA 90631","name":""},
  {"lat":33.648309,"lon":-117.821853,"city":"Irvine","state":"CA","address":"3161 MICHELSON DRIVE SUITE 600, IRVINE, CA 92612","name":""},
  {"lat":33.672941,"lon":-117.845116,"city":"Irvine","state":"CA","address":"3021 MICHELSON DRIVE, IRVINE, CA 92612","name":""},
  {"lat":33.683561,"lon":-117.810887,"city":"Irvine","state":"CA","address":"3960 BARRANCA PKWY, IRVINE, CA 92606","name":""},
  {"lat":33.69786,"lon":-117.74055,"city":"Irvine","state":"CA","address":"6400 IRVINE BLVD., IRVINE, CA 92620","name":""},
  {"lat":33.7175,"lon":-117.798333,"city":"Irvine","state":"CA","address":"2880 MICHELLE DRIVE, IRVINE, CA 92606","name":""},
  {"lat":33.946389,"lon":-118.333333,"city":"Inglewood","state":"CA","address":"3531 W. CENTURY BOULEVARD, INGLEWOOD, CA 90303","name":""},
  {"lat":33.9895,"lon":-118.213616,"city":"Huntington Park","state":"CA","address":"3081 E. SLAUSON AVENUE, HUNTINGTON PARK, CA 90255","name":""},
  {"lat":33.681576,"lon":-118.004547,"city":"Huntington Beach","state":"CA","address":"19330 GOLDENWEST ST, HUNTINGTON BEACH, CA 92648","name":""},
  {"lat":33.749571,"lon":-117.00494,"city":"Hemet","state":"CA","address":"220 NORTH SANDERSON AVE, HEMET, CA 92545","name":""},
  {"lat":33.8981,"lon":-118.3643,"city":"Hawthorne","state":"CA","address":"4949 WEST 147TH STREET, HAWTHORNE, CA 90250","name":""},
  {"lat":33.809444,"lon":-118.291389,"city":"Harbor City","state":"CA","address":"908 W SEPULVEDA BLVD, HARBOR CITY, CA 90710","name":""},
  {"lat":34.124146,"lon":-117.87129,"city":"Glendora","state":"CA","address":"820 S. GRAND AVENUE, GLENDORA, CA 91740","name":""},
  {"lat":34.145599,"lon":-118.254743,"city":"Glendale","state":"CA","address":"144 S BRAND BLVD, GLENDALE, CA 91205","name":""},
  {"lat":33.789563,"lon":-118.02721,"city":"Garden Grove","state":"CA","address":"11932 VALLEY VIEW STREET, GARDEN GROVE, CA 92845","name":""},
  {"lat":33.702381,"lon":-117.95171,"city":"Fountain Valley","state":"CA","address":"10115 TALBERT AVENUE, FOUNTAIN VALLEY, CA 92708","name":""},
  {"lat":34.1373,"lon":-117.44962,"city":"Fontana","state":"CA","address":"16289 SIERRA LAKES PARKWAY, FONTANA, CA 92336","name":""},
  {"lat":33.14534,"lon":-117.09431,"city":"Escondido","state":"CA","address":"362 W. EL NORTE PKWY, ESCONDIDO, CA 92026","name":""},
  {"lat":33.044015,"lon":-117.25628,"city":"Encinitas","state":"CA","address":"201 S. EL CAMINO REAL SUITE #A, ENCINITAS, CA 92024","name":""},
  {"lat":33.925332,"lon":-118.126228,"city":"Downey","state":"CA","address":"12074 LAKEWOOD BOULEVARD, DOWNEY, CA 90242","name":""},
  {"lat":33.946426,"lon":-118.15397,"city":"Downey","state":"CA","address":"7230 FIRESTONE BLVD, DOWNEY, CA 90241","name":""},
  {"lat":33.998487,"lon":-117.851976,"city":"Diamond Bar","state":"CA","address":"20801 GOLDEN SPRINGS DR., DIAMOND BAR, CA 91789","name":""},
  {"lat":34.01813,"lon":-118.406542,"city":"Culver City","state":"CA","address":"3827 OVERLAND AVENUE, CULVER CITY, CA 90232","name":""},
  {"lat":32.64459,"lon":-116.97254,"city":"Chula Vista","state":"CA","address":"2070 OTAY LAKES ROAD, CHULA VISTA, CA 91915","name":""},
  {"lat":33.990246,"lon":-117.71413,"city":"Chino","state":"CA","address":"14485 PIPELINE AVE., CHINO, CA 91710","name":""},
  {"lat":33.88501,"lon":-118.1035,"city":"Cerritos","state":"CA","address":"10802 ALONDRA BLVD., CERRITOS, CA 90703","name":""},
  {"lat":34.066936,"lon":-118.390047,"city":"Beverly Hills","state":"CA","address":"9100 WILSHIRE BLVD STE 100E, BEVERLY HILLS, CA 90212","name":""},
  {"lat":34.069,"lon":-117.973999,"city":"Baldwin Park","state":"CA","address":"13822 GARVEY AVE, BALDWIN PARK, CA 91706","name":""},
  {"lat":34.124217,"lon":-118.0556,"city":"Arcadia","state":"CA","address":"1325 SOUTH BALDWIN AVENUE, ARCADIA, CA 91007","name":""},
  {"lat":33.852076,"lon":-117.788004,"city":"Anaheim Hills","state":"CA","address":"5757 SANTA ANA CANYON RD., ANAHEIM HILLS, CA 92807","name":""},
  {"lat":34.083691,"lon":-118.1519,"city":"Alhambra","state":"CA","address":"920 SOUTH FREMONT AVE, ALHAMBRA, CA 91803","name":""},
  {"lat":34.145436,"lon":-118.767002,"city":"Agoura Hills","state":"CA","address":"5075 ROADSIDE RD, AGOURA HILLS, CA 91301","name":""},
  {"lat":32.191645,"lon":-110.792679,"city":"Tucson","state":"AZ","address":"9350 EAST GOLF LINKS RD, TUCSON, AZ 85730","name":""},
  {"lat":32.284132,"lon":-110.95921,"city":"Tucson","state":"AZ","address":"4240 N 1ST AVE, TUCSON, AZ 85719","name":""},
  {"lat":32.218886,"lon":-110.86012,"city":"Tucson","state":"AZ","address":"240 SOUTH WILMOT RD, TUCSON, AZ 85711","name":""},
  {"lat":32.338891,"lon":-111.03092,"city":"Tucson","state":"AZ","address":"2950 WEST INA ROAD, TUCSON, AZ 85741","name":""},
  {"lat":33.421295,"lon":-112.271927,"city":"Tolleson","state":"AZ","address":"9880 WEST LOWER BUCKEYE ROAD, TOLLESON, AZ 85353","name":""},
  {"lat":33.391445,"lon":-111.93836,"city":"Tempe","state":"AZ","address":"63 E. SOUTHERN AVENUE, TEMPE, AZ 85282","name":""},
  {"lat":33.636396,"lon":-112.4167,"city":"Surprise","state":"AZ","address":"16635 W BELL RD, SURPRISE, AZ 85374","name":""},
  {"lat":33.544167,"lon":-111.904444,"city":"Scottsdale","state":"AZ","address":"7365 N. VIA PASEO DEL SUR, SCOTTSDALE, AZ 85258","name":""},
  {"lat":33.46869,"lon":-111.92682,"city":"Scottsdale","state":"AZ","address":"1900 N. SCOTTSDALE ROAD, SCOTTSDALE, AZ 85257","name":""},
  {"lat":33.25034,"lon":-111.561829,"city":"San Tan Valley","state":"AZ","address":"40885 N. IRONWOOD DRIVE, SAN TAN VALLEY, AZ 85140","name":""},
  {"lat":33.639316,"lon":-112.01147,"city":"Phoenix","state":"AZ","address":"3301 E BELL RD, PHOENIX, AZ 85032","name":""},
  {"lat":33.510833,"lon":-112.083889,"city":"Phoenix","state":"AZ","address":"710 WEST CAMELBACK ROAD, PHOENIX, AZ 85013","name":""},
  {"lat":33.50706,"lon":-112.03712,"city":"Phoenix","state":"AZ","address":"2077 EAST CAMELBACK ROAD, PHOENIX, AZ 85016","name":""},
  {"lat":33.481483,"lon":-112.22329,"city":"Phoenix","state":"AZ","address":"7640 W. THOMAS ROAD, PHOENIX, AZ 85033","name":""},
  {"lat":33.636574,"lon":-112.07146,"city":"Phoenix","state":"AZ","address":"244 EAST GREENWAY PKWY., PHOENIX, AZ 85022","name":""},
  {"lat":32.367321,"lon":-110.969017,"city":"Oro Valley","state":"AZ","address":"8850 N ORACLE RD, ORO VALLEY, AZ 85704","name":""},
  {"lat":33.43016,"lon":-111.871248,"city":"Mesa","state":"AZ","address":"1844 W RIO SALADO PARKWAY, MESA, AZ 85201","name":""},
  {"lat":33.464433,"lon":-111.683846,"city":"Mesa","state":"AZ","address":"2605 NORTH POWER ROAD, MESA, AZ 85215","name":""},
  {"lat":33.380453,"lon":-111.59857,"city":"Mesa","state":"AZ","address":"1905 SOUTH SIGNAL BUTTE, MESA, AZ 85209","name":""},
  {"lat":33.383132,"lon":-111.73645,"city":"Mesa","state":"AZ","address":"1731 S GREENFIELD RD, MESA, AZ 85206","name":""},
  {"lat":32.353829,"lon":-111.090999,"city":"Marana","state":"AZ","address":"5885 W ARIZONA PAVILIONS DR, MARANA, AZ 85743","name":""},
  {"lat":33.377331,"lon":-112.170533,"city":"Laveen","state":"AZ","address":"5175 W BASELINE RD, LAVEEN, AZ 85339","name":""},
  {"lat":33.43398,"lon":-112.42958,"city":"Goodyear","state":"AZ","address":"1382 SOUTH COTTON LANE, GOODYEAR, AZ 85338","name":""},
  {"lat":33.640294,"lon":-112.17875,"city":"Glendale","state":"AZ","address":"5536 W. BELL ROAD, GLENDALE, AZ 85308","name":""},
  {"lat":33.326653,"lon":-111.722001,"city":"Gilbert","state":"AZ","address":"1310 S HIGLEY ROAD, GILBERT, AZ 85296","name":""},
  {"lat":33.248611,"lon":-111.838056,"city":"Chandler","state":"AZ","address":"3985 S ARIZONA AVE, CHANDLER, AZ 85248","name":""}]}