{"key":"mlb_ballpark","displayName":"MLB Ballparks","category":"entertainment","useLocationName":true,"locations":[
  {"lat":42.3467,"lon":-71.0972,"city":"Boston","state":"MA","address":"","name":"Fenway Park (Boston Red Sox)"},
  {"lat":40.8296,"lon":-73.9262,"city":"Bronx","state":"NY","address":"","name":"Yankee Stadium (New York Yankees)"},
  {"lat":40.7571,"lon":-73.8458,"city":"Queens","state":"NY","address":"","name":"Citi Field (New York Mets)"},
  {"lat":39.9061,"lon":-75.1665,"city":"Philadelphia","state":"PA","address":"","name":"Citizens Bank Park (Philadelphia Phillies)"},
  {"lat":39.2838,"lon":-76.6216,"city":"Baltimore","state":"MD","address":"","name":"Oriole Park at Camden Yards (Baltimore Orioles)"},
  {"lat":38.873,"lon":-77.0074,"city":"Washington","state":"DC","address":"","name":"Nationals Park (Washington Nationals)"},
  {"lat":43.6414,"lon":-79.3894,"city":"Toronto","state":"ON","address":"","name":"Rogers Centre (Toronto Blue Jays)"},
  {"lat":27.7682,"lon":-82.6534,"city":"St. Petersburg","state":"FL","address":"","name":"Tropicana Field (Tampa Bay Rays)"},
  {"lat":40.4469,"lon":-80.0057,"city":"Pittsburgh","state":"PA","address":"","name":"PNC Park (Pittsburgh Pirates)"},
  {"lat":41.4962,"lon":-81.6852,"city":"Cleveland","state":"OH","address":"","name":"Progressive Field (Cleveland Guardians)"},
  {"lat":39.0979,"lon":-84.5082,"city":"Cincinnati","state":"OH","address":"","name":"Great American Ball Park (Cincinnati Reds)"},
  {"lat":42.339,"lon":-83.0485,"city":"Detroit","state":"MI","address":"","name":"Comerica Park (Detroit Tigers)"},
  {"lat":41.8299,"lon":-87.6338,"city":"Chicago","state":"IL","address":"","name":"Guaranteed Rate Field (Chicago White Sox)"},
  {"lat":41.9484,"lon":-87.6553,"city":"Chicago","state":"IL","address":"","name":"Wrigley Field (Chicago Cubs)"},
  {"lat":44.9817,"lon":-93.2776,"city":"Minneapolis","state":"MN","address":"","name":"Target Field (Minnesota Twins)"},
  {"lat":43.028,"lon":-87.9712,"city":"Milwaukee","state":"WI","address":"","name":"American Family Field (Milwaukee Brewers)"},
  {"lat":39.0517,"lon":-94.4803,"city":"Kansas City","state":"MO","address":"","name":"Kauffman Stadium (Kansas City Royals)"},
  {"lat":29.7573,"lon":-95.3555,"city":"Houston","state":"TX","address":"","name":"Minute Maid Park (Houston Astros)"},
  {"lat":32.7512,"lon":-97.0832,"city":"Arlington","state":"TX","address":"","name":"Globe Life Field (Texas Rangers)"},
  {"lat":33.8907,"lon":-84.4677,"city":"Atlanta","state":"GA","address":"","name":"Truist Park (Atlanta Braves)"},
  {"lat":25.7781,"lon":-80.2196,"city":"Miami","state":"FL","address":"","name":"loanDepot park (Miami Marlins)"},
  {"lat":38.6226,"lon":-90.1928,"city":"St. Louis","state":"MO","address":"","name":"Busch Stadium (St. Louis Cardinals)"},
  {"lat":39.7559,"lon":-104.9942,"city":"Denver","state":"CO","address":"","name":"Coors Field (Colorado Rockies)"},
  {"lat":33.4453,"lon":-112.0667,"city":"Phoenix","state":"AZ","address":"","name":"Chase Field (Arizona Diamondbacks)"},
  {"lat":34.0739,"lon":-118.24,"city":"Los Angeles","state":"CA","address":"","name":"Dodger Stadium (Los Angeles Dodgers)"},
  {"lat":33.8003,"lon":-117.8827,"city":"Anaheim","state":"CA","address":"","name":"Angel Stadium (Los Angeles Angels)"},
  {"lat":32.7076,"lon":-117.157,"city":"San Diego","state":"CA","address":"","name":"Petco Park (San Diego Padres)"},
  {"lat":37.7786,"lon":-122.3893,"city":"San Francisco","state":"CA","address":"","name":"Oracle Park (San Francisco Giants)"},
  {"lat":37.7516,"lon":-122.2005,"city":"Oakland","state":"CA","address":"","name":"Oakland Coliseum (Oakland Athletics)"},
  {"lat":47.5914,"lon":-122.3325,"city":"Seattle","state":"WA","address":"","name":"T-Mobile Park (Seattle Mariners)"}
]}