{"key":"national_park","displayName":"National Parks","category":"entertainment","useLocationName":true,"locations":[
  {"lat":44.409286,"lon":-68.247501,"city":"Bar Harbor","state":"ME","address":"","name":"Acadia National Park"},
  {"lat":38.72261844,"lon":-109.5863666,"city":"Moab","state":"UT","address":"","name":"Arches National Park"},
  {"lat":43.68584846,"lon":-102.482942,"city":"Interior","state":"SD","address":"","name":"Badlands National Park"},
  {"lat":29.29817767,"lon":-103.2297897,"city":"Big Bend National Park","state":"TX","address":"","name":"Big Bend National Park"},
  {"lat":25.490587,"lon":-80.21023851,"city":"Homestead","state":"FL","address":"","name":"Biscayne National Park"},
  {"lat":38.57779869,"lon":-107.7242756,"city":"Montrose","state":"CO","address":"","name":"Black Canyon Of The Gunnison National Park"},
  {"lat":37.58399144,"lon":-112.1826689,"city":"Bryce","state":"UT","address":"","name":"Bryce Canyon National Park"},
  {"lat":38.24555783,"lon":-109.8801624,"city":"Moab","state":"UT","address":"","name":"Canyonlands National Park"},
  {"lat":38.2821653131,"lon":-111.247048378,"city":"Torrey","state":"UT","address":"","name":"Capitol Reef National Park"},
  {"lat":32.14089463,"lon":-104.5529688,"city":"Carlsbad","state":"NM","address":"","name":"Carlsbad Caverns National Park"},
  {"lat":33.98680093,"lon":-119.9112735,"city":"Ventura","state":"CA","address":"","name":"Channel Islands National Park"},
  {"lat":33.79187523,"lon":-80.74867805,"city":"Hopkins","state":"SC","address":"","name":"Congaree National Park"},
  {"lat":42.94065854,"lon":-122.1338414,"city":"Crater Lake","state":"OR","address":"","name":"Crater Lake National Park"},
  {"lat":41.26093905,"lon":-81.57116722,"city":"Peninsula","state":"OH","address":"","name":"Cuyahoga Valley National Park"},
  {"lat":36.48753731,"lon":-117.134395,"city":"Death Valley","state":"CA","address":"","name":"Death Valley National Park"},
  {"lat":24.628741,"lon":-82.87319,"city":"Homestead","state":"FL","address":"","name":"Dry Tortugas National Park"},
  {"lat":25.37294225,"lon":-80.88200301,"city":"Homestead","state":"FL","address":"","name":"Everglades National Park"},
  {"lat":38.6258069,"lon":-90.1892508,"city":"St. Louis","state":"MO","address":"","name":"Gateway Arch National Park"},
  {"lat":48.68414678,"lon":-113.8009306,"city":"West Glacier","state":"MT","address":"","name":"Glacier National Park"},
  {"lat":36.0001165336,"lon":-112.121516363,"city":"Grand Canyon","state":"AZ","address":"","name":"Grand Canyon National Park"},
  {"lat":43.81853565,"lon":-110.7054666,"city":"Moose","state":"WY","address":"","name":"Grand Teton National Park"},
  {"lat":38.94617378,"lon":-114.2579782,"city":"Baker","state":"NV","address":"","name":"Great Basin National Park"},
  {"lat":35.60116374,"lon":-83.50818326,"city":"Gatlinburg","state":"NC","address":"","name":"Great Smoky Mountains National Park"},
  {"lat":31.92304462,"lon":-104.885527,"city":"Salt Flat","state":"TX","address":"","name":"Guadalupe Mountains National Park"},
  {"lat":20.70693015,"lon":-156.1591775,"city":"Kula","state":"HI","address":"","name":"Haleakalā National Park"},
  {"lat":19.3355036,"lon":-155.4700257,"city":"Hawaii National Park","state":"HI","address":"","name":"Hawaiʻi Volcanoes National Park"},
  {"lat":34.52414366,"lon":-93.06332936,"city":"Hot Springs","state":"AR","address":"","name":"Hot Springs National Park"},
  {"lat":41.63765525,"lon":-87.09647445,"city":"Porter","state":"IN","address":"","name":"Indiana Dunes National Park"},
  {"lat":48.01145819,"lon":-88.82780657,"city":"Houghton","state":"MI","address":"","name":"Isle Royale National Park"},
  {"lat":33.91418525,"lon":-115.8398125,"city":"Twentynine Palms","state":"CA","address":"","name":"Joshua Tree National Park"},
  {"lat":59.81804414,"lon":-150.106502,"city":"Seward","state":"AK","address":"","name":"Kenai Fjords National Park"},
  {"lat":67.35631336,"lon":-159.2002293,"city":"Kotzebue","state":"AK","address":"","name":"Kobuk Valley National Park"},
  {"lat":40.49354575,"lon":-121.4075993,"city":"Mineral","state":"CA","address":"","name":"Lassen Volcanic National Park"},
  {"lat":37.19760458,"lon":-86.13090198,"city":"Mammoth Cave","state":"KY","address":"","name":"Mammoth Cave National Park"},
  {"lat":37.23908345,"lon":-108.4624032,"city":"Mancos","state":"CO","address":"","name":"Mesa Verde National Park"},
  {"lat":46.86075416,"lon":-121.7043885,"city":"Ashford","state":"WA","address":"","name":"Mount Rainier National Park"},
  {"lat":48.71171756,"lon":-121.2069423,"city":"Sedro-Woolley","state":"WA","address":"","name":"North Cascades National Park"},
  {"lat":47.80392754,"lon":-123.6663848,"city":"Port Angeles","state":"WA","address":"","name":"Olympic National Park"},
  {"lat":34.98387664,"lon":-109.7877678,"city":"Petrified Forest","state":"AZ","address":"","name":"Petrified Forest National Park"},
  {"lat":36.49029208,"lon":-121.1813607,"city":"Paicines","state":"CA","address":"","name":"Pinnacles National Park"},
  {"lat":40.3556924,"lon":-105.6972879,"city":"Estes Park","state":"CO","address":"","name":"Rocky Mountain National Park"},
  {"lat":32.20909636,"lon":-110.7574974,"city":"Tucson","state":"AZ","address":"","name":"Saguaro National Park"},
  {"lat":38.49236644,"lon":-78.46907715,"city":"Luray","state":"VA","address":"","name":"Shenandoah National Park"},
  {"lat":47.17777274,"lon":-103.4300083,"city":"Medora","state":"ND","address":"","name":"Theodore Roosevelt National Park"},
  {"lat":18.34279656,"lon":-64.74194451,"city":"St. John","state":"VI","address":"","name":"Virgin Islands National Park"},
  {"lat":48.48370609,"lon":-92.8382913,"city":"International Falls","state":"MN","address":"","name":"Voyageurs National Park"},
  {"lat":32.77907858,"lon":-106.3333461,"city":"Alamogordo","state":"NM","address":"","name":"White Sands National Park"},
  {"lat":43.58012365,"lon":-103.4394709,"city":"Hot Springs","state":"SD","address":"","name":"Wind Cave National Park"},
  {"lat":44.59824417,"lon":-110.5471695,"city":"Yellowstone National Park","state":"WY","address":"","name":"Yellowstone National Park"},
  {"lat":37.84883288,"lon":-119.5571873,"city":"Yosemite National Park","state":"CA","address":"","name":"Yosemite National Park"},
  {"lat":37.29839254,"lon":-113.0265138,"city":"Springdale","state":"UT","address":"","name":"Zion National Park"}
]}