{"key":"national_monument","displayName":"National Monuments","category":"entertainment","useLocationName":true,"locations":[
  {"lat":40.71452681,"lon":-74.00447358,"city":"New York","state":"NY","address":"","name":"African Burial Ground National Monument"},
  {"lat":42.42170419,"lon":-103.753886,"city":"Harrison","state":"NE","address":"","name":"Agate Fossil Beds National Monument"},
  {"lat":35.5819662,"lon":-101.6717008,"city":"Potter County","state":"TX","address":"","name":"Alibates Flint Quarries National Monument"},
  {"lat":56.85317675,"lon":-157.5544362,"city":"KIng Salmon","state":"AK","address":"","name":"Aniakchak National Monument & Preserve"},
  {"lat":36.83682216,"lon":-107.9999245,"city":"Aztec","state":"NM","address":"","name":"Aztec Ruins National Monument"},
  {"lat":35.77898596,"lon":-106.3317124,"city":"Los Alamos","state":"NM","address":"","name":"Bandelier National Monument"},
  {"lat":38.89231541,"lon":-77.00381882,"city":"Washington","state":"DC","address":"","name":"Belmont-Paul Women's Equality National Monument"},
  {"lat":33.5154266357,"lon":-86.814666748,"city":"Birmingham","state":"AL","address":"","name":"Birmingham Civil Rights National Monument"},
  {"lat":37.11520539,"lon":-79.73185833,"city":"Hardy","state":"VA","address":"","name":"Booker T Washington National Monument"},
  {"lat":17.81026717,"lon":-64.6222179,"city":"Christiansted, St. Croix","state":"VI","address":"","name":"Buck Island Reef National Monument"},
  {"lat":32.6722503,"lon":-117.2415985,"city":"San Diego","state":"CA","address":"","name":"Cabrillo National Monument"},
  {"lat":37.7970179913,"lon":-84.598168306,"city":"Nicholasville","state":"KY","address":"","name":"Camp Nelson National Monument"},
  {"lat":36.14319567,"lon":-109.3388303,"city":"Chinle","state":"AZ","address":"","name":"Canyon de Chelly National Monument"},
  {"lat":67.41499986,"lon":-163.5037786,"city":"Kotzebue","state":"AK","address":"","name":"Cape Krusenstern National Monument"},
  {"lat":36.78171096,"lon":-103.9710427,"city":"Capulin","state":"NM","address":"","name":"Capulin Volcano National Monument"},
  {"lat":40.2094,"lon":-77.17971,"city":"Carlisle Barracks","state":"PA","address":"","name":"Carlisle Federal Indian Boarding School National Monument"},
  {"lat":32.99702582,"lon":-111.5325383,"city":"Coolidge","state":"AZ","address":"","name":"Casa Grande Ruins National Monument"},
  {"lat":29.89785701,"lon":-81.31217173,"city":"Saint Augustine","state":"FL","address":"","name":"Castillo de San Marcos National Monument"},
  {"lat":40.70347795,"lon":-74.01680558,"city":"New York","state":"NY","address":"","name":"Castle Clinton National Monument"},
  {"lat":35.29156348,"lon":-115.0935606,"city":"Barstow","state":"CA","address":"","name":"Castle Mountains National Monument"},
  {"lat":37.63545562,"lon":-112.845268,"city":"Brian Head","state":"UT","address":"","name":"Cedar Breaks National Monument"},
  {"lat":39.70817829,"lon":-83.89328575,"city":"Wilberforce","state":"OH","address":"","name":"Charles Young Buffalo Soldiers National Monument"},
  {"lat":32.01214618,"lon":-109.341607,"city":"Willcox","state":"AZ","address":"","name":"Chiricahua National Monument"},
  {"lat":39.05045016,"lon":-108.6920709,"city":"Fruita","state":"CO","address":"","name":"Colorado National Monument"},
  {"lat":43.20345611,"lon":-113.4791609,"city":"Arco","state":"ID","address":"","name":"Craters Of The Moon National Monument & Preserve"},
  {"lat":35.22729389,"lon":-118.5615781,"city":"Keene","state":"CA","address":"","name":"César E. Chávez National Monument"},
  {"lat":37.6152564,"lon":-119.0873903,"city":"Mammoth Lakes","state":"CA","address":"","name":"Devils Postpile National Monument"},
  {"lat":44.59064655,"lon":-104.7156341,"city":"Devils Tower","state":"WY","address":"","name":"Devils Tower National Monument"},
  {"lat":40.50739742,"lon":-108.9333714,"city":"Jensen","state":"CO","address":"","name":"Dinosaur National Monument"},
  {"lat":43.08095081,"lon":-91.19687517,"city":"Harpers Ferry","state":"IA","address":"","name":"Effigy Mounds National Monument"},
  {"lat":34.88422799,"lon":-107.9950948,"city":"Grants","state":"NM","address":"","name":"El Malpais National Monument"},
  {"lat":35.03895916,"lon":-108.3463984,"city":"Ramah","state":"NM","address":"","name":"El Morro National Monument"},
  {"lat":40.69946,"lon":-74.0401,"city":"New York","state":"NJ","address":"","name":"Ellis Island Part of Statue of Liberty National Monument"},
  {"lat":33.9711,"lon":-90.3698,"city":"Sumner","state":"IL","address":"","name":"Emmett Till and Mamie Till-Mobley National Monument"},
  {"lat":38.91260586,"lon":-105.2803396,"city":"Florissant","state":"CO","address":"","name":"Florissant Fossil Beds National Monument"},
  {"lat":31.2214699,"lon":-81.39452014,"city":"St. Simons Island","state":"GA","address":"","name":"Fort Frederica National Monument"},
  {"lat":29.7121489,"lon":-81.23567535,"city":"Saint Augustine","state":"FL","address":"","name":"Fort Matanzas National Monument"},
  {"lat":39.26395314,"lon":-76.58044165,"city":"Baltimore","state":"MD","address":"","name":"Fort McHenry National Monument and Historic Shrine"},
  {"lat":37.01733343,"lon":-76.30103195,"city":"Fort Monroe","state":"VA","address":"","name":"Fort Monroe National Monument"},
  {"lat":32.0308274,"lon":-80.93361681,"city":"Savannah","state":"GA","address":"","name":"Fort Pulaski National Monument"},
  {"lat":43.21053441,"lon":-75.45557626,"city":"Rome","state":"NY","address":"","name":"Fort Stanwix National Monument"},
  {"lat":35.90700629,"lon":-105.0145185,"city":"Watrous","state":"NM","address":"","name":"Fort Union National Monument"},
  {"lat":41.85635223,"lon":-110.7624754,"city":"Kemmerer","state":"WY","address":"","name":"Fossil Butte National Monument"},
  {"lat":44.0052,"lon":-69.5568,"city":"Newcastle","state":"ME","address":"","name":"Frances Perkins National Monument"},
  {"lat":33.635269165,"lon":-85.9064331055,"city":"Anniston","state":"AL","address":"","name":"Freedom Riders National Monument"},
  {"lat":38.19362603,"lon":-76.92079458,"city":"Colonial Beach","state":"VA","address":"","name":"George Washington Birthplace National Monument"},
  {"lat":36.9871322,"lon":-94.35522737,"city":"Diamond","state":"MO","address":"","name":"George Washington Carver National Monument"},
  {"lat":33.22715258,"lon":-108.2706711,"city":"Mimbres","state":"NM","address":"","name":"Gila Cliff Dwellings National Monument"},
  {"lat":40.69164233,"lon":-74.01670765,"city":"New York","state":"NY","address":"","name":"Governors Island National Monument"},
  {"lat":36.41535465,"lon":-113.6682797,"city":"Saint George","state":"AZ","address":"","name":"Grand Canyon-Parashant National Monument"},
  {"lat":47.99294217,"lon":-89.75573031,"city":"Grand Portage","state":"MN","address":"","name":"Grand Portage National Monument"},
  {"lat":42.79074114,"lon":-114.9443074,"city":"Hagerman","state":"ID","address":"","name":"Hagerman Fossil Beds National Monument"},
  {"lat":37.39134092,"lon":-109.0047977,"city":"Cortez","state":"CO","address":"","name":"Hovenweep National Monument"},
  {"lat":43.73102945,"lon":-103.829994,"city":"Custer","state":"SD","address":"","name":"Jewel Cave National Monument"},
  {"lat":44.62566508,"lon":-119.8811491,"city":"Kimberly","state":"OR","address":"","name":"John Day Fossil Beds National Monument"},
  {"lat":45.9567565918,"lon":-68.7122879028,"city":"Patten","state":"ME","address":"","name":"Katahdin Woods and Waters National Monument"},
  {"lat":41.75915823,"lon":-121.5172189,"city":"Tulelake","state":"CA","address":"","name":"Lava Beds National Monument"},
  {"lat":45.55633048,"lon":-107.4183614,"city":"Crow Agency","state":"MT","address":"","name":"Little Bighorn Battlefield National Monument"},
  {"lat":32.34096274,"lon":-90.21264553,"city":"Jackson","state":"MS","address":"","name":"Medgar and Myrlie Evers Home National Monument"},
  {"lat":37.0688158602,"lon":-84.7375361304,"city":"Nancy","state":"KY","address":"","name":"Mill Springs Battlefield National Monument"},
  {"lat":34.62237771,"lon":-111.8147857,"city":"Camp Verde","state":"AZ","address":"","name":"Montezuma Castle National Monument"},
  {"lat":37.89658027,"lon":-122.5808047,"city":"Mill Valley","state":"CA","address":"","name":"Muir Woods National Monument"},
  {"lat":37.6045329,"lon":-110.0022436,"city":"Lake Powell","state":"UT","address":"","name":"Natural Bridges National Monument"},
  {"lat":36.71755643,"lon":-110.5504015,"city":"Shonto","state":"AZ","address":"","name":"Navajo National Monument"},
  {"lat":42.10319143,"lon":-123.4018586,"city":"Cave Junction","state":"OR","address":"","name":"Oregon Caves National Monument & Preserve"},
  {"lat":32.03585543,"lon":-112.8573314,"city":"Ajo","state":"AZ","address":"","name":"Organ Pipe Cactus National Monument"},
  {"lat":35.13915998,"lon":-106.7491456,"city":"Albuquerque","state":"NM","address":"","name":"Petroglyph National Monument"},
  {"lat":36.86282666,"lon":-112.7398567,"city":"Fredonia","state":"AZ","address":"","name":"Pipe Spring National Monument"},
  {"lat":44.01351958,"lon":-96.32475523,"city":"Pipestone","state":"MN","address":"","name":"Pipestone National Monument"},
  {"lat":32.6424361,"lon":-91.40829834,"city":"Pioneer","state":"LA","address":"","name":"Poverty Point National Monument"},
  {"lat":37.0779,"lon":-110.9655,"city":"Page","state":"UT","address":"","name":"Rainbow Bridge National Monument"},
  {"lat":34.97402063,"lon":-85.81560314,"city":"Bridgeport","state":"AL","address":"","name":"Russell Cave National Monument"},
  {"lat":34.35423203,"lon":-106.2050309,"city":"Mountainair","state":"NM","address":"","name":"Salinas Pueblo Missions National Monument"},
  {"lat":41.83464193,"lon":-103.7071351,"city":"Gering","state":"NE","address":"","name":"Scotts Bluff National Monument"},
  {"lat":39.8027,"lon":-89.6422,"city":"Springfield","state":"IL","address":"","name":"Springfield 1908 Race Riot National Monument"},
  {"lat":40.6898,"lon":-74.0451,"city":"New York","state":"NY","address":"","name":"Statue Of Liberty National Monument"},
  {"lat":40.7337799072,"lon":-74.0006866455,"city":"New York","state":"NY","address":"","name":"Stonewall National Monument"},
  {"lat":35.37114323,"lon":-111.510376,"city":"Flagstaff","state":"AZ","address":"","name":"Sunset Crater Volcano National Monument"},
  {"lat":40.44039719,"lon":-111.7093944,"city":"American Fork","state":"UT","address":"","name":"Timpanogos Cave National Monument"},
  {"lat":33.64842945,"lon":-111.1135627,"city":"Roosevelt","state":"AZ","address":"","name":"Tonto National Monument"},
  {"lat":41.88727902,"lon":-121.3744818,"city":"Tuelake","state":"CA","address":"","name":"Tule Lake National Monument"},
  {"lat":36.3893217,"lon":-115.3202223,"city":"Las Vegas","state":"NV","address":"","name":"Tule Springs Fossil Beds National Monument"},
  {"lat":34.77296377,"lon":-112.0279069,"city":"Clarkdale","state":"AZ","address":"","name":"Tuzigoot National Monument"},
  {"lat":18.28996918,"lon":-64.70683395,"city":"St. John","state":"VI","address":"","name":"Virgin Islands Coral Reef National Monument"},
  {"lat":31.60465887,"lon":-97.17606143,"city":"Waco","state":"TX","address":"","name":"Waco Mammoth National Monument"},
  {"lat":35.16822994,"lon":-111.5024239,"city":"Flagstaff","state":"AZ","address":"","name":"Walnut Canyon National Monument"},
  {"lat":35.55741077,"lon":-111.3957216,"city":"Flagstaff","state":"AZ","address":"","name":"Wupatki National Monument"},
  {"lat":37.24778944,"lon":-108.6861274,"city":"Cortez","state":"CO","address":"","name":"Yucca House National Monument"}
]}