{"key":"national_historical_park","displayName":"National Historical Parks","category":"entertainment","useLocationName":true,"locations":[
  {"lat":37.5858662,"lon":-85.67330523,"city":"Hodgenville","state":"KY","address":"","name":"Abraham Lincoln Birthplace National Historical Park"},
  {"lat":42.2553961,"lon":-71.01160356,"city":"Quincy","state":"MA","address":"","name":"Adams National Historical Park"},
  {"lat":37.38022164,"lon":-78.79856982,"city":"Appomattox","state":"VA","address":"","name":"Appomattox Court House National Historical Park"},
  {"lat":41.8775792792,"lon":-71.382433945,"city":"Pawtucket","state":"RI","address":"","name":"Blackstone River Valley National Historical Park"},
  {"lat":42.36957407,"lon":-71.05536763,"city":"Charlestown","state":"MA","address":"","name":"Boston National Historical Park"},
  {"lat":39.03787665,"lon":-95.67614437,"city":"Topeka","state":"KS","address":"","name":"Brown v. Board of Education National Historical Park"},
  {"lat":31.65408447,"lon":-93.00131977,"city":"Natchitoches Parish","state":"LA","address":"","name":"Cane River Creole National Historical Park"},
  {"lat":39.0093576,"lon":-78.30618934,"city":"Middletown","state":"VA","address":"","name":"Cedar Creek & Belle Grove National Historical Park"},
  {"lat":36.03963414,"lon":-107.9560076,"city":"Nageezi","state":"NM","address":"","name":"Chaco Culture National Historical Park"},
  {"lat":39.000283692,"lon":-77.2481399539,"city":"Williamsport","state":"DC","address":"","name":"Chesapeake & Ohio Canal National Historical Park"},
  {"lat":37.22824435,"lon":-76.61998123,"city":"Yorktown","state":"VA","address":"","name":"Colonial National Historical Park"},
  {"lat":42.4677505493,"lon":-73.203666687,"city":"Hartford","state":"CT","address":"","name":"Coltsville National Historical Park"},
  {"lat":36.62503076,"lon":-83.6114083,"city":"Middlesboro","state":"KY","address":"","name":"Cumberland Gap National Historical Park"},
  {"lat":39.78944467,"lon":-84.10442045,"city":"Dayton","state":"OH","address":"","name":"Dayton Aviation Heritage National Historical Park"},
  {"lat":39.83076929,"lon":-75.56353942,"city":"New Castle","state":"DE","address":"","name":"First State National Historical Park"},
  {"lat":32.75654469,"lon":-79.87068744,"city":"Charleston","state":"SC","address":"","name":"Fort Sumter and Fort Moultrie National Historical Park"},
  {"lat":38.67912659,"lon":-87.53545212,"city":"Vincennes","state":"IN","address":"","name":"George Rogers Clark National Historical Park"},
  {"lat":41.61947508,"lon":-112.5242653,"city":"Promontory, Utah","state":"UT","address":"","name":"Golden Spike National Historical Park"},
  {"lat":39.31865949,"lon":-77.74088546,"city":"Harpers Ferry","state":"WV","address":"","name":"Harpers Ferry National Historical Park"},
  {"lat":42.9128920287,"lon":-76.5646715462,"city":"Auburn","state":"NY","address":"","name":"Harriet Tubman National Historical Park"},
  {"lat":38.4548643511,"lon":-76.1373451376,"city":"Church Creek","state":"MD","address":"","name":"Harriet Tubman Underground Railroad National Historical Park"},
  {"lat":40.28802381,"lon":-96.83387781,"city":"Beatrice","state":"NE","address":"","name":"Homestead National Historical Park"},
  {"lat":39.31594374,"lon":-83.08049456,"city":"Chillicothe","state":"OH","address":"","name":"Hopewell Culture National Historical Park"},
  {"lat":39.94746112,"lon":-75.14794157,"city":"Philadelphia","state":"PA","address":"","name":"Independence National Historical Park"},
  {"lat":32.03611,"lon":-84.3924,"city":"Plains","state":"GA","address":"","name":"Jimmy Carter National Historical Park"},
  {"lat":21.1731108,"lon":-156.9511609,"city":"Kalaupapa","state":"HI","address":"","name":"Kalaupapa National Historical Park"},
  {"lat":19.68083237,"lon":-156.0306932,"city":"Kailua-Kona","state":"HI","address":"","name":"Kaloko-Honokōhau National Historical Park"},
  {"lat":47.1792308,"lon":-88.52275344,"city":"Calumet","state":"MI","address":"","name":"Keweenaw National Historical Park"},
  {"lat":47.5993663,"lon":-122.3319664,"city":"Seattle","state":"WA","address":"","name":"Klondike Gold Rush - Seattle Unit National Historical Park"},
  {"lat":59.61042373,"lon":-135.2618535,"city":"Skagway","state":"AK","address":"","name":"Klondike Gold Rush National Historical Park"},
  {"lat":46.21178735,"lon":-123.9638583,"city":"Astoria","state":"OR","address":"","name":"Lewis and Clark National Historical Park"},
  {"lat":42.6455371,"lon":-71.31588673,"city":"Lowell","state":"MA","address":"","name":"Lowell National Historical Park"},
  {"lat":30.2519655,"lon":-98.60692433,"city":"Johnson City","state":"TX","address":"","name":"Lyndon B Johnson National Historical Park"},
  {"lat":35.88096,"lon":-106.30214,"city":"Denver","state":"NM","address":"","name":"Manhattan Project National Historical Park"},
  {"lat":43.63348732,"lon":-72.53424638,"city":"Woodstock","state":"VT","address":"","name":"Marsh - Billings - Rockefeller National Historical Park"},
  {"lat":33.75618241,"lon":-84.37256768,"city":"Atlanta","state":"GA","address":"","name":"Martin Luther King, Jr. National Historical Park"},
  {"lat":42.4562778,"lon":-71.30738884,"city":"Lincoln","state":"MA","address":"","name":"Minute Man National Historical Park"},
  {"lat":40.7650755,"lon":-74.53455122,"city":"Morristown","state":"NJ","address":"","name":"Morristown National Historical Park"},
  {"lat":31.54697621,"lon":-91.39040665,"city":"Natchez","state":"MS","address":"","name":"Natchez National Historical Park"},
  {"lat":41.63540552,"lon":-70.92322321,"city":"New Bedford","state":"MA","address":"","name":"New Bedford Whaling National Historical Park"},
  {"lat":29.96303129,"lon":-90.06749669,"city":"New Orleans","state":"LA","address":"","name":"New Orleans Jazz National Historical Park"},
  {"lat":46.07019093,"lon":-115.8761258,"city":"Lapwai","state":"ID","address":"","name":"Nez Perce National Historical Park"},
  {"lat":32.83816576,"lon":-83.60224853,"city":"Macon","state":"GA","address":"","name":"Ocmulgee Mounds National Historical Park"},
  {"lat":26.02387351,"lon":-97.46296072,"city":"Brownsville","state":"TX","address":"","name":"Palo Alto Battlefield National Historical Park"},
  {"lat":40.91584645,"lon":-74.18021494,"city":"Paterson","state":"NJ","address":"","name":"Paterson Great Falls National Historical Park"},
  {"lat":35.54192238,"lon":-105.6814684,"city":"Pecos","state":"NM","address":"","name":"Pecos National Historical Park"},
  {"lat":41.69429163,"lon":-87.60873824,"city":"Chicago","state":"IL","address":"","name":"Pullman National Historical Park"},
  {"lat":19.41268627,"lon":-155.9008789,"city":"Hōnaunau","state":"HI","address":"","name":"Puʻuhonua o Hōnaunau National Historical Park"},
  {"lat":32.3868598938,"lon":-80.6511077881,"city":"Beaufort","state":"SC","address":"","name":"Reconstruction Era National Historical Park"},
  {"lat":37.90999027,"lon":-122.360156,"city":"Richmond","state":"CA","address":"","name":"Rosie the Riveter WWII Home Front National Historical Park"},
  {"lat":43.4997238,"lon":-72.37333969,"city":"Cornish","state":"NH","address":"","name":"Saint-Gaudens National Historical Park"},
  {"lat":42.52024529,"lon":-70.88640867,"city":"Salem","state":"MA","address":"","name":"Salem Maritime National Historical Park"},
  {"lat":29.31262089,"lon":-98.4289522,"city":"San Antonio","state":"TX","address":"","name":"San Antonio Missions National Historical Park"},
  {"lat":37.81005871,"lon":-122.4244415,"city":"San Francisco","state":"CA","address":"","name":"San Francisco Maritime National Historical Park"},
  {"lat":48.51241933,"lon":-123.0610277,"city":"Friday Harbor","state":"WA","address":"","name":"San Juan Island National Historical Park"},
  {"lat":42.99522612,"lon":-73.63386108,"city":"Stillwater","state":"NY","address":"","name":"Saratoga National Historical Park"},
  {"lat":57.04718173,"lon":-135.3156876,"city":"Sitka","state":"AK","address":"","name":"Sitka National Historical Park"},
  {"lat":37.9792171421,"lon":-90.0432157516,"city":"Ste. Genevieve","state":"MO","address":"","name":"Ste. Geneviève National Historical Park"},
  {"lat":40.78549896,"lon":-74.23821139,"city":"West Orange","state":"NJ","address":"","name":"Thomas Edison National Historical Park"},
  {"lat":31.567824,"lon":-111.051223,"city":"Tumacacori","state":"AZ","address":"","name":"Tumacácori National Historical Park"},
  {"lat":40.10054985,"lon":-75.44581889,"city":"King of Prussia","state":"PA","address":"","name":"Valley Forge National Historical Park"},
  {"lat":13.43795691,"lon":144.6922461,"city":"Hagatna","state":"GU","address":"","name":"War In The Pacific National Historical Park"},
  {"lat":41.25886268,"lon":-73.45452542,"city":"Wilton","state":"CT","address":"","name":"Weir Farm National Historical Park"},
  {"lat":42.90817073,"lon":-76.81655558,"city":"Seneca Falls","state":"NY","address":"","name":"Women's Rights National Historical Park"}
]}