{"key":"nba_arena","displayName":"NBA Arenas","category":"entertainment","useLocationName":true,"locations":[
  {"lat":42.3662,"lon":-71.0621,"city":"Boston","state":"MA","address":"","name":"TD Garden (Boston Celtics)"},
  {"lat":40.6826,"lon":-73.9754,"city":"Brooklyn","state":"NY","address":"","name":"Barclays Center (Brooklyn Nets)"},
  {"lat":40.7505,"lon":-73.9934,"city":"New York","state":"NY","address":"","name":"Madison Square Garden (New York Knicks)"},
  {"lat":39.9012,"lon":-75.172,"city":"Philadelphia","state":"PA","address":"","name":"Wells Fargo Center (Philadelphia 76ers)"},
  {"lat":38.8981,"lon":-77.0209,"city":"Washington","state":"DC","address":"","name":"Capital One Arena (Washington Wizards)"},
  {"lat":43.6435,"lon":-79.3791,"city":"Toronto","state":"ON","address":"","name":"Scotiabank Arena (Toronto Raptors)"},
  {"lat":41.4965,"lon":-81.6882,"city":"Cleveland","state":"OH","address":"","name":"Rocket Mortgage FieldHouse (Cleveland Cavaliers)"},
  {"lat":42.3411,"lon":-83.0553,"city":"Detroit","state":"MI","address":"","name":"Little Caesars Arena (Detroit Pistons)"},
  {"lat":39.764,"lon":-86.1555,"city":"Indianapolis","state":"IN","address":"","name":"Gainbridge Fieldhouse (Indiana Pacers)"},
  {"lat":41.8807,"lon":-87.6742,"city":"Chicago","state":"IL","address":"","name":"United Center (Chicago Bulls)"},
  {"lat":43.0451,"lon":-87.9172,"city":"Milwaukee","state":"WI","address":"","name":"Fiserv Forum (Milwaukee Bucks)"},
  {"lat":33.7573,"lon":-84.3963,"city":"Atlanta","state":"GA","address":"","name":"State Farm Arena (Atlanta Hawks)"},
  {"lat":35.2251,"lon":-80.8392,"city":"Charlotte","state":"NC","address":"","name":"Spectrum Center (Charlotte Hornets)"},
  {"lat":28.5392,"lon":-81.3839,"city":"Orlando","state":"FL","address":"","name":"Kia Center (Orlando Magic)"},
  {"lat":25.7814,"lon":-80.187,"city":"Miami","state":"FL","address":"","name":"Kaseya Center (Miami Heat)"},
  {"lat":29.949,"lon":-90.0821,"city":"New Orleans","state":"LA","address":"","name":"Smoothie King Center (New Orleans Pelicans)"},
  {"lat":29.7508,"lon":-95.3621,"city":"Houston","state":"TX","address":"","name":"Toyota Center (Houston Rockets)"},
  {"lat":32.7905,"lon":-96.8103,"city":"Dallas","state":"TX","address":"","name":"American Airlines Center (Dallas Mavericks)"},
  {"lat":29.427,"lon":-98.4375,"city":"San Antonio","state":"TX","address":"","name":"Frost Bank Center (San Antonio Spurs)"},
  {"lat":35.1381,"lon":-90.0506,"city":"Memphis","state":"TN","address":"","name":"FedExForum (Memphis Grizzlies)"},
  {"lat":44.9795,"lon":-93.2761,"city":"Minneapolis","state":"MN","address":"","name":"Target Center (Minnesota Timberwolves)"},
  {"lat":35.4634,"lon":-97.5151,"city":"Oklahoma City","state":"OK","address":"","name":"Paycom Center (Oklahoma City Thunder)"},
  {"lat":39.7487,"lon":-105.0077,"city":"Denver","state":"CO","address":"","name":"Ball Arena (Denver Nuggets)"},
  {"lat":40.7683,"lon":-111.9011,"city":"Salt Lake City","state":"UT","address":"","name":"Delta Center (Utah Jazz)"},
  {"lat":33.4457,"lon":-112.0712,"city":"Phoenix","state":"AZ","address":"","name":"Footprint Center (Phoenix Suns)"},
  {"lat":34.043,"lon":-118.2673,"city":"Los Angeles","state":"CA","address":"","name":"Crypto.com Arena (Los Angeles Lakers / Clippers)"},
  {"lat":38.5802,"lon":-121.4997,"city":"Sacramento","state":"CA","address":"","name":"Golden 1 Center (Sacramento Kings)"},
  {"lat":37.768,"lon":-122.3877,"city":"San Francisco","state":"CA","address":"","name":"Chase Center (Golden State Warriors)"},
  {"lat":45.5316,"lon":-122.6668,"city":"Portland","state":"OR","address":"","name":"Moda Center (Portland Trail Blazers)"},
  {"lat":36.1029,"lon":-115.1785,"city":"Las Vegas","state":"NV","address":"","name":"T-Mobile Arena (Las Vegas Aces)"}
]}