{"key":"nfl_stadium","displayName":"NFL Stadiums","category":"entertainment","useLocationName":true,"locations":[
  {"lat":42.0909,"lon":-71.2643,"city":"Foxborough","state":"MA","address":"","name":"Gillette Stadium (New England Patriots)"},
  {"lat":40.8128,"lon":-74.0742,"city":"East Rutherford","state":"NJ","address":"","name":"MetLife Stadium (New York Giants / Jets)"},
  {"lat":39.9008,"lon":-75.1675,"city":"Philadelphia","state":"PA","address":"","name":"Lincoln Financial Field (Philadelphia Eagles)"},
  {"lat":39.278,"lon":-76.6227,"city":"Baltimore","state":"MD","address":"","name":"M&T Bank Stadium (Baltimore Ravens)"},
  {"lat":38.9076,"lon":-76.8645,"city":"Landover","state":"MD","address":"","name":"Commanders Field (Washington Commanders)"},
  {"lat":42.7738,"lon":-78.787,"city":"Orchard Park","state":"NY","address":"","name":"Highmark Stadium (Buffalo Bills)"},
  {"lat":40.4468,"lon":-80.0158,"city":"Pittsburgh","state":"PA","address":"","name":"Acrisure Stadium (Pittsburgh Steelers)"},
  {"lat":41.5061,"lon":-81.6995,"city":"Cleveland","state":"OH","address":"","name":"FirstEnergy Stadium (Cleveland Browns)"},
  {"lat":39.0955,"lon":-84.5161,"city":"Cincinnati","state":"OH","address":"","name":"Paycor Stadium (Cincinnati Bengals)"},
  {"lat":39.7601,"lon":-86.1639,"city":"Indianapolis","state":"IN","address":"","name":"Lucas Oil Stadium (Indianapolis Colts)"},
  {"lat":29.6847,"lon":-95.4107,"city":"Houston","state":"TX","address":"","name":"NRG Stadium (Houston Texans)"},
  {"lat":36.1665,"lon":-86.7713,"city":"Nashville","state":"TN","address":"","name":"Nissan Stadium (Tennessee Titans)"},
  {"lat":30.3239,"lon":-81.6373,"city":"Jacksonville","state":"FL","address":"","name":"EverBank Stadium (Jacksonville Jaguars)"},
  {"lat":35.2258,"lon":-80.8528,"city":"Charlotte","state":"NC","address":"","name":"Bank of America Stadium (Carolina Panthers)"},
  {"lat":33.7553,"lon":-84.4006,"city":"Atlanta","state":"GA","address":"","name":"Mercedes-Benz Stadium (Atlanta Falcons)"},
  {"lat":29.9511,"lon":-90.0812,"city":"New Orleans","state":"LA","address":"","name":"Caesars Superdome (New Orleans Saints)"},
  {"lat":27.9759,"lon":-82.5033,"city":"Tampa","state":"FL","address":"","name":"Raymond James Stadium (Tampa Bay Buccaneers)"},
  {"lat":25.958,"lon":-80.2389,"city":"Miami Gardens","state":"FL","address":"","name":"Hard Rock Stadium (Miami Dolphins)"},
  {"lat":41.8623,"lon":-87.6167,"city":"Chicago","state":"IL","address":"","name":"Soldier Field (Chicago Bears)"},
  {"lat":42.34,"lon":-83.0456,"city":"Detroit","state":"MI","address":"","name":"Ford Field (Detroit Lions)"},
  {"lat":44.5013,"lon":-88.0622,"city":"Green Bay","state":"WI","address":"","name":"Lambeau Field (Green Bay Packers)"},
  {"lat":44.9737,"lon":-93.2575,"city":"Minneapolis","state":"MN","address":"","name":"U.S. Bank Stadium (Minnesota Vikings)"},
  {"lat":32.7473,"lon":-97.0945,"city":"Arlington","state":"TX","address":"","name":"AT&T Stadium (Dallas Cowboys)"},
  {"lat":39.0489,"lon":-94.4839,"city":"Kansas City","state":"MO","address":"","name":"GEHA Field at Arrowhead Stadium (Kansas City Chiefs)"},
  {"lat":39.7439,"lon":-105.0201,"city":"Denver","state":"CO","address":"","name":"Empower Field at Mile High (Denver Broncos)"},
  {"lat":36.0909,"lon":-115.1833,"city":"Las Vegas","state":"NV","address":"","name":"Allegiant Stadium (Las Vegas Raiders)"},
  {"lat":33.9535,"lon":-118.3392,"city":"Inglewood","state":"CA","address":"","name":"SoFi Stadium (Los Angeles Rams / Chargers)"},
  {"lat":33.5276,"lon":-112.2626,"city":"Glendale","state":"AZ","address":"","name":"State Farm Stadium (Arizona Cardinals)"},
  {"lat":47.5952,"lon":-122.3316,"city":"Seattle","state":"WA","address":"","name":"Lumen Field (Seattle Seahawks)"},
  {"lat":37.4033,"lon":-121.9695,"city":"Santa Clara","state":"CA","address":"","name":"Levi's Stadium (San Francisco 49ers)"}
]}