{"key":"nhl_arena","displayName":"NHL Arenas","category":"entertainment","useLocationName":true,"locations":[
  {"lat":42.3662,"lon":-71.0621,"city":"Boston","state":"MA","address":"","name":"TD Garden (Boston Bruins)"},
  {"lat":42.875,"lon":-78.8764,"city":"Buffalo","state":"NY","address":"","name":"KeyBank Center (Buffalo Sabres)"},
  {"lat":42.3411,"lon":-83.0553,"city":"Detroit","state":"MI","address":"","name":"Little Caesars Arena (Detroit Red Wings)"},
  {"lat":26.1584,"lon":-80.3256,"city":"Sunrise","state":"FL","address":"","name":"Amerant Bank Arena (Florida Panthers)"},
  {"lat":45.4961,"lon":-73.5693,"city":"Montreal","state":"QC","address":"","name":"Bell Centre (Montreal Canadiens)"},
  {"lat":45.2969,"lon":-75.927,"city":"Ottawa","state":"ON","address":"","name":"Canadian Tire Centre (Ottawa Senators)"},
  {"lat":27.9426,"lon":-82.4519,"city":"Tampa","state":"FL","address":"","name":"Amalie Arena (Tampa Bay Lightning)"},
  {"lat":43.6435,"lon":-79.3791,"city":"Toronto","state":"ON","address":"","name":"Scotiabank Arena (Toronto Maple Leafs)"},
  {"lat":35.8034,"lon":-78.722,"city":"Raleigh","state":"NC","address":"","name":"PNC Arena (Carolina Hurricanes)"},
  {"lat":39.9692,"lon":-83.0061,"city":"Columbus","state":"OH","address":"","name":"Nationwide Arena (Columbus Blue Jackets)"},
  {"lat":40.7335,"lon":-74.1711,"city":"Newark","state":"NJ","address":"","name":"Prudential Center (New Jersey Devils)"},
  {"lat":40.7159,"lon":-73.7258,"city":"Elmont","state":"NY","address":"","name":"UBS Arena (New York Islanders)"},
  {"lat":40.7505,"lon":-73.9934,"city":"New York","state":"NY","address":"","name":"Madison Square Garden (New York Rangers)"},
  {"lat":39.9012,"lon":-75.172,"city":"Philadelphia","state":"PA","address":"","name":"Wells Fargo Center (Philadelphia Flyers)"},
  {"lat":40.4395,"lon":-79.9892,"city":"Pittsburgh","state":"PA","address":"","name":"PPG Paints Arena (Pittsburgh Penguins)"},
  {"lat":38.8981,"lon":-77.0209,"city":"Washington","state":"DC","address":"","name":"Capital One Arena (Washington Capitals)"},
  {"lat":41.8807,"lon":-87.6742,"city":"Chicago","state":"IL","address":"","name":"United Center (Chicago Blackhawks)"},
  {"lat":39.7487,"lon":-105.0077,"city":"Denver","state":"CO","address":"","name":"Ball Arena (Colorado Avalanche)"},
  {"lat":32.7905,"lon":-96.8103,"city":"Dallas","state":"TX","address":"","name":"American Airlines Center (Dallas Stars)"},
  {"lat":44.9448,"lon":-93.101,"city":"St. Paul","state":"MN","address":"","name":"Xcel Energy Center (Minnesota Wild)"},
  {"lat":36.1592,"lon":-86.7785,"city":"Nashville","state":"TN","address":"","name":"Bridgestone Arena (Nashville Predators)"},
  {"lat":38.6268,"lon":-90.2025,"city":"St. Louis","state":"MO","address":"","name":"Enterprise Center (St. Louis Blues)"},
  {"lat":40.7683,"lon":-111.9011,"city":"Salt Lake City","state":"UT","address":"","name":"Utah Hockey Club Arena (Utah Hockey Club)"},
  {"lat":53.5469,"lon":-113.4979,"city":"Edmonton","state":"AB","address":"","name":"Rogers Place (Edmonton Oilers)"},
  {"lat":51.0374,"lon":-114.0519,"city":"Calgary","state":"AB","address":"","name":"Scotiabank Saddledome (Calgary Flames)"},
  {"lat":49.8929,"lon":-97.1437,"city":"Winnipeg","state":"MB","address":"","name":"Canada Life Centre (Winnipeg Jets)"},
  {"lat":33.8078,"lon":-117.8765,"city":"Anaheim","state":"CA","address":"","name":"Honda Center (Anaheim Ducks)"},
  {"lat":33.4265,"lon":-111.9325,"city":"Tempe","state":"AZ","address":"","name":"Mullett Arena (Arizona Coyotes)"},
  {"lat":34.043,"lon":-118.2673,"city":"Los Angeles","state":"CA","address":"","name":"Crypto.com Arena (Los Angeles Kings)"},
  {"lat":37.3327,"lon":-121.901,"city":"San Jose","state":"CA","address":"","name":"SAP Center (San Jose Sharks)"},
  {"lat":47.6222,"lon":-122.354,"city":"Seattle","state":"WA","address":"","name":"Climate Pledge Arena (Seattle Kraken)"},
  {"lat":49.2778,"lon":-123.1089,"city":"Vancouver","state":"BC","address":"","name":"Rogers Arena (Vancouver Canucks)"},
  {"lat":36.1029,"lon":-115.1785,"city":"Las Vegas","state":"NV","address":"","name":"T-Mobile Arena (Vegas Golden Knights)"}
]}