{"key":"nike","displayName":"Nike","category":"shopping","useLocationName":false,"locations":[
  {"lat":28.468446,"lon":-81.451038,"city":"Orlando","state":"FL","address":"Orlando Premium Outlets-International Dr","name":""},
  {"lat":33.752314,"lon":-78.960667,"city":"Myrtle Beach","state":"SC","address":"Tanger Outlet Center - Myrtle Beach","name":""},
  {"lat":40.98458,"lon":-111.903551,"city":"Farmington","state":"UT","address":"210 North Station Parkway","name":""},
  {"lat":33.567597,"lon":-101.947408,"city":"Lubbock","state":"TX","address":"West End Shopping Center Lubbock","name":""},
  {"lat":43.985282,"lon":-88.584373,"city":"Oshkosh","state":"WI","address":"The Outlet Shoppes at Oshkosh","name":""},
  {"lat":34.984494,"lon":-118.941877,"city":"Arvin","state":"CA","address":"Tejon Ranch","name":""},
  {"lat":45.518912,"lon":-122.677167,"city":"Portland","state":"OR","address":"638 SW 5th Ave","name":""},
  {"lat":41.739983,"lon":-87.605349,"city":"Chicago","state":"IL","address":"Chatham Village Square","name":""},
  {"lat":36.20399,"lon":-86.691497,"city":"Nashville","state":"TN","address":"Opry Mills Mall","name":""},
  {"lat":36.881997,"lon":-76.199543,"city":"Norfolk","state":"VA","address":"Norfolk Premium Outlets","name":""},
  {"lat":34.074062,"lon":-117.55177,"city":"Ontario","state":"CA","address":"Ontario Mills","name":""},
  {"lat":38.369113,"lon":-121.954543,"city":"Vacaville","state":"CA","address":"Vacaville Premium Outlets","name":""},
  {"lat":33.131329,"lon":-96.659853,"city":"Allen","state":"TX","address":"Allen Premium Outlets","name":""},
  {"lat":41.313621,"lon":-74.125649,"city":"Central Valley","state":"NY","address":"Woodbury Common Premium Outlets","name":""},
  {"lat":40.622379,"lon":-111.979776,"city":"West Jordan","state":"UT","address":"Jordan Landing","name":""},
  {"lat":37.698661,"lon":-121.843267,"city":"Livermore","state":"CA","address":"Livermore Valley Premium Outlets","name":""},
  {"lat":33.676354,"lon":-111.973595,"city":"Phoenix","state":"AZ","address":"21001 N Tatum Blvd #38-1330","name":""},
  {"lat":30.433208,"lon":-91.114291,"city":"Baton Rouge","state":"LA","address":"7445 Corporate Blvd. #600","name":""},
  {"lat":41.289172,"lon":-72.532193,"city":"Clinton","state":"CT","address":"Clinton Crossing Premium Outlets","name":""},
  {"lat":34.008167,"lon":-118.151526,"city":"Commerce","state":"CA","address":"Citadel Outlets","name":""},
  {"lat":38.63011,"lon":-90.40732,"city":"St. Louis","state":"MO","address":"1701 S Lindbergh Blvd, Ste 3A","name":""},
  {"lat":40.806996,"lon":-73.942689,"city":"New","state":"NY","address":"5 W. 125th Street","name":""},
  {"lat":36.162076,"lon":-115.158221,"city":"Las Vegas","state":"NV","address":"Las Vegas Premium Outlets - North","name":""},
  {"lat":33.28794,"lon":-111.974034,"city":"Chandler","state":"AZ","address":"Phoenix Premium Outlets","name":""},
  {"lat":41.099198,"lon":-96.250477,"city":"Gretna","state":"NE","address":"Omaha - Nebraska Crossings","name":""},
  {"lat":32.134402,"lon":-81.242571,"city":"Pooler","state":"GA","address":"Outlet Mall of Georgia","name":""},
  {"lat":33.125323,"lon":-117.320206,"city":"Carlsbad","state":"CA","address":"Carlsbad Premium Outlets","name":""},
  {"lat":34.146029,"lon":-118.151361,"city":"Pasadena","state":"CA","address":"One Colorado","name":""},
  {"lat":39.53192,"lon":-119.721471,"city":"Sparks","state":"NV","address":"Outlets at Legends","name":""},
  {"lat":42.826069,"lon":-71.500759,"city":"Merrimack","state":"NH","address":"Merrimack Premium Outlets","name":""},
  {"lat":44.815212,"lon":-93.216748,"city":"Eagan","state":"MN","address":"Simon Outlets Twin Cities","name":""},
  {"lat":35.806541,"lon":-83.570361,"city":"Pigeon Forge","state":"TN","address":"The Tower Shops at the Mountain Mile","name":""},
  {"lat":42.562922,"lon":-83.184128,"city":"Troy","state":"MI","address":"2800 W Big Beaver Rd, R236","name":""},
  {"lat":32.964627,"lon":-97.044235,"city":"Grapevine","state":"TX","address":"Grapevine Mills","name":""},
  {"lat":29.781622,"lon":-95.561044,"city":"Houston","state":"TX","address":"822 Town and Country Blvd, #106","name":""},
  {"lat":37.322522,"lon":-121.948068,"city":"San Jose","state":"CA","address":"333 Santana Row, Suite 1000","name":""},
  {"lat":39.308455,"lon":-85.960796,"city":"Edinburgh","state":"IN","address":"Edinburgh Premium Outlets","name":""},
  {"lat":33.022536,"lon":-97.281701,"city":"Fort Worth","state":"TX","address":"15861 North Freeway, STE 800","name":""},
  {"lat":38.643405,"lon":-77.296179,"city":"Woodbridge","state":"VA","address":"Potomac Mills","name":""},
  {"lat":36.074074,"lon":-79.266198,"city":"Mebane","state":"NC","address":"Tanger Outlet Center - Mebane","name":""},
  {"lat":30.379823,"lon":-86.351647,"city":"Destin","state":"FL","address":"Silver Sands Factory Store","name":""},
  {"lat":39.95009,"lon":-75.16824,"city":"Philadelphia","state":"PA","address":"1617 Walnut Street","name":""},
  {"lat":36.149273,"lon":-115.333233,"city":"Las Vegas","state":"NV","address":"2010 Festival Plaza Dr. #100","name":""},
  {"lat":30.401977,"lon":-97.722647,"city":"Austin","state":"TX","address":"11600 Rock Rose Ave, Suite W4","name":""},
  {"lat":26.053787,"lon":-80.161201,"city":"Dania Beach","state":"FL","address":"166 Sunset Drive","name":""},
  {"lat":39.125783,"lon":-94.825727,"city":"Kansas City","state":"KS","address":"Legends at Village West","name":""},
  {"lat":33.947451,"lon":-118.229345,"city":"Los Angeles","state":"CA","address":"9801 S Alameda St","name":""},
  {"lat":34.359489,"lon":-84.048611,"city":"Dawsonville","state":"GA","address":"North Georgia Premium Outlets","name":""},
  {"lat":32.729596,"lon":-97.361573,"city":"Fort Worth","state":"TX","address":"1540 S. University Dr. Suite 112","name":""},
  {"lat":40.91548,"lon":-74.059841,"city":"Paramus","state":"NJ","address":"The Outlets at Bergen Town Center","name":""},
  {"lat":34.071845,"lon":-118.356646,"city":"Los Angeles","state":"CA","address":"189 The Grove Drive, Space Q-3","name":""},
  {"lat":41.894438,"lon":-87.623737,"city":"Chicago","state":"IL","address":"669 N Michigan Avenue","name":""},
  {"lat":36.119598,"lon":-115.1786,"city":"Las Vegas","state":"NV","address":"The Forum Shops at Caesars","name":""},
  {"lat":32.767911,"lon":-117.168151,"city":"San Diego","state":"CA","address":"Fashion Valley Mall","name":""},
  {"lat":37.788682,"lon":-122.406676,"city":"San Francisco","state":"CA","address":"278 Post Street","name":""},
  {"lat":42.517233,"lon":-71.035724,"city":"Lynnfield","state":"MA","address":"1125 Market Street","name":""},
  {"lat":34.014015,"lon":-118.494434,"city":"Santa Monica","state":"CA","address":"395 Santa Monica Place #118","name":""},
  {"lat":42.349991,"lon":-71.080145,"city":"Boston","state":"MA","address":"200 Newbury Street","name":""},
  {"lat":33.692559,"lon":-117.892834,"city":"Costa Mesa","state":"CA","address":"South Coast Plaza","name":""},
  {"lat":38.594907,"lon":-121.416029,"city":"Sacramento","state":"CA","address":"2100 Arden Way, Suite #172","name":""},
  {"lat":36.033974,"lon":-86.643811,"city":"Antioch","state":"TN","address":"4060 Cane Ridge Parkway, #301","name":""},
  {"lat":26.151941,"lon":-80.321429,"city":"Sunrise","state":"FL","address":"12801 W Sunrise Blvd. #1005","name":""},
  {"lat":41.76256,"lon":-71.458002,"city":"Cranston","state":"RI","address":"74 Hillside Rd","name":""},
  {"lat":42.362599,"lon":-71.157408,"city":"Watertown","state":"MA","address":"20 Eldridge Ave","name":""},
  {"lat":35.780401,"lon":-78.757648,"city":"Cary","state":"NC","address":"4 Fenton Main St, Suite #140","name":""},
  {"lat":38.206633,"lon":-85.352472,"city":"Simpsonville","state":"KY","address":"The Outlet Shoppes of the Bluegrass","name":""},
  {"lat":28.350281,"lon":-81.485672,"city":"Orlando","state":"FL","address":"15609 State Road 535","name":""},
  {"lat":43.571453,"lon":-89.786403,"city":"Baraboo","state":"WI","address":"Wisconsin Dells Outlet Center","name":""},
  {"lat":40.723214,"lon":-73.998834,"city":"New","state":"NY","address":"529 Broadway","name":""},
  {"lat":40.713629,"lon":-74.015026,"city":"New","state":"NY","address":"200 Vesey Street, Suite #118","name":""},
  {"lat":38.856748,"lon":-77.391206,"city":"Fairfax","state":"VA","address":"13027 Fair Lakes Shopping Cent","name":""},
  {"lat":33.791968,"lon":-118.330102,"city":"Torrance","state":"CA","address":"2545 Pacific Coast Highway Suite A","name":""},
  {"lat":34.462794,"lon":-84.918531,"city":"Calhoun","state":"GA","address":"Calhoun Premium Outlets","name":""},
  {"lat":40.718869,"lon":-73.960679,"city":"Brooklyn","state":"NY","address":"81 North 6th Street","name":""},
  {"lat":26.435924,"lon":-81.777071,"city":"Estero","state":"FL","address":"Miromar Outlets","name":""},
  {"lat":37.292912,"lon":-121.988485,"city":"San Jose","state":"CA","address":"Nike Factory Store","name":""},
  {"lat":43.097456,"lon":-78.980625,"city":"Niagara Falls","state":"NY","address":"Fashion Outlets of Niagara Falls","name":""},
  {"lat":36.056007,"lon":-115.169509,"city":"Las Vegas","state":"NV","address":"Las Vegas Premium Outlets - South","name":""},
  {"lat":28.333939,"lon":-81.530637,"city":"Kissimmee","state":"FL","address":"Shoppes at the Parkway - Celebration","name":""},
  {"lat":41.139517,"lon":-80.157792,"city":"Grove City","state":"PA","address":"Grove City Premium Outlets","name":""},
  {"lat":45.999007,"lon":-123.917725,"city":"Seaside","state":"OR","address":"Seaside Factory Stores","name":""},
  {"lat":25.45236,"lon":-80.473683,"city":"Florida City","state":"FL","address":"Florida Keys Premium Outlets","name":""},
  {"lat":42.38883,"lon":-87.956999,"city":"Gurnee","state":"IL","address":"Gurnee Mills","name":""},
  {"lat":34.215963,"lon":-119.057244,"city":"Camarillo","state":"CA","address":"Camarillo Premium Outlets","name":""},
  {"lat":34.02303,"lon":-118.16816,"city":"East","state":"CA","address":"4585 Whittier Blvd","name":""},
  {"lat":43.624487,"lon":-116.351726,"city":"Meridian","state":"ID","address":"Village at Meridian","name":""},
  {"lat":35.370556,"lon":-80.723812,"city":"Concord","state":"NC","address":"Concord Mills","name":""},
  {"lat":41.800225,"lon":-88.272199,"city":"Aurora","state":"IL","address":"Chicago Premium Outlets","name":""},
  {"lat":35.036539,"lon":-90.027752,"city":"Memphis","state":"TN","address":"South Plaza Shopping Center","name":""},
  {"lat":41.30127,"lon":-81.339789,"city":"Aurora","state":"OH","address":"Aurora Farms Premium Outlets","name":""},
  {"lat":40.757456,"lon":-73.834699,"city":"Flushing","state":"NY","address":"Sky View Center","name":""},
  {"lat":35.081032,"lon":-81.713557,"city":"Gaffney","state":"SC","address":"Gaffney Premium Outlets","name":""},
  {"lat":47.298408,"lon":-122.24392,"city":"Auburn","state":"WA","address":"Auburn - Outlet Collection of Seattle","name":""},
  {"lat":42.232816,"lon":-71.178085,"city":"Dedham","state":"MA","address":"222 Legacy Place","name":""},
  {"lat":40.653077,"lon":-73.872551,"city":"Brooklyn","state":"NY","address":"410 Gateway Drive","name":""},
  {"lat":28.553655,"lon":-81.203687,"city":"Orlando","state":"FL","address":"481 N Alafaya Trail","name":""},
  {"lat":41.456221,"lon":-81.951849,"city":"Westlake","state":"OH","address":"236 Main Street","name":""},
  {"lat":37.976038,"lon":-84.527709,"city":"Lexington","state":"KY","address":"4084 Finn Way, Suite 130","name":""},
  {"lat":40.434678,"lon":-111.884048,"city":"Lehi","state":"UT","address":"Outlets at Traverse Mountain","name":""},
  {"lat":31.912826,"lon":-106.585451,"city":"Canutillo","state":"TX","address":"The Outlet Shoppes at El Paso","name":""},
  {"lat":40.725961,"lon":-111.552636,"city":"Park City","state":"UT","address":"Junction Commons","name":""},
  {"lat":30.375701,"lon":-87.679365,"city":"Foley","state":"AL","address":"2601 S Mckenzie St., Suite 300","name":""},
  {"lat":32.704396,"lon":-96.284526,"city":"Terrell","state":"TX","address":"The Shops at Terrell","name":""},
  {"lat":38.982198,"lon":-76.161043,"city":"Queenstown","state":"MD","address":"Queenstown Premium Outlets","name":""},
  {"lat":26.160495,"lon":-97.888858,"city":"Mercedes","state":"TX","address":"Rio Grande Valley Premium Outlets","name":""},
  {"lat":41.974881,"lon":-87.868099,"city":"Rosemont","state":"IL","address":"Fashion Outlets of Chicago - Rosemont","name":""},
  {"lat":35.833467,"lon":-83.570423,"city":"Sevierville","state":"TN","address":"Tanger Outlet Center - Sevierville","name":""},
  {"lat":33.446515,"lon":-86.729632,"city":"Birmingham","state":"AL","address":"240 Summit Blvd Suite 100","name":""},
  {"lat":41.813156,"lon":-72.556318,"city":"South Windsor","state":"CT","address":"501 Evergreen Way, STE 501","name":""},
  {"lat":41.772544,"lon":-88.149764,"city":"Naperville","state":"IL","address":"217 S. Main St","name":""},
  {"lat":39.947957,"lon":-104.986409,"city":"Thornton","state":"CO","address":"Denver Premium Outlets","name":""},
  {"lat":45.157412,"lon":-122.876818,"city":"Woodburn","state":"OR","address":"Woodburn Premium Outlets","name":""},
  {"lat":34.119944,"lon":-84.525662,"city":"Woodstock","state":"GA","address":"The Outlet Shoppes at Atlanta","name":""},
  {"lat":30.428542,"lon":-89.100351,"city":"Gulfport","state":"MS","address":"Gulfport Premium Outlets","name":""},
  {"lat":39.592967,"lon":-104.809412,"city":"Aurora","state":"CO","address":"15400 E Briarwood Circle, Suite B","name":""},
  {"lat":39.041446,"lon":-94.593268,"city":"Kansas City","state":"MO","address":"450 Nichols Rd","name":""},
  {"lat":25.76685,"lon":-80.192775,"city":"Miami","state":"FL","address":"701 S. Miami Ave. #121-A","name":""},
  {"lat":33.438522,"lon":-117.626883,"city":"San Clemente","state":"CA","address":"Plaza San Clemente","name":""},
  {"lat":39.913886,"lon":-86.108717,"city":"Indianapolis","state":"IN","address":"8702 Keystone Crossing Space 25C","name":""},
  {"lat":32.942167,"lon":-97.13049,"city":"Southlake","state":"TX","address":"167 Grand Avenue","name":""},
  {"lat":33.070699,"lon":-117.266463,"city":"Carlsbad","state":"CA","address":"1905 Calle Barcelona, Suite 12","name":""},
  {"lat":36.84194,"lon":-76.132913,"city":"Virginia Beach","state":"VA","address":"4537 Main St.","name":""},
  {"lat":38.71604,"lon":-75.11068,"city":"Rehoboth","state":"DE","address":"Tanger Outlet Center - Rehoboth Beach","name":""},
  {"lat":38.794257,"lon":-77.000626,"city":"National Harbor","state":"MD","address":"Tanger Outlet Center - National Harbor","name":""},
  {"lat":39.159573,"lon":-76.724113,"city":"Hanover","state":"MD","address":"Arundel Mills","name":""},
  {"lat":29.774058,"lon":-95.809487,"city":"Katy","state":"TX","address":"5000 Katy Mills Cir. Suite 202","name":""},
  {"lat":40.643622,"lon":-74.075177,"city":"Staten Island","state":"NY","address":"Empire Outlets","name":""},
  {"lat":32.273391,"lon":-90.153847,"city":"Pearl","state":"MS","address":"Outlets of Mississippi","name":""},
  {"lat":29.592867,"lon":-98.610699,"city":"San Antonio","state":"TX","address":"15900 La Cantera Pkwy, STE 1600","name":""},
  {"lat":34.937417,"lon":-89.991612,"city":"Southaven","state":"MS","address":"Southaven Outlets","name":""},
  {"lat":38.25761,"lon":-122.64999,"city":"Petaluma","state":"CA","address":"Petaluma Village Premium Outlets","name":""},
  {"lat":40.087371,"lon":-75.391101,"city":"King of Prussia","state":"PA","address":"Suite 2336","name":""},
  {"lat":38.295224,"lon":-122.302727,"city":"Napa","state":"CA","address":"Napa Premium Outlets","name":""},
  {"lat":40.235513,"lon":-75.568101,"city":"Pottstown","state":"PA","address":"Philadelphia Premium Outlets","name":""},
  {"lat":33.347953,"lon":-84.122148,"city":"Locust Grove","state":"GA","address":"Tanger Outlet Center - Locust Grove","name":""},
  {"lat":47.61619,"lon":-122.20386,"city":"Bellevue","state":"WA","address":"565 Bellevue Square","name":""},
  {"lat":30.251549,"lon":-97.748694,"city":"Austin","state":"TX","address":"1221 South Congress Ave, Suite 160","name":""},
  {"lat":41.845133,"lon":-87.96955,"city":"Oak Brook","state":"IL","address":"2155 W 22nd Street, Suite 5","name":""},
  {"lat":29.962385,"lon":-90.185896,"city":"Elmwood","state":"LA","address":"Elmwood Shopping Center","name":""},
  {"lat":38.247046,"lon":-85.609917,"city":"Louisville","state":"KY","address":"7900 Shelbyville Rd, Suite E15A","name":""},
  {"lat":40.683491,"lon":-73.975778,"city":"Brooklyn","state":"NY","address":"625 Atlantic Ave, Suite 104","name":""},
  {"lat":43.247868,"lon":-83.776267,"city":"Birch Run","state":"MI","address":"Birch Run Premium Outlets","name":""},
  {"lat":39.731476,"lon":-105.161397,"city":"Lakewood","state":"CO","address":"14500 W Colfax Ave. Suite 105B","name":""},
  {"lat":42.620401,"lon":-83.996314,"city":"Howell","state":"MI","address":"Tanger Outlet Center - Howell","name":""},
  {"lat":48.092075,"lon":-122.187641,"city":"Tulalip","state":"WA","address":"Seattle Premium Outlets","name":""},
  {"lat":42.395177,"lon":-71.080762,"city":"Somerville","state":"MA","address":"300 Artisan Way","name":""},
  {"lat":30.564641,"lon":-97.689922,"city":"Round Rock","state":"TX","address":"Round Rock Premium Outlets","name":""},
  {"lat":32.239708,"lon":-80.819466,"city":"Bluffton","state":"SC","address":"Tanger Outlet Center - Hilton Head","name":""},
  {"lat":29.997371,"lon":-95.756534,"city":"Cypress","state":"TX","address":"Houston Premium Outlets","name":""},
  {"lat":42.325773,"lon":-71.062154,"city":"Dorchester","state":"MA","address":"33 District Avenue","name":""},
  {"lat":34.076247,"lon":-117.2027,"city":"Redlands","state":"CA","address":"Mountain Grove at Citrus Plaza","name":""},
  {"lat":35.901799,"lon":-84.157115,"city":"Knoxville","state":"TN","address":"11275 Parkside Dr.","name":""},
  {"lat":32.374912,"lon":-111.101944,"city":"Tucson","state":"AZ","address":"Tucson Premium Outlets","name":""},
  {"lat":46.724148,"lon":-122.976028,"city":"Centralia","state":"WA","address":"Centralia Outlets","name":""},
  {"lat":36.846677,"lon":-119.790447,"city":"Fresno","state":"CA","address":"7650 N Blackstone Ave","name":""},
  {"lat":42.333655,"lon":-83.048669,"city":"Detroit","state":"MI","address":"1261 Woodward Ave","name":""},
  {"lat":35.136496,"lon":-120.629523,"city":"Pismo Beach","state":"CA","address":"Pismo Beach Premium Outlets","name":""},
  {"lat":42.322779,"lon":-71.168729,"city":"Chestnut Hill","state":"MA","address":"33 Boylston St, Suite 4830","name":""},
  {"lat":34.248938,"lon":-83.475441,"city":"Commerce","state":"GA","address":"800 Steven B Tanger Blvd #810","name":""},
  {"lat":33.874877,"lon":-112.148931,"city":"Phoenix","state":"AZ","address":"Outlets at Anthem","name":""},
  {"lat":41.655186,"lon":-93.512446,"city":"Altoona","state":"IA","address":"Outlets of Des Moines","name":""},
  {"lat":18.439623,"lon":-66.541845,"city":"Barceloneta","state":"PR","address":"Puerto Rico Premium Outlets","name":""},
  {"lat":33.38326,"lon":-111.964289,"city":"Tempe","state":"AZ","address":"Arizona Mills Mall","name":""},
  {"lat":18.339327,"lon":-66.067882,"city":"San Juan","state":"PR","address":"The Outlets at Montehiedra","name":""},
  {"lat":40.296073,"lon":-76.64646,"city":"Hershey","state":"PA","address":"137 Outlet Square","name":""},
  {"lat":45.396735,"lon":-122.751818,"city":"Tigard","state":"OR","address":"Bridgeport Village","name":""},
  {"lat":40.217942,"lon":-80.211772,"city":"Washington","state":"PA","address":"Tanger Outlet Center - Pittsburgh","name":""},
  {"lat":36.011133,"lon":-115.121674,"city":"Las Vegas","state":"NV","address":"Silverado Ranch Plaza","name":""},
  {"lat":39.433715,"lon":-84.33659,"city":"Monroe","state":"OH","address":"Cincinnati Premium Outlets","name":""},
  {"lat":32.154925,"lon":-110.989075,"city":"Tucson","state":"AZ","address":"5325 S. Calle Santa Cruz","name":""},
  {"lat":34.144367,"lon":-118.255965,"city":"Glendale","state":"CA","address":"837 Americana Way, Suite D11","name":""},
  {"lat":33.07927,"lon":-96.826096,"city":"Plano","state":"TX","address":"7400 Windrose Ave., Suite B105","name":""},
  {"lat":26.00178,"lon":-80.33669,"city":"Pembroke Pines","state":"FL","address":"627 SW 145th Terrace","name":""},
  {"lat":33.92675,"lon":-116.813069,"city":"Cabazon","state":"CA","address":"Desert Hills Premium Outlets","name":""},
  {"lat":33.534467,"lon":-112.267103,"city":"Glendale","state":"AZ","address":"Tanger Outlet Center - Westgate","name":""},
  {"lat":34.38716,"lon":-118.570637,"city":"Valencia","state":"CA","address":"Valencia Marketplace","name":""},
  {"lat":40.018224,"lon":-105.255885,"city":"Boulder","state":"CO","address":"1755 29th Street, STE 1100","name":""},
  {"lat":33.764344,"lon":-118.194423,"city":"Long Beach","state":"CA","address":"The Pike Outlets at Rainbow Harbor","name":""},
  {"lat":40.919515,"lon":-72.711662,"city":"Riverhead","state":"NY","address":"Tanger Outlet Center - Riverhead","name":""},
  {"lat":40.738198,"lon":-74.171088,"city":"Newark","state":"NJ","address":"The Shoppes at Broad","name":""},
  {"lat":42.808985,"lon":-85.670428,"city":"Byron Center","state":"MI","address":"Tanger Outlet Center - Grand Rapids","name":""},
  {"lat":38.981172,"lon":-77.096871,"city":"Bethesda","state":"MD","address":"7117 Arlington Road Space U","name":""},
  {"lat":26.724615,"lon":-80.086923,"city":"West","state":"FL","address":"Palm Beach Fashion Outlets","name":""},
  {"lat":41.040829,"lon":-74.075405,"city":"Woodcliff","state":"NJ","address":"415 Chestnut Ridge Road","name":""},
  {"lat":42.302744,"lon":-71.385367,"city":"Natick","state":"MA","address":"1245 Worcester St, Suite #3072","name":""},
  {"lat":44.053464,"lon":-123.090105,"city":"Eugene","state":"OR","address":"5th Street Market","name":""},
  {"lat":36.644894,"lon":-93.263877,"city":"Branson","state":"MO","address":"Tanger Outlet Center - Branson","name":""},
  {"lat":42.518458,"lon":-87.949829,"city":"Pleasant Prairie","state":"WI","address":"Pleasant Prairie Premium Outlets","name":""},
  {"lat":32.872686,"lon":-80.016893,"city":"North","state":"SC","address":"Tanger Outlet Center - Charleston","name":""},
  {"lat":28.476218,"lon":-81.449292,"city":"Orlando","state":"FL","address":"4977 International Dr. #3B-13","name":""},
  {"lat":28.343809,"lon":-81.42905,"city":"Kissimmee","state":"FL","address":"2671 W Osceola Pkwy Unit B","name":""},
  {"lat":42.768582,"lon":-71.223501,"city":"Salem","state":"NH","address":"6 South Village Drive Ste. 200","name":""},
  {"lat":40.97094,"lon":-73.80469,"city":"Scarsdale","state":"NY","address":"696 WHITE PLAINS RD","name":""},
  {"lat":32.84014,"lon":-116.704692,"city":"Alpine","state":"CA","address":"Viejas Outlet Center","name":""},
  {"lat":43.115399,"lon":-70.730363,"city":"Kittery","state":"ME","address":"Kittery Premium Outlets","name":""},
  {"lat":42.036817,"lon":-71.351067,"city":"Wrentham","state":"MA","address":"Wrentham Premium Outlets","name":""},
  {"lat":38.644352,"lon":-121.188938,"city":"Folsom","state":"CA","address":"Folsom Premium Outlets","name":""},
  {"lat":37.710026,"lon":-122.163458,"city":"San Leandro","state":"CA","address":"1275 Marina Blvd","name":""},
  {"lat":42.703204,"lon":-83.29992,"city":"Auburn Hills","state":"MI","address":"Great Lakes Crossing","name":""},
  {"lat":41.475727,"lon":-71.959891,"city":"Mashantucket","state":"CT","address":"Tanger Outlet Center - Foxwoods","name":""},
  {"lat":29.926465,"lon":-81.418945,"city":"St Augustine","state":"FL","address":"St. Augustine Premium Outlets","name":""},
  {"lat":33.78451,"lon":-117.892805,"city":"Orange","state":"CA","address":"Outlets at Orange","name":""},
  {"lat":37.318265,"lon":-76.737637,"city":"Williamsburg","state":"VA","address":"Williamsburg Premium Outlets","name":""},
  {"lat":39.358977,"lon":-74.438037,"city":"Atlantic City","state":"NJ","address":"Tanger Outlet Center - The Walk","name":""},
  {"lat":40.16253,"lon":-74.419575,"city":"Jackson","state":"NJ","address":"Jackson Premium Outlets","name":""},
  {"lat":38.677355,"lon":-90.661935,"city":"Chesterfield","state":"MO","address":"Chesterfield - St. Louis Premium Outlets","name":""},
  {"lat":40.222507,"lon":-74.095189,"city":"Tinton Falls","state":"NJ","address":"Tinton Falls Premium Outlets","name":""},
  {"lat":40.660297,"lon":-74.170239,"city":"Elizabeth","state":"NJ","address":"651 Kapkowski Rd., Space 150","name":""},
  {"lat":33.847986,"lon":-84.362967,"city":"Atlanta","state":"GA","address":"Lenox Square","name":""},
  {"lat":41.715567,"lon":-86.907563,"city":"Michigan City","state":"IN","address":"Lighthouse Place Premium Outlets","name":""},
  {"lat":25.787419,"lon":-80.382766,"city":"Miami","state":"FL","address":"Dolphin Mall","name":""},
  {"lat":37.414978,"lon":-121.89677,"city":"Milpitas","state":"CA","address":"The Great Mall","name":""},
  {"lat":40.762815,"lon":-73.305831,"city":"Deer Park","state":"NY","address":"Tanger Outlet Center - Deer Park","name":""},
  {"lat":37.020773,"lon":-121.564515,"city":"Gilroy","state":"CA","address":"Gilroy Premium Outlets","name":""},
  {"lat":28.190071,"lon":-82.390006,"city":"Lutz","state":"FL","address":"Tampa Premium Outlets","name":""},
  {"lat":32.544062,"lon":-117.038549,"city":"San Ysidro","state":"CA","address":"Las Americas Premium Outlets","name":""},
  {"lat":29.82848,"lon":-97.983402,"city":"San Marcos","state":"TX","address":"San Marcos Premium Outlets","name":""},
  {"lat":43.087778,"lon":-88.765188,"city":"Johnson Creek","state":"WI","address":"575 W. Linmar Lane, Suite A10","name":""},
  {"lat":29.425401,"lon":-95.060537,"city":"Texas City","state":"TX","address":"Tanger Outlet Center - Galveston/Houston","name":""},
  {"lat":41.050065,"lon":-75.314549,"city":"Tannersville","state":"PA","address":"The Crossings Premium Outlets","name":""},
  {"lat":39.784785,"lon":-75.053593,"city":"Blackwood","state":"NJ","address":"100 Premium Outlets Dr #140","name":""},
  {"lat":41.691791,"lon":-92.005572,"city":"Williamsburg","state":"IA","address":"Tanger Outlet Center - Williamsburg","name":""},
  {"lat":35.461885,"lon":-97.648258,"city":"Oklahoma City","state":"OK","address":"OKC Outlets","name":""},
  {"lat":45.244877,"lon":-93.672154,"city":"Albertville","state":"MN","address":"Albertville Premium Outlets","name":""},
  {"lat":40.622976,"lon":-73.638142,"city":"Oceanside","state":"NY","address":"The Sands Shopping Center - Oceanside","name":""},
  {"lat":35.16942,"lon":-80.96949,"city":"Charlotte","state":"NC","address":"Charlotte Premium Outlets","name":""},
  {"lat":34.845608,"lon":-117.084336,"city":"Barstow","state":"CA","address":"Outlets at Barstow","name":""},
  {"lat":35.52923,"lon":-82.602941,"city":"Asheville","state":"NC","address":"Asheville Outlets","name":""},
  {"lat":32.679316,"lon":-97.052158,"city":"Grand Prairie","state":"TX","address":"Paragon Outlets Grand Prairie","name":""},
  {"lat":39.416603,"lon":-104.875015,"city":"Castle Rock","state":"CO","address":"Outlets at Castle Rock","name":""},
  {"lat":44.959388,"lon":-124.01112,"city":"Lincoln City","state":"OR","address":"Lincoln City Outlets","name":""},
  {"lat":40.259741,"lon":-82.925652,"city":"Sunbury","state":"OH","address":"Outlets at Columbus","name":""},
  {"lat":36.227485,"lon":-119.335513,"city":"Tulare","state":"CA","address":"1553 Retherford St., #C080","name":""},
  {"lat":41.564657,"lon":-93.805248,"city":"West Des Moines","state":"IA","address":"Jordan Creek Town Center","name":""},
  {"lat":27.535599,"lon":-82.507728,"city":"Ellenton","state":"FL","address":"Ellenton Premium Outlets","name":""},
  {"lat":30.215107,"lon":-90.952299,"city":"Gonzales","state":"LA","address":"Tanger Outlet Center - Gonzales","name":""},
  {"lat":42.956824,"lon":-76.91868,"city":"Waterloo","state":"NY","address":"Waterloo Premium Outlets","name":""},
  {"lat":35.510884,"lon":-78.312373,"city":"Smithfield","state":"NC","address":"Carolina Premium Outlets - Smithfield","name":""},
  {"lat":44.026219,"lon":-121.313306,"city":"Bend","state":"OR","address":"Bend Factory Stores","name":""},
  {"lat":40.025692,"lon":-76.220268,"city":"Lancaster","state":"PA","address":"Tanger Outlet Center - Lancaster","name":""},
  {"lat":33.98079,"lon":-84.080263,"city":"Lawrenceville","state":"GA","address":"Sugarloaf Mills","name":""},
  {"lat":28.386173,"lon":-81.493748,"city":"Orlando","state":"FL","address":"Orlando Premium Outlets","name":""},
  {"lat":47.489906,"lon":-121.796038,"city":"North Bend","state":"WA","address":"661 S Fork Ave., Suite H","name":""},
  {"lat":39.105181,"lon":-77.538896,"city":"Leesburg","state":"VA","address":"241 Fort Evans Rd. NE #510","name":""},
  {"lat":34.660599,"lon":-92.407236,"city":"Little Rock","state":"AR","address":"Outlets of Little Rock","name":""},
  {"lat":38.90042,"lon":-76.995956,"city":"Washington","state":"DC","address":"700 H Street Northeast","name":""},
  {"lat":40.297796,"lon":-74.68372,"city":"Lawrenceville","state":"NJ","address":"3357 Brunswick Pike Suite 33","name":""},
  {"lat":38.96266,"lon":-104.79524,"city":"Colorado Springs","state":"CO","address":"Suite 309","name":""},
  {"lat":39.22821,"lon":-77.285852,"city":"Clarksburg","state":"MD","address":"Clarksburg Premium Outlets","name":""},
  {"lat":32.868639,"lon":-96.77393,"city":"Dallas","state":"TX","address":"8687 N Central Expy, Suite 1620","name":""},
  {"lat":33.433,"lon":-111.905528,"city":"Tempe","state":"AZ","address":"2000 E Rio Salado Pkwy #1253","name":""},
  {"lat":27.937178,"lon":-82.475361,"city":"Tampa","state":"FL","address":"1520 W Swann Ave","name":""},
  {"lat":40.795354,"lon":-73.674867,"city":"Manhasset","state":"NY","address":"1950 Northern Blvd., Space A-2","name":""},
  {"lat":40.759713,"lon":-73.976643,"city":"New","state":"NY","address":"650 5th Avenue","name":""},
  {"lat":33.649964,"lon":-117.74369,"city":"Irvine","state":"CA","address":"670 Spectrum Center Dr. STE 880","name":""},
  {"lat":36.1425,"lon":-86.8176,"city":"Nashville","state":"TN","address":"5046 Broadway Place","name":""},
  {"lat":27.501987,"lon":-99.512312,"city":"Laredo","state":"TX","address":"The Outlet Shoppes at Laredo","name":""},
  {"lat":33.756586,"lon":-118.110287,"city":"Long Beach","state":"CA","address":"6440 E. Pacific Coast Hwy #130","name":""},
  {"lat":30.163891,"lon":-95.464348,"city":"The Woodlands","state":"TX","address":"9595 Six Pines Dr., Suite 885","name":""},
  {"lat":44.855397,"lon":-93.242343,"city":"Bloomington","state":"MN","address":"227 West Market","name":""},
  {"lat":40.049246,"lon":-82.916049,"city":"Columbus","state":"OH","address":"Easton Town Center","name":""},
  {"lat":29.624862,"lon":-82.396078,"city":"Gainesville","state":"FL","address":"Celebration Pointe","name":""},
  {"lat":28.524416,"lon":-81.583771,"city":"Winter Garden","state":"FL","address":"Winter Garden Village","name":""},
  {"lat":47.659343,"lon":-117.421862,"city":"Spokane","state":"WA","address":"618 W Main Ave","name":""},
  {"lat":39.951675,"lon":-75.155324,"city":"Philadelphia","state":"PA","address":"901 Market Street, #1095","name":""},
  {"lat":41.4512,"lon":-81.48563,"city":"Orange Village","state":"OH","address":"400 Park Ave., Ste 172","name":""},
  {"lat":33.902487,"lon":-118.394446,"city":"El Segundo","state":"CA","address":"850 S. Pacific Coast Highway","name":""},
  {"lat":42.178175,"lon":-70.910653,"city":"Hingham","state":"MA","address":"928 Derby St STE 98","name":""},
  {"lat":26.196892,"lon":-98.257013,"city":"McAllen","state":"TX","address":"3300 W Expwy 83, Suite 500","name":""},
  {"lat":29.212485,"lon":-81.098858,"city":"Daytona Beach","state":"FL","address":"Tanger Outlet Center - Daytona Beach","name":""},
  {"lat":44.96767,"lon":-93.436572,"city":"Minnetonka","state":"MN","address":"12401 Wayzata Blvd. Ste 2096","name":""},
  {"lat":40.86769,"lon":-73.82784,"city":"The Bronx","state":"NY","address":"340 Baychester Ave","name":""},
  {"lat":29.495991,"lon":-98.48135,"city":"San Antonio","state":"TX","address":"255 E. Basse Rd STE1040","name":""},
  {"lat":43.120883,"lon":-87.915216,"city":"Glendale","state":"WI","address":"5695 N Centerpark Way #N127","name":""},
  {"lat":39.782658,"lon":-104.89238,"city":"Denver","state":"CO","address":"8230 E Northfield Blvd, #1370","name":""},
  {"lat":29.647242,"lon":-95.1533,"city":"Pasadena","state":"TX","address":"5726 Fairmont Parkway","name":""},
  {"lat":40.508738,"lon":-111.994974,"city":"Riverton","state":"UT","address":"13348 Teal Ridge Way Suite N-140","name":""},
  {"lat":33.771771,"lon":-84.365545,"city":"Atlanta","state":"GA","address":"675 Ponce De Leon Ave NE E-184","name":""},
  {"lat":33.834449,"lon":-118.350977,"city":"Torrance","state":"CA","address":"21540 Hawthorne Blvd, Suite 439A","name":""},
  {"lat":34.071064,"lon":-84.274498,"city":"Alpharetta","state":"GA","address":"7110 Avalon Blvd","name":""},
  {"lat":39.370911,"lon":-76.467198,"city":"Baltimore","state":"MD","address":"8115A Honeygo Blvd.","name":""},
  {"lat":34.1107,"lon":-117.534121,"city":"Rancho Cucamonga","state":"CA","address":"12431 S Mainstreet, Suite 1220","name":""},
  {"lat":26.848494,"lon":-80.084562,"city":"Palm Beach Gardens","state":"FL","address":"Gardens Mall","name":""},
  {"lat":37.762936,"lon":-121.959808,"city":"San Ramon","state":"CA","address":"6000 Bollinger Canyon Rd STE 1400","name":""},
  {"lat":37.870633,"lon":-122.30052,"city":"Berkeley","state":"CA","address":"1787 Fourth St","name":""},
  {"lat":40.739618,"lon":-74.030699,"city":"Hoboken","state":"NJ","address":"222 WASHINGTON ST","name":""},
  {"lat":33.792737,"lon":-84.394719,"city":"Atlanta","state":"GA","address":"1381 Market Street NW, STE 1","name":""},
  {"lat":25.790827,"lon":-80.139735,"city":"Miami Beach","state":"FL","address":"1035 Lincoln Road","name":""},
  {"lat":35.60975,"lon":-95.41729,"city":"Jenks","state":"OK","address":"801 East 103rd Street S, Suite 4150","name":""},
  {"lat":38.92127,"lon":-76.84644,"city":"Lanham","state":"MD","address":"Suite 518","name":""},
  {"lat":25.956846,"lon":-80.141027,"city":"Aventura","state":"FL","address":"19565 Biscayne Blvd","name":""},
  {"lat":38.995964,"lon":-77.025906,"city":"Silver Spring","state":"MD","address":"910 Ellsworth Dr.","name":""}]}