{"key":"nordstrom","displayName":"Nordstrom","category":"shopping","useLocationName":false,"locations":[
  {"lat":47.611949,"lon":-122.335961,"city":"Seattle","state":"WA","address":"500 Pine Street","name":""},
  {"lat":47.452837,"lon":-122.271716,"city":"Tukwila","state":"WA","address":"100 Southcenter Mall","name":""},
  {"lat":47.614107,"lon":-122.204688,"city":"Bellevue","state":"WA","address":"100 Bellevue Square","name":""},
  {"lat":47.217879,"lon":-122.467628,"city":"Tacoma","state":"WA","address":"4502 South Steele Street, #800","name":""},
  {"lat":47.659536,"lon":-117.424638,"city":"Spokane","state":"WA","address":"828 West Main Avenue","name":""},
  {"lat":47.830656,"lon":-122.27414,"city":"Lynnwood","state":"WA","address":"3200 184th Street SW","name":""},
  {"lat":45.519173,"lon":-122.680373,"city":"Portland","state":"OR","address":"701 SW Broadway","name":""},
  {"lat":45.449123,"lon":-122.782014,"city":"Tigard","state":"OR","address":"9700 SW Washington Square Road","name":""},
  {"lat":40.636813,"lon":-111.887158,"city":"Murray","state":"UT","address":"6191 South State Street, Suite 200","name":""},
  {"lat":40.76811,"lon":-111.893822,"city":"Salt Lake City","state":"UT","address":"55 South West Temple","name":""},
  {"lat":39.561329,"lon":-104.87492,"city":"Lone Tree","state":"CO","address":"8465 Park Meadows Center Drive","name":""},
  {"lat":39.717203,"lon":-104.955034,"city":"Denver","state":"CO","address":"2810 East First Avenue","name":""},
  {"lat":21.292169,"lon":-157.846596,"city":"Honolulu","state":"HI","address":"1450 Ala Moana Blvd, Ste 2950","name":""},
  {"lat":34.047861,"lon":-118.491614,"city":"Santa Monica","state":"CA","address":"214 26th Street","name":""},
  {"lat":34.071341,"lon":-118.357008,"city":"Los Angeles","state":"CA","address":"189 The Grove Drive","name":""},
  {"lat":34.058138,"lon":-118.417829,"city":"Los Angeles","state":"CA","address":"10250 Santa Monica Blvd","name":""},
  {"lat":33.863459,"lon":-118.093752,"city":"Cerritos","state":"CA","address":"300 Los Cerritos Center","name":""},
  {"lat":33.690803,"lon":-117.888785,"city":"Costa Mesa","state":"CA","address":"3333 Bristol Street Suite 7000","name":""},
  {"lat":33.915835,"lon":-117.888163,"city":"Brea","state":"CA","address":"500 Brea Mall Way","name":""},
  {"lat":33.556455,"lon":-117.670678,"city":"Mission Viejo","state":"CA","address":"100 The Shops at Mission Viejo","name":""},
  {"lat":33.648841,"lon":-117.742741,"city":"Irvine","state":"CA","address":"800 Spectrum Center Drive","name":""},
  {"lat":33.615954,"lon":-117.877787,"city":"Newport Beach","state":"CA","address":"901 Newport Center Drive","name":""},
  {"lat":33.627938,"lon":-117.908089,"city":"Newport Beach","state":"CA","address":"2043 Westcliff Dr Suite 103","name":""},
  {"lat":34.143471,"lon":-118.256283,"city":"Glendale","state":"CA","address":"102 Caruso Avenue","name":""},
  {"lat":34.188711,"lon":-118.602666,"city":"Canoga Park","state":"CA","address":"21725 Victory Boulevard","name":""},
  {"lat":33.834922,"lon":-118.351082,"city":"Torrance","state":"CA","address":"21500 Hawthorne Boulevard","name":""},
  {"lat":34.135344,"lon":-118.052424,"city":"Arcadia","state":"CA","address":"400 South Baldwin Avenue","name":""},
  {"lat":34.18366,"lon":-118.888653,"city":"Thousand Oaks","state":"CA","address":"346 West Hillcrest Drive","name":""},
  {"lat":32.768701,"lon":-117.168183,"city":"San Diego","state":"CA","address":"6997 Friars Road","name":""},
  {"lat":32.870919,"lon":-117.213039,"city":"San Diego","state":"CA","address":"4401 La Jolla Village Drive","name":""},
  {"lat":37.537479,"lon":-122.301345,"city":"San Mateo","state":"CA","address":"130 Hillsdale Shopping Center","name":""},
  {"lat":37.89717,"lon":-122.058284,"city":"Walnut Creek","state":"CA","address":"1200 Broadway Plaza","name":""},
  {"lat":37.439466,"lon":-122.17396,"city":"Palo Alto","state":"CA","address":"550 Stanford Shopping Center","name":""},
  {"lat":37.931397,"lon":-122.514836,"city":"Corte Madera","state":"CA","address":"1870 Redwood Highway","name":""},
  {"lat":37.326947,"lon":-121.948603,"city":"San Jose","state":"CA","address":"2400 Forest Avenue","name":""},
  {"lat":38.772233,"lon":-121.26902,"city":"Roseville","state":"CA","address":"1131 Galleria Boulevard","name":""},
  {"lat":33.885633,"lon":-118.408171,"city":"Manhattan Beach","state":"CA","address":"451 Manhattan Beach Blvd Suite D116","name":""},
  {"lat":37.78757,"lon":-122.43388,"city":"San Francisco","state":"CA","address":"1919 Fillmore St","name":""},
  {"lat":33.507177,"lon":-112.042234,"city":"Phoenix","state":"AZ","address":"1919 East Camelback Road","name":""},
  {"lat":33.501327,"lon":-111.929004,"city":"Scottsdale","state":"AZ","address":"7055 East Camelback Road","name":""},
  {"lat":38.952287,"lon":-94.718537,"city":"Overland Park","state":"KS","address":"11143 West 95th Street","name":""},
  {"lat":40.736918,"lon":-74.000662,"city":"New York","state":"NY","address":"13 7th Ave","name":""},
  {"lat":40.770515,"lon":-73.959783,"city":"New York","state":"NY","address":"1273 3rd Ave","name":""},
  {"lat":40.766697,"lon":-73.982103,"city":"New York","state":"NY","address":"225 W 57TH ST","name":""},
  {"lat":40.766697,"lon":-73.982103,"city":"New York","state":"NY","address":"235 West 57th Street","name":""},
  {"lat":41.032405,"lon":-73.759783,"city":"White Plains","state":"NY","address":"135 Westchester Avenue","name":""},
  {"lat":40.74312,"lon":-73.614303,"city":"Garden City","state":"NY","address":"630 Old Country Road","name":""},
  {"lat":40.717842,"lon":-73.95842,"city":"Brooklyn","state":"NY","address":"154 N 7th St","name":""},
  {"lat":41.891698,"lon":-87.62628,"city":"Chicago","state":"IL","address":"55 East Grand Avenue","name":""},
  {"lat":41.852444,"lon":-87.951148,"city":"Oak Brook","state":"IL","address":"10 Oakbrook Center","name":""},
  {"lat":42.056227,"lon":-87.749857,"city":"Skokie","state":"IL","address":"4937 Old Orchard Center","name":""},
  {"lat":42.045414,"lon":-88.04013,"city":"Schaumburg","state":"IL","address":"6 Woodfield Shopping Center","name":""},
  {"lat":41.839498,"lon":-88.007469,"city":"Lombard","state":"IL","address":"100 Yorktown Shopping Center","name":""},
  {"lat":44.855895,"lon":-93.244215,"city":"Bloomington","state":"MN","address":"1000 NW Court","name":""},
  {"lat":44.968597,"lon":-93.435417,"city":"Minnetonka","state":"MN","address":"12441 Wayzata Boulevard","name":""},
  {"lat":41.501184,"lon":-81.494465,"city":"Beachwood","state":"OH","address":"26200 Cedar Road","name":""},
  {"lat":40.054807,"lon":-82.915165,"city":"Columbus","state":"OH","address":"4000 Worth Avenue","name":""},
  {"lat":39.200167,"lon":-84.378886,"city":"Cincinnati","state":"OH","address":"7801 Montgomery Road","name":""},
  {"lat":42.562773,"lon":-83.185955,"city":"Troy","state":"MI","address":"2850 West Big Beaver Road","name":""},
  {"lat":42.491798,"lon":-83.46732,"city":"Novi","state":"MI","address":"27640 Novi Road","name":""},
  {"lat":38.600875,"lon":-90.447939,"city":"Des Peres","state":"MO","address":"47 West County Center","name":""},
  {"lat":40.544428,"lon":-80.008331,"city":"Pittsburgh","state":"PA","address":"1000 Ross Park Mall Drive","name":""},
  {"lat":40.085397,"lon":-75.394692,"city":"King Of Prussia","state":"PA","address":"190 North Gulph Road","name":""},
  {"lat":39.915189,"lon":-86.111596,"city":"Indianapolis","state":"IN","address":"8702 Keystone Crossing","name":""},
  {"lat":43.062757,"lon":-88.047597,"city":"Wauwatosa","state":"WI","address":"2424 N. Mayfair Road","name":""},
  {"lat":36.127929,"lon":-115.173048,"city":"Las Vegas","state":"NV","address":"3200 Las Vegas Blvd South, #710","name":""},
  {"lat":29.594534,"lon":-98.616911,"city":"San Antonio","state":"TX","address":"15900 La Cantera Parkway, Bldg 13","name":""},
  {"lat":33.099995,"lon":-96.812242,"city":"Frisco","state":"TX","address":"2613 Preston Road","name":""},
  {"lat":32.932547,"lon":-96.8194,"city":"Dallas","state":"TX","address":"5220 Alpha Road","name":""},
  {"lat":32.869797,"lon":-96.774685,"city":"Dallas","state":"TX","address":"8687 N Central Expy Ste 2000","name":""},
  {"lat":29.735854,"lon":-95.464215,"city":"Houston","state":"TX","address":"5192 Hidalgo Street","name":""},
  {"lat":30.259019,"lon":-97.808566,"city":"Austin","state":"TX","address":"2901 S Capital of Texas Hwy","name":""},
  {"lat":30.40235,"lon":-97.720395,"city":"Austin","state":"TX","address":"3111 Palm Way","name":""},
  {"lat":30.165371,"lon":-95.456244,"city":"The Woodlands","state":"TX","address":"1201 Lake Woodlands Drive Ste 300","name":""},
  {"lat":40.920968,"lon":-74.074472,"city":"Paramus","state":"NJ","address":"501 Garden State Plaza","name":""},
  {"lat":40.549965,"lon":-74.334837,"city":"Edison","state":"NJ","address":"449 Menlo Park Drive","name":""},
  {"lat":40.737785,"lon":-74.364243,"city":"Short Hills","state":"NJ","address":"1200 Morris Turnpike","name":""},
  {"lat":39.938872,"lon":-75.025279,"city":"Cherry Hill","state":"NJ","address":"2000 Route 38","name":""},
  {"lat":41.722043,"lon":-72.765831,"city":"Farmington","state":"CT","address":"600 Westfarms Mall","name":""},
  {"lat":41.096559,"lon":-73.415761,"city":"Norwalk","state":"CT","address":"100 North Water Street, Suite A","name":""},
  {"lat":42.300485,"lon":-71.379738,"city":"Natick","state":"MA","address":"290 Speen Street","name":""},
  {"lat":42.480541,"lon":-71.216846,"city":"Burlington","state":"MA","address":"75 Middlesex Turnpike","name":""},
  {"lat":38.916183,"lon":-77.22004,"city":"Mclean","state":"VA","address":"8075 Tysons Corner Center","name":""},
  {"lat":38.861305,"lon":-77.059911,"city":"Arlington","state":"VA","address":"1400 South Hayes Street","name":""},
  {"lat":33.923681,"lon":-84.342413,"city":"Atlanta","state":"GA","address":"4390 Ashford Dunwoody Road NE","name":""},
  {"lat":33.853134,"lon":-84.361343,"city":"Atlanta","state":"GA","address":"3500 Peachtree Road NE","name":""},
  {"lat":39.404083,"lon":-76.596677,"city":"Towson","state":"MD","address":"700 Fairmount Avenue","name":""},
  {"lat":39.022415,"lon":-77.148722,"city":"Bethesda","state":"MD","address":"7111 Democracy Boulevard","name":""},
  {"lat":39.219574,"lon":-76.859036,"city":"Columbia","state":"MD","address":"10300 Little Patuxent Parkway","name":""},
  {"lat":39.676473,"lon":-75.654339,"city":"Newark","state":"DE","address":"100 Christiana Mall","name":""},
  {"lat":35.150486,"lon":-80.83335,"city":"Charlotte","state":"NC","address":"4400 Sharon Road Ste 500","name":""},
  {"lat":35.904235,"lon":-78.941078,"city":"Durham","state":"NC","address":"6910 Fayetteville Road #500","name":""},
  {"lat":36.10652,"lon":-86.816481,"city":"Nashville","state":"TN","address":"2130 Abbott Martin Road","name":""},
  {"lat":26.36283,"lon":-80.130814,"city":"Boca Raton","state":"FL","address":"5820 Glades Road","name":""},
  {"lat":30.253385,"lon":-81.527181,"city":"Jacksonville","state":"FL","address":"4835 Town Crossing Drive","name":""},
  {"lat":25.732069,"lon":-80.258474,"city":"Coral Gables","state":"FL","address":"4310 Ponce de Leon Boulevard","name":""},
  {"lat":27.961608,"lon":-82.524039,"city":"Tampa","state":"FL","address":"2223 N Westshore Blvd Ste 300","name":""},
  {"lat":26.848147,"lon":-80.087582,"city":"Palm Beach Gardens","state":"FL","address":"3111 PGA Boulevard","name":""},
  {"lat":25.957253,"lon":-80.14524,"city":"Aventura","state":"FL","address":"19507 Biscayne Boulevard","name":""}
]}