{"key":"patel_brothers","displayName":"Patel Brothers","category":"grocery","useLocationName":false,"locations":[
  {"lat":33.641649,"lon":-112.032065,"city":"Phoenix","state":"AZ","address":"2320 E Bell Rd #120, Phoenix, AZ 85022","name":""},
  {"lat":40.249219,"lon":-74.68802,"city":"Hamilton Township","state":"NJ","address":"3100 Quakerbridge Road, Unit #2, Hamilton Township, NJ 08619","name":""},
  {"lat":39.908173,"lon":-86.05924,"city":"Indianapolis","state":"IN","address":"6302 East 82nd Street, Indianapolis, Indiana, 46250","name":""},
  {"lat":37.352963,"lon":-121.960514,"city":"Santa Clara","state":"CA","address":"2039 El Camino Real, Santa Clara, California 95050","name":""},
  {"lat":42.593072,"lon":-83.130638,"city":"Troy","state":"MI","address":"5055 Rochester Road, Troy, Michigan 48085","name":""},
  {"lat":40.863388,"lon":-74.385552,"city":"Parsippany","state":"NJ","address":"1084-1088 Rt 46 West, Parsippany, New Jersey 7054","name":""},
  {"lat":42.368918,"lon":-71.237659,"city":"Waltham","state":"MA","address":"425 Moody Street, Waltham, Massachusetts, 02453","name":""},
  {"lat":28.053496,"lon":-82.445767,"city":"Tampa","state":"FL","address":"1251 E. Fowler Ave Unit F, Tampa, Florida, 33612","name":""},
  {"lat":42.27617,"lon":-71.718782,"city":"Shrewsbury","state":"MA","address":"504 Boston Turnpike, Shrewsbury, Massachusetts 01545","name":""},
  {"lat":34.083934,"lon":-84.164154,"city":"Suwanee","state":"GA","address":"3230 Caliber Street, Suwanee, Georgia 30024","name":""},
  {"lat":26.170549,"lon":-80.25416,"city":"Sunrise","state":"FL","address":"3428 North University Drive, Sunrise, Florida 33351","name":""},
  {"lat":39.292558,"lon":-84.395752,"city":"Sharonville","state":"OH","address":"11985 Lebanon Rd., Sharonville, Ohio 45241","name":""},
  {"lat":42.048999,"lon":-88.101142,"city":"Schaumburg","state":"IL","address":"830 West Golf Road, Schaumburg, Illinois 60194","name":""},
  {"lat":33.057746,"lon":-96.77232,"city":"Plano","state":"TX","address":"6205 Coit Road Suite 201, Plano, Texas 75024","name":""},
  {"lat":35.088032,"lon":-80.877255,"city":"Pineville","state":"NC","address":"10701 Centrum Parkway, Pineville, North Carolina 28134","name":""},
  {"lat":28.441493,"lon":-81.404312,"city":"Orlando","state":"FL","address":"8550 South Orange Blossom Trail, Orlando, Florida, 32809","name":""},
  {"lat":40.45527,"lon":-74.294688,"city":"Parlin","state":"NJ","address":"1 Minimall Drive, Parlin, New Jersey 08859","name":""},
  {"lat":41.102979,"lon":-73.4379,"city":"Norwalk","state":"CT","address":"330 Connecticut Ave., Norwalk, Connecticut 06854","name":""},
  {"lat":40.443006,"lon":-74.48187,"city":"North Brunswick","state":"NJ","address":"2800 State Route 27, North Brunswick, New Jersey 08902","name":""},
  {"lat":41.942524,"lon":-71.345851,"city":"North Attleboro","state":"MA","address":"1190 S Washington Street, North Attleboro, Massachusetts 02760","name":""},
  {"lat":42.054103,"lon":-87.835909,"city":"Niles","state":"IL","address":"9555 N. Milwaukee Ave., Niles, Illinois 60714","name":""},
  {"lat":36.079548,"lon":-86.727159,"city":"Nashville","state":"TN","address":"420 Harding Place, Nashville, Tennessee, 37211","name":""},
  {"lat":42.704691,"lon":-71.43617,"city":"Nashua","state":"NH","address":"292 Daniel Webster Highway, Nashua, New Hampshire 03060","name":""},
  {"lat":41.767692,"lon":-88.185299,"city":"Naperville","state":"IL","address":"1568 W. Ogden Ave., Suite 130, Naperville IL 60540","name":""},
  {"lat":39.154595,"lon":-77.19776,"city":"Montgomery Village","state":"MD","address":"18270 Contour Road, Montgomery Village, Maryland 20877","name":""},
  {"lat":40.434519,"lon":-79.785236,"city":"Monroeville","state":"PA","address":"312 Mall Plaza Blvd, Monroeville, Pennsylvania 15146","name":""},
  {"lat":33.12938,"lon":-96.729162,"city":"Mckinney","state":"TX","address":"8720 State Highway 121, Suite 112, Mckinney, Texas 75070","name":""},
  {"lat":38.220676,"lon":-85.583739,"city":"Louisville","state":"KY","address":"1850 S. Hurstbourne Pkwy, Suite#134, Louisville, Kentucky 40220","name":""},
  {"lat":40.572861,"lon":-74.333338,"city":"Iselin","state":"NJ","address":"1555 Oaktree Road, Iselin, New Jersey 08830","name":""},
  {"lat":40.735383,"lon":-74.064308,"city":"Jersey City","state":"NJ","address":"780-782 Newark Ave, Jersey City, New Jersey 07306","name":""},
  {"lat":34.016645,"lon":-84.567836,"city":"Kennesaw","state":"GA","address":"2646 George Busbee Pkwy NW Unit 100, Kennesaw Georgia 30144","name":""},
  {"lat":30.221885,"lon":-81.559557,"city":"Jacksonville","state":"FL","address":"9551 Baymeadows Road Unit 12-17, Jacksonville, Florida 32256","name":""},
  {"lat":40.748117,"lon":-73.891387,"city":"Jackson Heights","state":"NY","address":"37-27 74th Street, Jackson Heights, New York 11372","name":""},
  {"lat":32.845104,"lon":-96.957569,"city":"Irving","state":"TX","address":"1009 W. Rochelle Road, Irving, Texas 75062","name":""},
  {"lat":32.92298,"lon":-96.966646,"city":"Irving","state":"TX","address":"8150 Walton Blvd MacArthur MarketPlace, Irving, Texas 75063","name":""},
  {"lat":39.82321,"lon":-86.2433,"city":"Indianpolis","state":"IN","address":"4959 West 38th Street Indianpolis, Indiana 46254","name":""},
  {"lat":33.102318,"lon":-96.806988,"city":"Frisco","state":"TX","address":"2787 Preston Road Suite 1150, Frisco, Texas 75034","name":""},
  {"lat":42.32618,"lon":-83.324535,"city":"Garden City","state":"MI","address":"28684 Ford Road, Garden City, Michigan 48135","name":""},
  {"lat":40.759071,"lon":-73.512908,"city":"Hicksville","state":"NY","address":"415 South Broadway, Hicksville, New York 11801","name":""},
  {"lat":40.571699,"lon":-74.34342,"city":"Edison","state":"NJ","address":"1681 Oak Tree Road, Edison, New Jersey 08820","name":""},
  {"lat":42.509588,"lon":-83.358256,"city":"Farmington Hills","state":"MI","address":"28950 Orchard Lake Road, Farmington Hills, Michigan 48334","name":""},
  {"lat":40.102257,"lon":-83.091008,"city":"Columbus","state":"OH","address":"6600 Saw Mill Rd., Columbus, Ohio 43235","name":""},
  {"lat":33.79767,"lon":-84.280795,"city":"Decatur","state":"GA","address":"1709 Church Street Suite #F, Decatur, Georgia 30033","name":""},
  {"lat":40.277852,"lon":-74.543517,"city":"East Windsor","state":"NJ","address":"72 Princeton Highstown RD, East Windsor, New Jersey 08520","name":""},
  {"lat":35.294662,"lon":-80.750881,"city":"Charlotte","state":"NC","address":"8109 University City Blvd Suite A, Charlotte, North Carolina 28213","name":""},
  {"lat":41.997795,"lon":-87.69527,"city":"Chicago","state":"IL","address":"2610 W. Devon Avenue, Chicago, Illinois 60659","name":""},
  {"lat":33.285892,"lon":-111.840437,"city":"Chandler","state":"AZ","address":"1315 S Arizona Ave, Chandler, Arizona 85286","name":""},
  {"lat":39.28655,"lon":-76.761268,"city":"Catonsville","state":"MD","address":"6504 Baltimore National Pike, Catonsville, Maryland 21228","name":""},
  {"lat":35.791079,"lon":-78.763472,"city":"Cary","state":"NC","address":"802 E. Chatham St., Cary, North Carolina 27511","name":""},
  {"lat":40.098807,"lon":-74.944898,"city":"Bensalem","state":"PA","address":"1907 Street Road, Bensalem, Pennsylvania 19020","name":""},
  {"lat":40.735431,"lon":-73.716224,"city":"Bellerose","state":"NY","address":"251-08 Hillside Avenue, Bellerose, New York 11426","name":""},
  {"lat":39.029333,"lon":-77.485421,"city":"Ashburn","state":"VA","address":"43761 Parkhurst Plaza, Ashburn, Virginia 20147","name":""},
  {"lat":42.255445,"lon":-83.691631,"city":"Ann Arbor","state":"MI","address":"3426 Washtenaw Ave., Ann Arbor, Michigan 48104","name":""}]}