{"key":"philz","displayName":"Philz Coffee","category":"coffee","useLocationName":false,"locations":[
  {"lat":37.293141,"lon":-121.992831,"city":"San Jose","state":"CA","address":"5205 Prospect Road, San Jose, CA 95129","name":""},
  {"lat":37.37729,"lon":-122.031438,"city":"Peninsula/South Bay","state":"CA","address":"125 S Frances St, Sunnyvale, CA 94086","name":""},
  {"lat":37.454102,"lon":-122.182648,"city":"Menlo Park","state":"CA","address":"506 Santa Cruz Ave, Menlo Park, CA 94025","name":""},
  {"lat":34.142823,"lon":-118.254569,"city":"Los Angeles","state":"CA","address":"252 South Brand Blvd Suite A, Glendale, CA 91204","name":""},
  {"lat":37.879698,"lon":-122.297394,"city":"East Bay/Marin","state":"CA","address":"1313 Ninth St #110, Berkeley, CA 94710","name":""},
  {"lat":33.914713,"lon":-117.888126,"city":"Brea","state":"CA","address":"1240 Brea Mall, Brea, Ca 92821","name":""},
  {"lat":33.975668,"lon":-117.557867,"city":"Eastvale","state":"CA","address":"12571 Limonite Avenue Suite 200, Eastvale, CA 91752","name":""},
  {"lat":37.725962,"lon":-122.156802,"city":"San Leandro","state":"CA","address":"1194 E 14th St, San Leandro, CA 94577","name":""},
  {"lat":37.169296,"lon":-121.646797,"city":"Morgan Hill","state":"CA","address":"250 Cochrane Plaza Suite 100, Morgan Hill, CA 95037","name":""},
  {"lat":37.677334,"lon":-121.874591,"city":"Pleasanton","state":"CA","address":"1803 Santa Rita Road, Pleasanton, CA 94566","name":""},
  {"lat":33.828823,"lon":-118.184767,"city":"Long Beach","state":"CA","address":"3850 Atlantic Ave Suite #A, Long Beach, CA 90807","name":""},
  {"lat":34.412856,"lon":-118.561592,"city":"Valencia","state":"CA","address":"24286 Valencia Blvd, Valencia, CA 91355","name":""},
  {"lat":37.6717,"lon":-122.46517,"city":"Colma","state":"CA","address":"5055 Junipero Serra Blvd, Colma, CA 94014","name":""},
  {"lat":37.695291,"lon":-122.077483,"city":"Castro Valley","state":"CA","address":"3359 Castro Valley Blvd, Castro Valley, CA 94546, USA","name":""},
  {"lat":41.896574,"lon":-87.629325,"city":"Chicago","state":"IL","address":"27 W. Chicago Ave Retail B, Chicago, IL 60654","name":""},
  {"lat":38.532785,"lon":-121.495297,"city":"Sacramento","state":"CA","address":"4680 Freeport Blvd Suite 120, Sacramento, CA 95822","name":""},
  {"lat":41.910694,"lon":-87.636537,"city":"Chicago","state":"IL","address":"1555 N Wells Street, Chicago, IL 60610","name":""},
  {"lat":37.308036,"lon":-121.901117,"city":"San Jose","state":"CA","address":"1115 Lincoln Ave, San Jose, CA 95125","name":""},
  {"lat":33.606829,"lon":-117.690141,"city":"Mission Viejo","state":"CA","address":"24440 Alicia Pkwy Suite D, Mission Viejo, CA 92691","name":""},
  {"lat":33.834307,"lon":-118.351317,"city":"Los Angeles","state":"CA","address":"21434 Hawthorne Boulevard Unit #605B, Torrance, CA 90503","name":""},
  {"lat":33.466588,"lon":-117.698228,"city":"Dana Point","state":"CA","address":"34179 Pacific Coast Highway, Dana Point, CA 92629","name":""},
  {"lat":34.096273,"lon":-117.718492,"city":"Claremont","state":"CA","address":"330 W. Bonita Avenue, Claremont, CA 91711, USA","name":""},
  {"lat":33.579336,"lon":-117.726802,"city":"Aliso Viejo","state":"CA","address":"26509 Aliso Creek Road, Aliso Viejo CA 92656","name":""},
  {"lat":37.896863,"lon":-122.06365,"city":"East Bay/Marin","state":"CA","address":"1103 S California Blvd, Walnut Creek, CA 94596","name":""},
  {"lat":37.324254,"lon":-122.010523,"city":"Cupertino","state":"CA","address":"19439 Stevens Creek Blvd, Cupertino, CA 95014","name":""},
  {"lat":38.568983,"lon":-121.487094,"city":"Sacramento","state":"CA","address":"1725 R St, Sacramento, CA 95811","name":""},
  {"lat":37.442234,"lon":-122.161634,"city":"Palo Alto","state":"CA","address":"101 Forest Ave, Palo Alto, CA 94306","name":""},
  {"lat":37.33364,"lon":-121.885049,"city":"San Jose","state":"CA","address":"118 Paseo de San Antonio Walk, San Jose, CA 95112","name":""},
  {"lat":37.644094,"lon":-122.452253,"city":"South San Francisco","state":"CA","address":"2248 Westborough Blvd, South San Francisco, CA 94080","name":""},
  {"lat":32.869426,"lon":-117.231846,"city":"San Diego","state":"CA","address":"8849 Villa La Jolla Dr #307, La Jolla, CA 92037","name":""},
  {"lat":37.538677,"lon":-122.302032,"city":"San Mateo","state":"CA","address":"42 Hillsdale Mall, San Mateo, CA 94403","name":""},
  {"lat":37.926855,"lon":-122.517752,"city":"East Bay/Marin","state":"CA","address":"403 Corte Madera Town Center, Corte Madera, CA 94925","name":""},
  {"lat":34.110454,"lon":-118.287662,"city":"Los Angeles","state":"CA","address":"2117 Hillhurst Avenue, Los Angeles, CA 90027","name":""},
  {"lat":34.046438,"lon":-118.259549,"city":"Los Angeles","state":"CA","address":"801 S Hope St, Los Angeles, CA 90017","name":""},
  {"lat":34.02428,"lon":-118.39396,"city":"Culver City","state":"CA","address":"9300 Culver Blvd #113, Culver City, CA, 90232","name":""},
  {"lat":37.383673,"lon":-121.896931,"city":"San Jose","state":"CA","address":"1085 E Brokaw Road - Suite 70, San Jose, CA 95131","name":""},
  {"lat":34.152388,"lon":-118.347885,"city":"Burbank","state":"CA","address":"4400 W. Riverside Drive, Burbank, CA 91505","name":""},
  {"lat":34.112211,"lon":-117.533972,"city":"Rancho Cucamonga","state":"CA","address":"12448 North Mainstreet, Rancho Cucamonga, CA 91739, USA","name":""},
  {"lat":33.901984,"lon":-118.385431,"city":"Los Angeles","state":"CA","address":"2191 Rosecrans Ave El Segundo, CA 90245","name":""},
  {"lat":32.951342,"lon":-117.232752,"city":"San Diego","state":"CA","address":"12873 El Camino Real Suite M1, San Diego, CA 92130","name":""},
  {"lat":34.143227,"lon":-118.131793,"city":"Los Angeles","state":"CA","address":"146 S Lake Ave #106, Pasadena, CA 91101","name":""},
  {"lat":38.543389,"lon":-121.741331,"city":"Sacramento Area","state":"CA","address":"521 2nd Street, Davis, CA 95616","name":""},
  {"lat":37.235983,"lon":-121.963595,"city":"Los Gatos","state":"CA","address":"681 Blossom Hill Rd, Los Gatos, CA 95032","name":""},
  {"lat":37.577907,"lon":-122.348549,"city":"Burlingame","state":"CA","address":"305 Primrose Rd, Burlingame, CA 94010","name":""},
  {"lat":33.875086,"lon":-117.889186,"city":"Orange County","state":"CA","address":"520 North State College Blvd Fullerton, CA 92831","name":""},
  {"lat":33.97763,"lon":-118.04958,"city":"Whittier","state":"CA","address":"7007 Walnut Grove Drive, Suite A, Whittier CA 90601","name":""},
  {"lat":33.693894,"lon":-117.885032,"city":"Orange County","state":"CA","address":"3420 Bristol St, Costa Mesa, CA 92626","name":""},
  {"lat":34.06392,"lon":-118.3991,"city":"Beverly Hills","state":"CA","address":"233 S Beverly Dr B, Beverly Hills, CA 90212","name":""},
  {"lat":37.566939,"lon":-122.323718,"city":"San Mateo","state":"CA","address":"113 S B St, San Mateo, CA 94401","name":""},
  {"lat":37.28753,"lon":-121.931356,"city":"Campbell","state":"CA","address":"1976 S Bascom Ave, Campbell, CA 95008","name":""},
  {"lat":33.761676,"lon":-118.137663,"city":"Los Angeles","state":"CA","address":"4801 E 2nd St, Long Beach, CA 90803","name":""},
  {"lat":37.794217,"lon":-122.395666,"city":"San Francisco","state":"CA","address":"5 Embarcadero Center, San Francisco, CA 94111","name":""},
  {"lat":34.145832,"lon":-118.416346,"city":"Los Angeles","state":"CA","address":"13005 Ventura Blvd, Studio City, CA 91604","name":""},
  {"lat":37.797431,"lon":-122.421825,"city":"San Francisco","state":"CA","address":"2234 Polk St, San Francisco, CA 94109","name":""},
  {"lat":37.891211,"lon":-122.123408,"city":"East Bay/Marin","state":"CA","address":"3597 Mt Diablo Blvd, Lafayette, CA 94549","name":""},
  {"lat":37.79182,"lon":-122.398985,"city":"San Francisco","state":"CA","address":"1 Front St Suite 100, San Francisco, CA 94111","name":""},
  {"lat":33.790134,"lon":-117.853443,"city":"Orange","state":"CA","address":"202 N Glassell St, Orange, CA 92866","name":""},
  {"lat":37.78875,"lon":-122.393216,"city":"San Francisco","state":"CA","address":"300 Folsom St, San Francisco, CA 94105","name":""},
  {"lat":37.850682,"lon":-122.251707,"city":"East Bay/Marin","state":"CA","address":"6310 College Ave, Oakland, CA 94618","name":""},
  {"lat":34.179835,"lon":-118.877146,"city":"Thousand Oaks","state":"CA","address":"33 N Moorpark Road Unit E, Thousand Oaks, CA 91360","name":""},
  {"lat":37.76155,"lon":-121.96015,"city":"San Ramon","state":"CA","address":"6000 Bollinger Canyon Rd #1609, San Ramon, CA 94583","name":""},
  {"lat":41.903532,"lon":-87.669225,"city":"Chicago","state":"IL","address":"1640 W Division St, Chicago, IL 60622","name":""},
  {"lat":37.78801,"lon":-122.39871,"city":"San Francisco","state":"CA","address":"425 Mission Street Suite 100, San Francisco CA 94105","name":""},
  {"lat":37.835681,"lon":-122.292625,"city":"Emeryville","state":"CA","address":"5663 Bay Street, Emeryville, CA 94608, USA","name":""},
  {"lat":37.781315,"lon":-122.41659,"city":"San Francisco","state":"CA","address":"399 Golden Gate Ave, San Francisco, CA 94102","name":""},
  {"lat":34.139999,"lon":-118.708026,"city":"Los Angeles","state":"CA","address":"26787 Agoura Rd Unit E-9, Calabasas, CA 91302","name":""},
  {"lat":37.775535,"lon":-122.393421,"city":"San Francisco","state":"CA","address":"201 Berry St, San Francisco, CA 94158","name":""},
  {"lat":41.799268,"lon":-87.590786,"city":"Chicago","state":"IL","address":"1425 E 53rd St, Chicago, IL 60615","name":""},
  {"lat":37.764865,"lon":-122.401404,"city":"San Francisco","state":"CA","address":"1775 17th St, San Francisco, CA 94103","name":""},
  {"lat":41.924787,"lon":-87.647401,"city":"Chicago","state":"IL","address":"2323 N Lincoln Ave, Chicago, IL 60614","name":""},
  {"lat":42.046794,"lon":-87.688766,"city":"Evanston","state":"IL","address":"1030 Davis St, Evanston, IL 60201","name":""},
  {"lat":37.76812,"lon":-122.387877,"city":"San Francisco","state":"CA","address":"1 Warriors Way 16th Street Office Tower #9, San Francisco, CA 94158","name":""},
  {"lat":33.732696,"lon":-117.992282,"city":"Huntington Beach","state":"CA","address":"7821 Edinger Avenue #138, Huntington Beach, CA 92647","name":""},
  {"lat":37.751264,"lon":-122.4383,"city":"San Francisco","state":"CA","address":"4298 24th St, San Francisco, CA 94114","name":""},
  {"lat":33.655035,"lon":-117.997918,"city":"Orange County","state":"CA","address":"21010 Pacific Coast Highway, Huntington Beach, CA 92648","name":""},
  {"lat":37.322626,"lon":-122.034693,"city":"Cupertino","state":"CA","address":"20686 Stevens Creek Blvd, Cupertino, CA 95014","name":""},
  {"lat":37.486661,"lon":-122.228639,"city":"Redwood City","state":"CA","address":"2116 Broadway, Redwood City, CA 94063","name":""},
  {"lat":37.723523,"lon":-122.453614,"city":"San Francisco","state":"CA","address":"1110 Ocean Ave, San Francisco, CA 94112","name":""},
  {"lat":34.09768,"lon":-118.329927,"city":"Los Angeles","state":"CA","address":"6430 Sunset Blvd, Los Angeles, CA 90028","name":""},
  {"lat":33.038211,"lon":-117.293049,"city":"San Diego","state":"CA","address":"1060 S Coast Highway 101, Encinitas, CA 92024","name":""},
  {"lat":37.811187,"lon":-122.243932,"city":"Oakland","state":"CA","address":"3347 Lakeshore Avenue, Oakland, CA 94610, USA","name":""},
  {"lat":37.55351,"lon":-121.980212,"city":"East Bay/Marin","state":"CA","address":"39000 Paseo Padre Pkwy, Fremont, CA 94538","name":""},
  {"lat":37.76011,"lon":-122.434698,"city":"San Francisco","state":"CA","address":"549 Castro St, San Francisco, CA 94114","name":""}]}