{"key":"winn_dixie","displayName":"Winn-Dixie","category":"grocery","useLocationName":false,"locations":[
  {"lat":30.274714,"lon":-81.650733,"city":"Jacksonville","state":"FL","address":"Miramar Center, 4472 Hendricks Ave","name":""},
  {"lat":30.259784,"lon":-81.64382,"city":"Jacksonville","state":"FL","address":"LAKEWOOD PLAZA, 1520 W University Blvd","name":""},
  {"lat":30.330792,"lon":-81.602492,"city":"Jacksonville","state":"FL","address":"College Park, 999 University Blvd N","name":""},
  {"lat":30.245273,"lon":-81.695911,"city":"Jacksonville","state":"FL","address":"5647 Roosevelt Blvd","name":""},
  {"lat":30.37112,"lon":-81.665491,"city":"Jacksonville","state":"FL","address":"Gateway Town Center, 5210 Norwood Ave","name":""},
  {"lat":30.28507,"lon":-81.526944,"city":"Jacksonville","state":"FL","address":"TOWN CENTER VILLAGE, 11380 Beach Blvd Suite 6","name":""},
  {"lat":30.285343,"lon":-81.526744,"city":"Jacksonville","state":"FL","address":"TOWN CENTER VILLAGE, 11380 Beach Blvd Suite 6A","name":""},
  {"lat":30.310368,"lon":-81.735282,"city":"Jacksonville","state":"FL","address":"NORMANDY MARKETPLACE, 5207 Normandy Boulevard","name":""},
  {"lat":30.21746,"lon":-81.518395,"city":"Jacksonville","state":"FL","address":"Point Meadows Shopping Center, 10915 Baymeadows Rd #122","name":""},
  {"lat":30.217285,"lon":-81.517893,"city":"Jacksonville","state":"FL","address":"Point Meadows Shopping Center, 10915 Baymeadows Rd #123","name":""},
  {"lat":30.294602,"lon":-81.779925,"city":"Jacksonville","state":"FL","address":"NORMANDY SQUARE, 7921 Normandy Blvd","name":""},
  {"lat":30.160042,"lon":-81.633956,"city":"Jacksonville","state":"FL","address":"Mandarin South Shopping Center, 11700 San Jose Blvd Suite 12","name":""},
  {"lat":30.159132,"lon":-81.633726,"city":"Jacksonville","state":"FL","address":"Mandarin South Shopping Center, 11700 San Jose Blvd Suite 27","name":""},
  {"lat":30.167068,"lon":-81.702465,"city":"Orange Park","state":"FL","address":"LIVE OAK SHOPPING CENTER, 1900 Park Ave #1","name":""},
  {"lat":30.166826,"lon":-81.702349,"city":"Orange Park","state":"FL","address":"LIVE OAK SHOPPING CENTER, 1910 Park Avenue","name":""},
  {"lat":30.461027,"lon":-81.632209,"city":"Jacksonville","state":"FL","address":"OCEANWAY PLAZA, 12333 Sago Ave W","name":""},
  {"lat":30.19432,"lon":-81.796445,"city":"Jacksonville","state":"FL","address":"8560 Argyle Forest Blvd Unit 1","name":""},
  {"lat":30.19401,"lon":-81.796296,"city":"Jacksonville","state":"FL","address":"8560 Argyle Forest Blvd","name":""},
  {"lat":30.306811,"lon":-81.846625,"city":"Jacksonville","state":"FL","address":"703 Chaffee Rd","name":""},
  {"lat":30.323162,"lon":-81.410239,"city":"Neptune Beach","state":"FL","address":"PENMAN PLAZA, 1227 Atlantic Blvd","name":""},
  {"lat":30.226564,"lon":-81.388866,"city":"Ponte Vedra Beach","state":"FL","address":"PONTE VEDRA SQUARE, 290 Solana Road","name":""},
  {"lat":30.122116,"lon":-81.798483,"city":"Orange Park","state":"FL","address":"CLAY PLAZA, 1339 Blanding Blvd","name":""},
  {"lat":30.061261,"lon":-81.513376,"city":"Jacksonville","state":"FL","address":"St. Johns Commons, 2220 County Rd 210 W Suite 301","name":""},
  {"lat":30.02275,"lon":-81.707259,"city":"Green Cove Springs","state":"FL","address":"3258 Highway 17","name":""},
  {"lat":30.022536,"lon":-81.7073,"city":"Green Cove Springs","state":"FL","address":"3260 Highway 17","name":""},
  {"lat":30.046997,"lon":-81.807439,"city":"Green Cove Springs","state":"FL","address":"ASBURY COMMONS LTD., 2851 Henley Road Suite 200","name":""},
  {"lat":30.046794,"lon":-81.807506,"city":"Green Cove Springs","state":"FL","address":"LIQUOR, 2851 Henley Rd Suite 108","name":""},
  {"lat":30.061957,"lon":-81.878205,"city":"Middleburg","state":"FL","address":"Grand Ole Plaza, 2710 Blanding Blvd Unit 4 & 5","name":""},
  {"lat":30.061478,"lon":-81.878267,"city":"Middleburg","state":"FL","address":"GRAND OLD PLAZA, 2720 Blanding Blvd","name":""},
  {"lat":30.567372,"lon":-81.825358,"city":"Callahan","state":"FL","address":"CALLAHAN SHOPPING CENTER, 450078 SR 200","name":""},
  {"lat":30.623985,"lon":-81.544405,"city":"Yulee","state":"FL","address":"LOFTON SQUARE, 96076 Lofton Square Ct","name":""},
  {"lat":30.264619,"lon":-82.124269,"city":"Macclenny","state":"FL","address":"MACCLENNY SHOPPING CENTER, 1436 S R 121st South","name":""},
  {"lat":30.673089,"lon":-81.901819,"city":"Hilliard","state":"FL","address":"550969 US Hwy 1","name":""},
  {"lat":29.925224,"lon":-81.327755,"city":"St Augustine","state":"FL","address":"NORTH TOWNE SHOPPING CENTER, 3551 N Ponce De Leon Blvd","name":""},
  {"lat":29.879978,"lon":-81.326093,"city":"St Augustine","state":"FL","address":"ST JOHNS PLAZA, 1010 Ponce De Leon Blvd S","name":""},
  {"lat":29.943499,"lon":-82.114148,"city":"Starke","state":"FL","address":"STARKE PLAZA, 470 W Madison Street","name":""},
  {"lat":29.82463,"lon":-81.272622,"city":"St Augustine","state":"FL","address":"LIQUOR, 3907 A1A South","name":""},
  {"lat":29.824542,"lon":-81.272258,"city":"St Augustine","state":"FL","address":"3905 A1A South","name":""},
  {"lat":29.791067,"lon":-81.321053,"city":"St Augustine","state":"FL","address":"Shores Village, 165 Blackford Way Suite C","name":""},
  {"lat":29.763077,"lon":-82.056208,"city":"Melrose","state":"FL","address":"3212 SE State Rd 21","name":""},
  {"lat":29.639185,"lon":-81.675421,"city":"Palatka","state":"FL","address":"901 Hwy 19 South","name":""},
  {"lat":29.638906,"lon":-81.675629,"city":"Palatka","state":"FL","address":"LIQUOR, 901 Hwy 19 South","name":""},
  {"lat":29.550463,"lon":-81.229397,"city":"Palm Coast","state":"FL","address":"Palm Coast Corners Shopping Center, 1260 W Palm Coast Parkway","name":""},
  {"lat":29.447654,"lon":-81.512312,"city":"Crescent City","state":"FL","address":"1115 North Summit Street","name":""},
  {"lat":29.44738,"lon":-81.512274,"city":"Crescent City","state":"FL","address":"1115 N Summit St Suite 1","name":""},
  {"lat":31.141081,"lon":-81.587359,"city":"Brunswick","state":"GA","address":"284 Hyde Park Commons","name":""},
  {"lat":29.672821,"lon":-82.340618,"city":"Gainesville","state":"FL","address":"1459 NW 23rd Ave","name":""},
  {"lat":29.673014,"lon":-82.34101,"city":"Gainesville","state":"FL","address":"1483 NW 23rd Ave","name":""},
  {"lat":30.182764,"lon":-82.638113,"city":"Lake City","state":"FL","address":"LAKE CITY SHOPPING CTR-LIQUOR, 580 S Marion Ave","name":""},
  {"lat":30.182497,"lon":-82.6382,"city":"Lake City","state":"FL","address":"LAKE CITY SHOPPING CENTER, 580 S Marion Avenue","name":""},
  {"lat":31.158279,"lon":-81.391467,"city":"St Simons Island","state":"GA","address":"RETREAT VILLAGE, 220 Retreat Village","name":""},
  {"lat":29.474295,"lon":-81.179584,"city":"Palm Coast","state":"FL","address":"FLAGLER REGIONAL PLAZA, 111 Flagler Plaza Dr","name":""},
  {"lat":31.226269,"lon":-81.525526,"city":"Brunswick","state":"GA","address":"BRUNSWICK WEST SHOPPING CENTER, 5420 New Jesup Hwy","name":""},
  {"lat":29.841378,"lon":-82.601771,"city":"High Springs","state":"FL","address":"HIGH SPRINGS PLAZA-LIQUOR, 20303 N US Highway 441","name":""},
  {"lat":29.841465,"lon":-82.602264,"city":"High Springs","state":"FL","address":"HIGH SPRINGS PLAZA, 20303 N US Highway 441","name":""},
  {"lat":29.282086,"lon":-81.068794,"city":"Ormond Beach","state":"FL","address":"ORMOND BEACH SHOPPING CTR LIQU, 365 W Granada Blvd","name":""},
  {"lat":29.26105,"lon":-82.150043,"city":"Ocala","state":"FL","address":"7131 N US Hwy 441","name":""},
  {"lat":29.260716,"lon":-82.150126,"city":"Ocala","state":"FL","address":"7129 N US Hwy 441","name":""},
  {"lat":29.181523,"lon":-81.889945,"city":"Silver Springs","state":"FL","address":"FOREST CENTER, 15916 East St Rd 40","name":""},
  {"lat":29.181562,"lon":-81.890362,"city":"Silver Springs","state":"FL","address":"FOREST CENTER, 15912 E SR 40","name":""},
  {"lat":29.38914,"lon":-82.44243,"city":"Williston","state":"FL","address":"434 E Noble Avenue, 434 E Noble Avenue","name":""},
  {"lat":29.237291,"lon":-81.055061,"city":"Holly Hill","state":"FL","address":"HOLLY HILL SHOPPING CENTER, 1541 N Nova Rd","name":""},
  {"lat":30.282055,"lon":-83.001218,"city":"Live Oak","state":"FL","address":"911 Pinewood Drive SW","name":""},
  {"lat":29.084504,"lon":-81.323024,"city":"Deland","state":"FL","address":"BRANDYWINE SHOPPING VILLAGE, 3120 N Woodland Blvd","name":""},
  {"lat":29.05709,"lon":-82.05091,"city":"Belleview","state":"FL","address":"11308 SE Hwy 301","name":""},
  {"lat":29.056885,"lon":-82.050784,"city":"Belleview","state":"FL","address":"11310 Se Hwy 301","name":""},
  {"lat":29.026667,"lon":-81.323646,"city":"Deland","state":"FL","address":"MARKET PLACE, 1050 W New York Avenue","name":""},
  {"lat":29.119004,"lon":-80.995904,"city":"Port","state":"FL","address":"Riverwood Shopping Center, 3997 S Nova Rd Suite 1-B","name":""},
  {"lat":29.501212,"lon":-82.872097,"city":"Chiefland","state":"FL","address":"CHIEFLAND REGIONAL SHOPPING CT, 2202 North Young Blvd Suite A","name":""},
  {"lat":29.07833,"lon":-82.450725,"city":"Dunnellon","state":"FL","address":"RAINBOW SPRINGS SHOPPING CENTE, 10051 S US Highway 41","name":""},
  {"lat":29.07816,"lon":-82.450624,"city":"Dunnellon","state":"FL","address":"RAINBOW SPRINGS SHOPPING CENTER, 10055 S US Hwy 41","name":""},
  {"lat":29.01616,"lon":-80.944048,"city":"New Smyrna Beach","state":"FL","address":"COAST PLAZA SHOPPING CNTR, 1835 State Road 44","name":""},
  {"lat":28.874258,"lon":-81.685602,"city":"Eustis","state":"FL","address":"1955 North SR 19","name":""},
  {"lat":30.680976,"lon":-83.217009,"city":"Lake Park","state":"GA","address":"LAKE FRANCES SHOPPING CENTER, 1060 Lakes Blvd","name":""},
  {"lat":28.891155,"lon":-81.307783,"city":"Debary","state":"FL","address":"Debary Commons, 12 North US Highway 17-92 Unit 2","name":""},
  {"lat":28.890729,"lon":-81.307881,"city":"Debary","state":"FL","address":"DEBARY COMMONS, 2 N Charles Richard Beall Blvd","name":""},
  {"lat":28.970765,"lon":-80.896937,"city":"Edgewater","state":"FL","address":"FLORIDA SHORES PLAZA, 1838 S Ridgewood Ave","name":""},
  {"lat":28.863358,"lon":-82.016711,"city":"The Villages","state":"FL","address":"2503 Burnsed Boulevard","name":""},
  {"lat":28.863242,"lon":-82.016469,"city":"The Villages","state":"FL","address":"2500 Burnsed Boulevard, 2500 Burnsed Boulevard","name":""},
  {"lat":28.816901,"lon":-81.72343,"city":"Tavares","state":"FL","address":"TAVARES SHOPPING CENTER, 450 E Burleigh Blvd","name":""},
  {"lat":28.81676,"lon":-81.72373,"city":"Tavares","state":"FL","address":"TAVARES SHOPPING CENTER, 450 E Burleigh Blvd","name":""},
  {"lat":28.798046,"lon":-81.27497,"city":"Sanford","state":"FL","address":"SANFORD TOWN SQUARE, 1514 S French Ave","name":""},
  {"lat":28.797833,"lon":-81.274763,"city":"Sanford","state":"FL","address":"SANFORD TOWN SQUARE, 1512 S French Ave","name":""},
  {"lat":30.875189,"lon":-83.293779,"city":"Valdosta","state":"GA","address":"BAKERS SOUTH, 3200 North Ashley St","name":""},
  {"lat":28.757636,"lon":-81.369389,"city":"Lake Mary","state":"FL","address":"GOODINGS LAKE MARY LIQUOR, 120 International Pkwy","name":""},
  {"lat":28.757516,"lon":-81.369672,"city":"Lake Mary","state":"FL","address":"GOODINGS LAKE MARY, 120 International Parkway","name":""},
  {"lat":28.755803,"lon":-81.335042,"city":"Lake Mary","state":"FL","address":"Griffin Farm Shopping Plaza, 211 Wheelhouse Ln","name":""},
  {"lat":28.755786,"lon":-81.334283,"city":"Lake Mary","state":"FL","address":"Griffin Farm Shopping Plaza, 223 Wheelhouse Lane Suite 111","name":""},
  {"lat":28.915292,"lon":-82.469493,"city":"Beverly Hills","state":"FL","address":"PARK PLAZA, 3565 N Lecanto Hwy","name":""},
  {"lat":28.915174,"lon":-82.469683,"city":"Beverly Hills","state":"FL","address":"PARK PLAZA, 3589 N Lecanto Hwy","name":""},
  {"lat":30.470024,"lon":-83.425601,"city":"Madison","state":"FL","address":"MADISON SQUARE, 729 W Base Street","name":""},
  {"lat":28.831989,"lon":-82.328201,"city":"Inverness","state":"FL","address":"Highland Square, 211 E Highland Blvd Unit 901","name":""},
  {"lat":28.837476,"lon":-82.345064,"city":"Inverness","state":"FL","address":"1202 W Main St","name":""},
  {"lat":28.830902,"lon":-82.327176,"city":"Inverness","state":"FL","address":"HIGHLAND SQUARE, 333 Highland Blvd Space 600","name":""},
  {"lat":28.837507,"lon":-82.34524,"city":"Inverness","state":"FL","address":"1202 West Main St","name":""},
  {"lat":28.688355,"lon":-81.537124,"city":"Apopka","state":"FL","address":"ERROL PLAZA, 1565 W Orange Blossom Trl","name":""},
  {"lat":28.687992,"lon":-81.536727,"city":"Apopka","state":"FL","address":"ERROL PLAZA, 1573 W Orange Blossom Trl","name":""},
  {"lat":28.699077,"lon":-81.361374,"city":"Longwood","state":"FL","address":"434 CENTER LIQUOR, 973 West State Rd 434","name":""},
  {"lat":28.699093,"lon":-81.360812,"city":"Longwood","state":"FL","address":"434 CENTER, 951 West State Road 434","name":""},
  {"lat":28.696475,"lon":-81.322415,"city":"Casselberry","state":"FL","address":"SUN SHADOW MARKETPLACE, 1750 Sunshadow Dr Unit 96","name":""},
  {"lat":28.696233,"lon":-81.322084,"city":"Casselberry","state":"FL","address":"SUN LAKE PLAZA, 1750 Sunshadow Dr #100","name":""},
  {"lat":28.674083,"lon":-81.498586,"city":"Apopka","state":"FL","address":"Apopka City Center, 601 E Main St","name":""},
  {"lat":28.67406,"lon":-81.49806,"city":"Apopka","state":"FL","address":"Apopka City Center, 611 E Main St","name":""},
  {"lat":28.657807,"lon":-81.422331,"city":"Altamonte Springs","state":"FL","address":"WEST TOWN SHOPPING CTR LIQUOR, 340 South SR 434 Suite 1036","name":""},
  {"lat":28.657571,"lon":-81.422671,"city":"Altamonte Springs","state":"FL","address":"WEST TOWN SHOPPING CENTER, 340 South SR 434 Suite 1034","name":""},
  {"lat":28.652899,"lon":-81.350241,"city":"Fern Park","state":"FL","address":"MAIN STREET SQUARE, 7800 S Hwy 17-92 Unit 160","name":""},
  {"lat":28.652093,"lon":-81.349718,"city":"Fern Park","state":"FL","address":"Main Street Square, 7800 S Hwy 17-92 Suite 190","name":""},
  {"lat":28.656895,"lon":-81.177955,"city":"Oviedo","state":"FL","address":"Lockwood Shopping Center, 1013 Lockwood Blvd Suite 7","name":""},
  {"lat":28.807308,"lon":-82.57875,"city":"Homosassa","state":"FL","address":"HOMOSASSA REGIONAL SHOPPING CT, 3790 S Suncoast Blvd","name":""},
  {"lat":28.549915,"lon":-81.746596,"city":"Clermont","state":"FL","address":"SOUTHLAKE PLAZA, 682 East Hwy 50","name":""},
  {"lat":28.549766,"lon":-81.746596,"city":"Clermont","state":"FL","address":"SOUTHLAKE PLAZA, 684 East Hwy 50","name":""},
  {"lat":28.563527,"lon":-81.183645,"city":"Orlando","state":"FL","address":"BRIDGEWATER MARKETPLACE, 13200 E Colonial Dr Suite 100","name":""},
  {"lat":28.523412,"lon":-81.344796,"city":"Orlando","state":"FL","address":"CRYSTAL LAKE SHOPPING CENTER, 2960 Curry Ford Rd","name":""},
  {"lat":28.638074,"lon":-80.844643,"city":"Titusville","state":"FL","address":"DAIRY PLAZA, 1535 N Singleton Ave","name":""},
  {"lat":28.637542,"lon":-80.844742,"city":"Titusville","state":"FL","address":"DAIRY PLAZA LIQUOR, 1529 N Singleton Ave","name":""},
  {"lat":28.586814,"lon":-80.820767,"city":"Titusville","state":"FL","address":"VILLAGE SQUARE, 1564 Harrison St","name":""},
  {"lat":28.521578,"lon":-82.229602,"city":"Brooksville","state":"FL","address":"SUNRISE PLAZA, 31100 Cortez Blvd","name":""},
  {"lat":28.521551,"lon":-82.230281,"city":"Brooksville","state":"FL","address":"SUNRISE PLAZA, 31080 Cortez Blvd","name":""},
  {"lat":28.542751,"lon":-82.404273,"city":"Brooksville","state":"FL","address":"SOUTH PLAZA, 1230 S Broad Street","name":""},
  {"lat":28.542424,"lon":-82.404356,"city":"Brooksville","state":"FL","address":"South Plaza, 1234 S Broad Street Suite 1234","name":""},
  {"lat":28.392543,"lon":-81.504212,"city":"Orlando","state":"FL","address":"SHOPPES OF LAKE AVENUE, 11957 South Apopka Vineland Rd","name":""},
  {"lat":28.521073,"lon":-82.567952,"city":"Brooksville","state":"FL","address":"WEEKI WACHEE VILLAGE, 6270 Commercial Way","name":""},
  {"lat":28.492961,"lon":-82.542418,"city":"Spring Hill","state":"FL","address":"4213 Marnier Blvd","name":""},
  {"lat":28.470987,"lon":-80.768027,"city":"Port St John","state":"FL","address":"PORT ST JOHN PLAZA, 6231 US Hwy 1","name":""},
  {"lat":28.459939,"lon":-82.540542,"city":"Spring Hill","state":"FL","address":"MARINER VILLAGE, 11092 Spring Hill Drive","name":""},
  {"lat":28.460229,"lon":-82.541822,"city":"Spring Hill","state":"FL","address":"MARINER VILLAGE, 11060 Spring Hill Drive","name":""},
  {"lat":28.342101,"lon":-82.189148,"city":"Dade City","state":"FL","address":"DADE CITY MARKET PLACE, 12649 Hwy 301","name":""},
  {"lat":28.464608,"lon":-82.620015,"city":"Spring Hill","state":"FL","address":"TIMBERHILLS PLAZA, 2240 Commercial Way","name":""},
  {"lat":28.247719,"lon":-81.245259,"city":"St. Cloud","state":"FL","address":"ST. CLOUD PLAZA, 4855 Irlo Bronson Memorial Hwy","name":""},
  {"lat":28.253351,"lon":-82.172097,"city":"Zephyrhills","state":"FL","address":"38935 County Road 54 East","name":""},
  {"lat":28.25325,"lon":-82.173159,"city":"Zephyrhills","state":"FL","address":"38901 County Road 54 East","name":""},
  {"lat":28.199077,"lon":-81.294696,"city":"St. Cloud","state":"FL","address":"LIQUOR STORE, 3320 Canoe Creek Rd","name":""},
  {"lat":28.228967,"lon":-82.214499,"city":"Zephyrhills","state":"FL","address":"ZEPHYRHILLS MARKETPLACE, 36354 State Road 54","name":""},
  {"lat":28.228753,"lon":-82.214648,"city":"Zephyrhills","state":"FL","address":"ZEPHYRHILLS MARKETPLACE, 36348 State Road 54","name":""},
  {"lat":28.356266,"lon":-80.609984,"city":"Cocoa Beach","state":"FL","address":"CANAVERAL PLAZA SHOPPING CNTR, 110 Canaveral Plaza Blvd","name":""},
  {"lat":28.355993,"lon":-80.610086,"city":"Cocoa Beach","state":"FL","address":"CANAVERAL PLAZA SHOPPING CNTR, 100 Canaveral Plaza Blvd","name":""},
  {"lat":28.362121,"lon":-82.693102,"city":"Hudson","state":"FL","address":"HUDSON PLAZA, 14112 US Highway 19","name":""},
  {"lat":28.239837,"lon":-82.36476,"city":"Wesley Chapel","state":"FL","address":"27301 Wesley Chapel Blvd","name":""},
  {"lat":28.239723,"lon":-82.364574,"city":"Wesley Chapel","state":"FL","address":"27303 Wesley Chapel Blvd","name":""},
  {"lat":28.123737,"lon":-81.637325,"city":"Haines City","state":"FL","address":"36019 Us Hwy 27 N., 36019 US Hwy 27 N","name":""},
  {"lat":28.267702,"lon":-80.719567,"city":"Viera","state":"FL","address":"The Village Center at Viera Boulevard, 5410 Murrell Rd Unit 125","name":""},
  {"lat":28.267546,"lon":-80.719994,"city":"Viera","state":"FL","address":"The Village Center at Viera Boulevard, 5410 Murrell Rd Unit 135","name":""},
  {"lat":28.127516,"lon":-81.947973,"city":"Lakeland","state":"FL","address":"LAKELAND MARKET PLACE, 6600 North Socrum Loop","name":""},
  {"lat":28.289804,"lon":-82.677236,"city":"New Port Richey","state":"FL","address":"9111 Little Road","name":""},
  {"lat":28.05626,"lon":-81.776806,"city":"Auburndale","state":"FL","address":"IMPERIAL PLAZA, 445 Havendale Blvd","name":""},
  {"lat":28.056027,"lon":-81.77703,"city":"Auburndale","state":"FL","address":"Imperial Plaza, 445 Havendale Blvd","name":""},
  {"lat":28.257524,"lon":-82.708583,"city":"New Port Richey","state":"FL","address":"6416 Massachusetts Avenue","name":""},
  {"lat":30.441089,"lon":-84.260035,"city":"Tallahassee","state":"FL","address":"MAGNOLIA PARK SHOPPING CENTER, 111 S Magnolia Drive Suite 39","name":""},
  {"lat":30.44132,"lon":-84.26005,"city":"Tallahassee","state":"FL","address":"MAGNOLIA SQU.SHOPPING CTR- LIQ, 111 S Magnolia Drive Suite 39","name":""},
  {"lat":28.016473,"lon":-81.630083,"city":"Dundee","state":"FL","address":"DUNDEE RIDGE PLAZA, 28047 Highway 27","name":""},
  {"lat":28.218452,"lon":-82.713911,"city":"New Port Richey","state":"FL","address":"ELFERS SQUARE, 6033 State Road 54","name":""},
  {"lat":28.208876,"lon":-82.738065,"city":"Holiday","state":"FL","address":"3408 US Highway 19","name":""},
  {"lat":28.208607,"lon":-82.737847,"city":"Holiday","state":"FL","address":"3406 Us Hwy 19, 3406 Us Hwy 19","name":""},
  {"lat":28.127398,"lon":-82.574345,"city":"Odessa","state":"FL","address":"17641 Gunn Highway","name":""},
  {"lat":28.1835,"lon":-82.738973,"city":"Holiday","state":"FL","address":"HOLIDAY MARKETPLACE, 1640 US Highway 19","name":""},
  {"lat":28.18309,"lon":-82.739206,"city":"Holiday","state":"FL","address":"HOLIDAY MARKETPLACE, 1628 US Highway 19","name":""},
  {"lat":28.053663,"lon":-82.334574,"city":"Thonotosassa","state":"FL","address":"UNIVERSITY EAST SHOPPING CTR, 9525 E Fowler Ave","name":""},
  {"lat":28.053342,"lon":-82.334766,"city":"Thonotosassa","state":"FL","address":"UNIVERSITY EAST SHOPPING CTR, 9535 E Fowler Ave","name":""},
  {"lat":28.070433,"lon":-82.460751,"city":"Tampa","state":"FL","address":"13508 N. Florida Ave., 13508 N Florida Ave","name":""},
  {"lat":28.070213,"lon":-82.460671,"city":"Tampa","state":"FL","address":"13508 N Florida Ave","name":""},
  {"lat":28.138126,"lon":-80.584341,"city":"Melbourne","state":"FL","address":"THE OCEAN SPRINGS SHP VIL LIQU, 959 East Eau Gallie Blvd","name":""},
  {"lat":28.056317,"lon":-82.428652,"city":"Tampa","state":"FL","address":"2770 Fowler Ave., 2770 Fowler Ave","name":""},
  {"lat":28.055366,"lon":-82.429271,"city":"Tampa","state":"FL","address":"2712 Fowler Avenue","name":""},
  {"lat":27.987258,"lon":-82.123127,"city":"Plant City","state":"FL","address":"123 West Alexander St","name":""},
  {"lat":27.987091,"lon":-82.12349,"city":"Plant City","state":"FL","address":"205 W. Alexander St., 205 W Alexander St","name":""},
  {"lat":28.030979,"lon":-82.354289,"city":"Tampa","state":"FL","address":"8775 Temple Terrace Hwy, 8775 Temple Terrace Hwy","name":""},
  {"lat":28.030907,"lon":-82.354746,"city":"Tampa","state":"FL","address":"8771 Temple Terrace Hwy","name":""},
  {"lat":28.029302,"lon":-82.392098,"city":"Temple Terrace","state":"FL","address":"8841 N 56th Street","name":""},
  {"lat":28.02918,"lon":-82.392041,"city":"Temple Terrace","state":"FL","address":"8837 N 56th St","name":""},
  {"lat":28.079926,"lon":-80.674148,"city":"West Melbourne","state":"FL","address":"Plaza West, 3170 W New Haven Ave","name":""},
  {"lat":28.079854,"lon":-80.673917,"city":"West Melbourne","state":"FL","address":"Plaza West, 3164 W New Haven Ave","name":""},
  {"lat":28.136509,"lon":-82.756143,"city":"Tarpon Springs","state":"FL","address":"1167 South Pinellas Avenue","name":""},
  {"lat":28.136231,"lon":-82.756265,"city":"Tarpon Springs","state":"FL","address":"1171 South Pinellas Ave","name":""},
  {"lat":27.980133,"lon":-82.288684,"city":"Seffner","state":"FL","address":"778 Martin Luther King Blvd W","name":""},
  {"lat":27.979617,"lon":-82.288042,"city":"Seffner","state":"FL","address":"750 Martin Luther King W, 750 Martin Luther King Blvd W","name":""},
  {"lat":27.983059,"lon":-82.308568,"city":"Seffner","state":"FL","address":"11230 M Luther King Blvd, 11230 M Luther King Blvd","name":""},
  {"lat":27.983093,"lon":-82.308975,"city":"Seffner","state":"FL","address":"11230 M Luther King Blvd","name":""},
  {"lat":27.936635,"lon":-82.242567,"city":"Valrico","state":"FL","address":"2545 State Road 60 East","name":""},
  {"lat":27.93666,"lon":-82.242873,"city":"Valrico","state":"FL","address":"2535 State Road 60 East, 2535 State Road 60 East","name":""},
  {"lat":27.98095,"lon":-82.452448,"city":"Tampa","state":"FL","address":"805 E Martin Luther King Blvd Suite 100","name":""},
  {"lat":27.980794,"lon":-82.452642,"city":"Tampa","state":"FL","address":"805 E. Dr M.L.K. Jr Blvd, 805 E Dr Martin Luther King Jr Blvd","name":""},
  {"lat":28.067118,"lon":-82.762978,"city":"Palm Harbor","state":"FL","address":"1350 Tampa Road","name":""},
  {"lat":28.017901,"lon":-80.624647,"city":"Palm Bay","state":"FL","address":"MARKETPLACE SHOPPING CTR LIQUO, 5270 Babcock St NE Unit 30B","name":""},
  {"lat":28.017757,"lon":-80.624684,"city":"Palm Bay","state":"FL","address":"MARKETPLACE SHOPPING CENTER, 5270 Babcock Street Suite 120","name":""},
  {"lat":27.997573,"lon":-80.675372,"city":"Palm Bay","state":"FL","address":"PALM BAY WEST, 190 Malabar Rd SW","name":""},
  {"lat":28.021614,"lon":-82.764186,"city":"Dunedin","state":"FL","address":"INDEPENDENCE SQUARE, 1296 County Road No 1","name":""},
  {"lat":27.880747,"lon":-82.328198,"city":"Riverview","state":"FL","address":"6927 US Hwy 301 S","name":""},
  {"lat":27.880487,"lon":-82.328469,"city":"Riverview","state":"FL","address":"6929 Us Hwy 301-S, 6929 US Hwy 301 S","name":""},
  {"lat":27.918093,"lon":-82.761567,"city":"Largo","state":"FL","address":"2460 E Bay Drive Suite A","name":""},
  {"lat":27.918062,"lon":-82.76168,"city":"Largo","state":"FL","address":"2460 E. Bay Drive, 2460 E Bay Drive","name":""},
  {"lat":27.873527,"lon":-82.640436,"city":"St. Petersburg","state":"FL","address":"Paragon Crossing, 11138 4th Street North","name":""},
  {"lat":27.790314,"lon":-82.332363,"city":"Riverview","state":"FL","address":"10667 Big Bend Road","name":""},
  {"lat":27.790255,"lon":-82.33267,"city":"Riverview","state":"FL","address":"10665 Big Bend Rd., 10665 Big Bend Rd","name":""},
  {"lat":27.866016,"lon":-82.727062,"city":"Pinellas Park","state":"FL","address":"PINELLAS PLACE, 6501 102 Ave North","name":""},
  {"lat":27.829885,"lon":-82.648756,"city":"St Petersburg","state":"FL","address":"RUTLAND PLAZA, 1049 62 Ave North","name":""},
  {"lat":27.829614,"lon":-82.648511,"city":"St Petersburg","state":"FL","address":"RUTLAND PLAZA, 1047 62 Ave North","name":""},
  {"lat":27.866769,"lon":-82.788183,"city":"Largo","state":"FL","address":"10202 Seminole Blvd., 10202 Seminole Blvd","name":""},
  {"lat":27.866343,"lon":-82.788323,"city":"Seminole","state":"FL","address":"10368 Seminole Blvd","name":""},
  {"lat":27.838219,"lon":-82.760316,"city":"Largo","state":"FL","address":"LARGO MARKETPLACE LIQUOR, 8740 Park Blvd","name":""},
  {"lat":27.838069,"lon":-82.759962,"city":"Seminole","state":"FL","address":"LARGO MARKETPLACE, 8740 Park Blvd","name":""},
  {"lat":27.81969,"lon":-82.713081,"city":"Kenneth City","state":"FL","address":"PETERSBURG MARKET PLACE, 5802 54th Avenue North","name":""},
  {"lat":27.710769,"lon":-82.354396,"city":"Sun City Center","state":"FL","address":"4445 Sun City Cntr Blvd, 4445 Sun City Cntr Blvd","name":""},
  {"lat":27.727254,"lon":-82.432357,"city":"Ruskin","state":"FL","address":"1023 N Tamiami Trail","name":""},
  {"lat":27.790684,"lon":-82.678096,"city":"St. Petersburg","state":"FL","address":"3350 22nd Avenue N","name":""},
  {"lat":27.790524,"lon":-82.677986,"city":"St. Petersburg","state":"FL","address":"2139 34Th St. N., 2139 34th St N","name":""},
  {"lat":27.78319,"lon":-82.71281,"city":"St Petersburg","state":"FL","address":"TYRONE GARDENS SHOPPING CENTER, 1050 58 Street North","name":""},
  {"lat":27.803288,"lon":-82.802594,"city":"Madeira Beach","state":"FL","address":"LIQUOR STORE, 15200 Municipal Drive","name":""},
  {"lat":27.779151,"lon":-80.495707,"city":"Sebastian","state":"FL","address":"Sebastian Lake Shopping Center, 995 Sebastian Blvd","name":""},
  {"lat":27.759366,"lon":-82.73375,"city":"South Pasadena","state":"FL","address":"6851 Gulfport Blvd","name":""},
  {"lat":27.759215,"lon":-82.733847,"city":"South Pasadena","state":"FL","address":"6851 Gulfport Blvd","name":""},
  {"lat":27.531331,"lon":-81.808972,"city":"Wauchula","state":"FL","address":"Hardee County Centre, 1133 S 6th Ave","name":""},
  {"lat":27.531204,"lon":-81.808697,"city":"Wauchula","state":"FL","address":"Hardee County Centre, 1133 S 6th Ave","name":""},
  {"lat":27.512643,"lon":-81.492155,"city":"Sebring","state":"FL","address":"SEBRING SQUARE, 600 Sebring Square","name":""},
  {"lat":27.512448,"lon":-81.492317,"city":"Sebring","state":"FL","address":"SEBRING SQUARE, 454 Sebring Square","name":""},
  {"lat":27.470669,"lon":-81.438137,"city":"Sebring","state":"FL","address":"3246 US Highway 27 South","name":""},
  {"lat":27.470578,"lon":-81.437908,"city":"Sebring","state":"FL","address":"3250 Us 27 South","name":""},
  {"lat":27.51638,"lon":-82.570098,"city":"Palmetto","state":"FL","address":"515 7th St. W, 515 7th St W","name":""},
  {"lat":27.516449,"lon":-82.570453,"city":"Palmetto","state":"FL","address":"519 7th Street W","name":""},
  {"lat":27.446405,"lon":-82.554212,"city":"Bradenton","state":"FL","address":"1006 53rd Ave E","name":""},
  {"lat":27.446305,"lon":-82.553859,"city":"Oneco","state":"FL","address":"1010 53rd Avenue E, 1010 53rd Avenue E","name":""},
  {"lat":27.463709,"lon":-82.635677,"city":"Bradenton","state":"FL","address":"SHOPPES OF PARADISE BAY, 7400 Cortez Road W","name":""},
  {"lat":27.438145,"lon":-82.576876,"city":"Bradenton","state":"FL","address":"5802 14th St. W, 5802 14th St W","name":""},
  {"lat":27.437898,"lon":-82.576772,"city":"Bradenton","state":"FL","address":"5824 14th Street West","name":""},
  {"lat":27.52227,"lon":-80.396404,"city":"Fort","state":"FL","address":"INDRIO CROSSINGS PLAZA, 4870 N Kings Hwy","name":""},
  {"lat":27.522071,"lon":-80.396326,"city":"Fort","state":"FL","address":"LIQUOR STORE, 4870 N Kings Highway","name":""},
  {"lat":27.266289,"lon":-81.345603,"city":"Lake Placid","state":"FL","address":"1519 Us Highway 27 South, 1519 US Highway 27 South","name":""},
  {"lat":27.26603,"lon":-81.345617,"city":"Lake Placid","state":"FL","address":"1519 US Highway 27 South","name":""},
  {"lat":27.375021,"lon":-80.328552,"city":"Fort","state":"FL","address":"TOWNE SOUTH PLAZA, 4967 S US 1","name":""},
  {"lat":30.774858,"lon":-85.222467,"city":"Marianna","state":"FL","address":"LAFAYETTE PLAZA, 4478 Market Street Suite B","name":""},
  {"lat":27.213672,"lon":-80.828489,"city":"Okeechobee","state":"FL","address":"OKEECHOBEE PLAZA, 3244 US Highway 441 South","name":""},
  {"lat":27.213429,"lon":-80.828356,"city":"Okeechobee","state":"FL","address":"OKEECHOBEE PLAZA, 3246 US Highway 441 South","name":""},
  {"lat":27.275557,"lon":-80.355069,"city":"Port St. Lucie","state":"FL","address":"SHOPPES OF VICTORIA, 281 SW Port St Lucie Blvd","name":""},
  {"lat":27.275115,"lon":-80.354074,"city":"Port St Lucie","state":"FL","address":"SHOPPES OF VICTORIA, 255 SW Port St Lucie Blvd","name":""},
  {"lat":27.107922,"lon":-82.437263,"city":"Venice","state":"FL","address":"458 North Venice Bypass","name":""},
  {"lat":27.080668,"lon":-82.387177,"city":"Venice","state":"FL","address":"1250 Jacaranda Blvd","name":""},
  {"lat":27.245929,"lon":-80.237101,"city":"Jensen Beach","state":"FL","address":"PALM BREEZE PLAZA, 1107 NE Jensen Beach Blvd Unit A","name":""},
  {"lat":26.983944,"lon":-82.098733,"city":"Port Charlotte","state":"FL","address":"PROMENADES MALL, 3280 Tamiami Trail Suite 38","name":""},
  {"lat":26.947992,"lon":-81.99843,"city":"Punta Gorda","state":"FL","address":"CLEVELAND MARKETPLACE, 27680 Bermont Road","name":""},
  {"lat":27.140584,"lon":-80.208769,"city":"Stuart","state":"FL","address":"LIQUOR, 3310 SE Salerno Rd","name":""},
  {"lat":27.140252,"lon":-80.208582,"city":"Stuart","state":"FL","address":"SALERNO VILLAGE, 3320 SE Salerno Rd","name":""},
  {"lat":26.936816,"lon":-82.336398,"city":"Englewood","state":"FL","address":"1951 S McCall Road #300","name":""},
  {"lat":30.144793,"lon":-85.592635,"city":"Parker","state":"FL","address":"Parker Center, 120 South Tyndall Parkway","name":""},
  {"lat":30.144421,"lon":-85.592692,"city":"Parker","state":"FL","address":"PARKER CENTER, 132 South Tyndall Parkway","name":""},
  {"lat":30.215263,"lon":-85.606742,"city":"Panama City","state":"FL","address":"TRANSMITTER CROSSING, 3621 US 231 North","name":""},
  {"lat":30.215016,"lon":-85.607088,"city":"Panama City","state":"FL","address":"TRANSMITTER CROSSING-LIQUOR, 3619 US 231 North","name":""},
  {"lat":30.230359,"lon":-85.650526,"city":"Lynn Haven","state":"FL","address":"LYNN HAVEN SHOPPING CENTER, 1812 Hwy 77 South Suite 119","name":""},
  {"lat":30.229934,"lon":-85.650519,"city":"Lynn Haven","state":"FL","address":"LYNN HAVEN SHOPPING CTR LIQUOR, 1812 Hwy 77 South Suite 120","name":""},
  {"lat":26.74764,"lon":-81.439289,"city":"La Belle","state":"FL","address":"960 S Main Street","name":""},
  {"lat":26.68814,"lon":-81.863284,"city":"Fort Myers","state":"FL","address":"5690 Bayshore Road","name":""},
  {"lat":32.542877,"lon":-84.951735,"city":"Columbus","state":"GA","address":"NORTH CROSSING, 6770 Veterans Parkway","name":""},
  {"lat":30.225001,"lon":-85.891956,"city":"Panama City Beach","state":"FL","address":"WYE SHOPPING CENTER, 17184 Front Beach Road","name":""},
  {"lat":30.224818,"lon":-85.892273,"city":"Panama City Beach","state":"FL","address":"LIQUOR STORE, 17186 Front Beach Road","name":""},
  {"lat":26.611234,"lon":-81.783351,"city":"Fort Myers","state":"FL","address":"10580 Colonial Blvd Suite 102","name":""},
  {"lat":26.611126,"lon":-81.783586,"city":"Fort Myers","state":"FL","address":"10580 Colonial Blvd Suite 101","name":""},
  {"lat":26.605311,"lon":-82.113412,"city":"St James City","state":"FL","address":"PINE ISLAND CENTER, 9864 Stringfellow Road","name":""},
  {"lat":26.675369,"lon":-80.672143,"city":"Belle Glade","state":"FL","address":"BIG LAKE PLAZA, 900 South Main Street Suite A","name":""},
  {"lat":26.675014,"lon":-80.672156,"city":"Belle Glade","state":"FL","address":"BIG LAKE PLAZA, 900 South Main Street","name":""},
  {"lat":26.806742,"lon":-80.104857,"city":"Palm Beach Gardens","state":"FL","address":"GARDENS PARK PLAZA, 8924 North Military Trail","name":""},
  {"lat":26.561375,"lon":-81.951592,"city":"Cape Coral","state":"FL","address":"1016 Cape Coral Pkwy E Suite 100","name":""},
  {"lat":26.561267,"lon":-81.951433,"city":"Cape Coral","state":"FL","address":"1016 Cape Coral Pkwy E Suite 110","name":""},
  {"lat":30.263441,"lon":-85.973544,"city":"Panama City Beach","state":"FL","address":"PANAMA PLAZA -LIQUOR, 23202 Front Beach Road","name":""},
  {"lat":26.707613,"lon":-80.231675,"city":"Royal","state":"FL","address":"VILLAGE ROYALE, 1135 Royal Palm Beach Blvd","name":""},
  {"lat":30.707731,"lon":-86.124508,"city":"Defuniak Springs","state":"FL","address":"DEFUNIAK SQUARE, 1030 US Highway 331 South Suite G","name":""},
  {"lat":26.647101,"lon":-80.057725,"city":"West","state":"FL","address":"PALM COAST PLAZA LIQUOR, 7911 S Dixie Highway","name":""},
  {"lat":26.646797,"lon":-80.057693,"city":"West","state":"FL","address":"PALM COAST PLAZA, 7915 S Dixie Highway","name":""},
  {"lat":26.571377,"lon":-80.148375,"city":"Lake Worth","state":"FL","address":"CHARLESTON SQUARE, 6600 Hypoluxo Road","name":""},
  {"lat":26.571222,"lon":-80.147701,"city":"Lake Worth","state":"FL","address":"CHARLESTON SQUARE, 6574 Hypoluxo Road Bldg C","name":""},
  {"lat":26.572707,"lon":-80.055348,"city":"Lantana","state":"FL","address":"LANTANA VILLAGE SHOPPING CTR, 1491 S Dixie Highway","name":""},
  {"lat":32.665165,"lon":-85.363874,"city":"Opelika","state":"AL","address":"BETTS CROSSING, 1441 Foxrun Parkway","name":""},
  {"lat":26.245893,"lon":-81.690466,"city":"Naples","state":"FL","address":"7550 Mission Hills Drive, 7550 Mission Hills Drive","name":""},
  {"lat":26.24579,"lon":-81.6903,"city":"Naples","state":"FL","address":"7550 Mission Hills Drive Suite 202","name":""},
  {"lat":30.377582,"lon":-86.352245,"city":"Miramar Beach","state":"FL","address":"59 Poinciana Blvd","name":""},
  {"lat":30.377228,"lon":-86.352264,"city":"Miramar Beach","state":"FL","address":"65 Poinciana Blvd","name":""},
  {"lat":26.182527,"lon":-81.707381,"city":"Naples","state":"FL","address":"Golden Gate Center, 5034 Coronado Parkway","name":""},
  {"lat":26.182005,"lon":-81.707306,"city":"Naples","state":"FL","address":"GOLDEN GATE CENTER, 4849 Golden Gate Parkway","name":""},
  {"lat":30.48729,"lon":-86.419065,"city":"Niceville","state":"FL","address":"NORTHVIEW SHOPPING CENTER, 4512 E Hwy 20","name":""},
  {"lat":30.390252,"lon":-86.477424,"city":"Destin","state":"FL","address":"98 PALMS, 981 US Hwy 98","name":""},
  {"lat":30.389909,"lon":-86.477572,"city":"Destin","state":"FL","address":"98 PALMS LIQUOR, 981 US Hwy 98","name":""},
  {"lat":26.30395,"lon":-80.094982,"city":"Deerfield Beach","state":"FL","address":"RIVERTOWNE SQUARE, 1019 S Federal Hwy","name":""},
  {"lat":26.271773,"lon":-80.199745,"city":"Margate","state":"FL","address":"Pepper Tree Plaza, 5598 West Sample Road","name":""},
  {"lat":26.271555,"lon":-80.199988,"city":"Margate","state":"FL","address":"Pepper Tree Plaza, 5600 West Sample Road","name":""},
  {"lat":30.793792,"lon":-86.559287,"city":"Crestview","state":"FL","address":"CRESTVIEW MARKETPLACE, 1326 N Ferdon Blvd","name":""},
  {"lat":26.134981,"lon":-80.288487,"city":"Plantation","state":"FL","address":"VISCAYA SQUARE, 963 North Nob Hill Road","name":""},
  {"lat":26.1348,"lon":-80.288855,"city":"Plantation","state":"FL","address":"VISCAYA SQUARE, 901 North Nob Hill Road","name":""},
  {"lat":26.174866,"lon":-80.099049,"city":"Fort Lauderdale","state":"FL","address":"GALT OCEAN MARKETPLACE, 3800 N Ocean Boulevard","name":""},
  {"lat":25.952026,"lon":-81.729194,"city":"Marco Island","state":"FL","address":"MARCO ISLAND MRKTPLACE LIQUOR, 621 N Collier Blvd","name":""},
  {"lat":25.951819,"lon":-81.729215,"city":"Marco Island","state":"FL","address":"MARCO ISLAND MARKETPLACE, 625 North Collier Blvd","name":""},
  {"lat":26.131299,"lon":-80.136644,"city":"Fort Lauderdale","state":"FL","address":"VICTORIA PARK SHOPPES, 680 N Federal Hwy","name":""},
  {"lat":26.130939,"lon":-80.136457,"city":"Fort Lauderdale","state":"FL","address":"LIQUOR, 678 N Federal Highway","name":""},
  {"lat":26.103613,"lon":-80.189154,"city":"Fort Lauderdale","state":"FL","address":"TWIN OAKS PLAZA, 3260 Davie Boulevard","name":""},
  {"lat":26.045574,"lon":-80.191354,"city":"Hollywood","state":"FL","address":"EMERALD WOODS PLAZA, 3850 North 46th Ave","name":""},
  {"lat":25.980537,"lon":-80.375237,"city":"Miramar","state":"FL","address":"LIQUOR, 17131 Miramar Pkwy","name":""},
  {"lat":25.980652,"lon":-80.374669,"city":"Miramar","state":"FL","address":"PARK VIEW SQUARE, 17101 Miramar Pkwy","name":""},
  {"lat":25.983564,"lon":-80.163757,"city":"Hallandale","state":"FL","address":"Hallandale Shopping Center, 1055 W Hallandale Beach Blvd Unit B","name":""},
  {"lat":25.983564,"lon":-80.163747,"city":"Hallandale","state":"FL","address":"HALLANDALE SHOPPING CENTER, 1055 W Hallandale Beach Blvd","name":""},
  {"lat":25.986927,"lon":-80.132141,"city":"Hallandale","state":"FL","address":"DIPLOMAT MALL LIQUOR, 1519 East Hallandale Beach Blvd","name":""},
  {"lat":25.987033,"lon":-80.131748,"city":"Hallandale","state":"FL","address":"DIPLOMAT MALL, 1515 East Hallandale Beach Blvd","name":""},
  {"lat":32.310463,"lon":-86.351262,"city":"Montgomery","state":"AL","address":"WESTPORT SHOPPING CENTER, 4724 Mobile Hwy","name":""},
  {"lat":25.961839,"lon":-80.185383,"city":"Miami","state":"FL","address":"CALIFORNIA CLUB SHOPPING CTR, 980 Ives Dairy Rd","name":""},
  {"lat":30.40295,"lon":-86.860016,"city":"Navarre","state":"FL","address":"NAVARRE SQUARE, 8674 Navarre Parkway","name":""},
  {"lat":30.402711,"lon":-86.860323,"city":"Navarre","state":"FL","address":"NAVARRE SQUARE, 8672 Navarre Parkway","name":""},
  {"lat":25.914987,"lon":-80.328383,"city":"Miami Lakes","state":"FL","address":"ROYAL OAKS PLAZA, 15450 NW 77th Court","name":""},
  {"lat":25.931368,"lon":-80.243674,"city":"Miami Gardens","state":"FL","address":"DOLPHIN PLAZA, 17221 NW 27th Avenue","name":""},
  {"lat":25.911535,"lon":-80.213112,"city":"Miami","state":"FL","address":"NORTHWAY SHOPPING CENTER, 14900 NW 7th Ave","name":""},
  {"lat":25.931471,"lon":-80.133684,"city":"North Miami Beach","state":"FL","address":"INTERCOASTAL MALL, 3805 NE 163rd St","name":""},
  {"lat":25.875889,"lon":-80.211565,"city":"Miami","state":"FL","address":"11030 NW 7th Ave","name":""},
  {"lat":25.812752,"lon":-80.366902,"city":"Doral","state":"FL","address":"WINN DIXIE - DORAL AREA, 10505 NW 41st Street","name":""},
  {"lat":32.517556,"lon":-86.377112,"city":"Millbrook","state":"AL","address":"3625 Highway 14","name":""},
  {"lat":25.823458,"lon":-80.21509,"city":"Miami","state":"FL","address":"THE SHOPPES OF LIBERTY CITY, 1150 NW 54th Street","name":""},
  {"lat":25.780823,"lon":-80.258702,"city":"Miami","state":"FL","address":"CENTRAL SHOPPING CENTER, 3807 Northwest 7th St","name":""},
  {"lat":25.785014,"lon":-80.213134,"city":"Miami","state":"FL","address":"1155 NW 11th Street","name":""},
  {"lat":25.734548,"lon":-80.376413,"city":"Miami","state":"FL","address":"CONCORD SHOPPING MALL, 11241 SW 40th Street","name":""},
  {"lat":25.734298,"lon":-80.376885,"city":"Miami","state":"FL","address":"Concord Shopping Mall, 11245 SW 40th Street","name":""},
  {"lat":25.750758,"lon":-80.248126,"city":"Miami","state":"FL","address":"3299 SW 22nd Street","name":""},
  {"lat":25.750826,"lon":-80.247618,"city":"Miami","state":"FL","address":"3275 SW 22nd Street","name":""},
  {"lat":25.731705,"lon":-80.304133,"city":"Miami","state":"FL","address":"BIRD LUDLAM SHOPPING CENTER, 6770 Bird Road","name":""},
  {"lat":30.386,"lon":-87.084971,"city":"Gulf Breeze","state":"FL","address":"TIGER POINT SHOPPING CENTER, 3327 Gulf Breeze Parkway","name":""},
  {"lat":30.385836,"lon":-87.085376,"city":"Gulf Breeze","state":"FL","address":"TIGER POINT SHOPPING CENTER, 3319 Gulf Breeze Parkway","name":""},
  {"lat":30.605215,"lon":-87.14746,"city":"Pace","state":"FL","address":"RILEY PLACE SHOPPING CENTER, 4224 Highway 90","name":""},
  {"lat":25.689765,"lon":-80.164706,"city":"Key Biscayne","state":"FL","address":"KEY BISCAYNE SHOPPING CENTER, 604 Crandon Blvd","name":""},
  {"lat":25.689243,"lon":-80.164493,"city":"Key Biscayne","state":"FL","address":"KEY BISCAYNE SHOPPING CENTER, 624 Crandon Blvd","name":""},
  {"lat":30.497832,"lon":-87.189024,"city":"Pensacola","state":"FL","address":"EASTGATE SHOPPING CENTER, 7133 N 9th Avenue","name":""},
  {"lat":30.469578,"lon":-87.209416,"city":"Pensacola","state":"FL","address":"CORDOVA COLLECTIONS, 4751 Bayou Blvd","name":""},
  {"lat":25.590035,"lon":-80.356992,"city":"Cutler Bay","state":"FL","address":"POINT ROYALE SHOPPING CENTER, 19167 S Dixie Hwy","name":""},
  {"lat":30.58074,"lon":-87.295777,"city":"Cantonment","state":"FL","address":"CANTONMENT MARKETPLACE, 1550 S Hwy 29","name":""},
  {"lat":25.486678,"lon":-80.463337,"city":"Homestead","state":"FL","address":"DIXIE CENTER, 30346 Old Dixie Highway","name":""},
  {"lat":32.850434,"lon":-86.632571,"city":"Clanton","state":"AL","address":"CLANTON MARKETPLACE, 640 Ollie Avenue","name":""},
  {"lat":30.321395,"lon":-87.417921,"city":"Pensacola","state":"FL","address":"PARK PLAZA, 13019 Sorrento Rd","name":""},
  {"lat":30.322057,"lon":-87.418253,"city":"Pensacola","state":"FL","address":"PARK PLAZA LIQUOR, 13019 Sorrento Road Suite 11","name":""},
  {"lat":33.417324,"lon":-86.69448,"city":"Birmingham","state":"AL","address":"500 Inverness Corners","name":""},
  {"lat":25.004362,"lon":-80.524112,"city":"Tavernier","state":"FL","address":"TAVERNIER TOWN SHOPPING CENTER, 92100 Overseas Highway","name":""},
  {"lat":30.520681,"lon":-87.884773,"city":"Fairhope","state":"AL","address":"BALDWIN SQUARE, 187 Baldwin Square","name":""},
  {"lat":33.520192,"lon":-86.728555,"city":"Birmingham","state":"AL","address":"OLD SPRINGFIELD SHOPPING, 4476 Montevallo Road","name":""},
  {"lat":24.715719,"lon":-81.073593,"city":"Marathon","state":"FL","address":"5585 Overseas Hwy, 5585 Overseas Hwy","name":""},
  {"lat":24.673238,"lon":-81.356936,"city":"Big Pine Key","state":"FL","address":"BIG PINE PLAZA, 251 Key Deer Blvd","name":""},
  {"lat":24.673071,"lon":-81.357503,"city":"Big Pine Key","state":"FL","address":"Big Pine Plaza, 251 Key Deer Blvd Suite A6-8","name":""},
  {"lat":30.553891,"lon":-88.169954,"city":"Theodore","state":"AL","address":"ISLAND ROAD SHOPPING CENTER, 5827 Hwy 90 West Suite D","name":""},
  {"lat":30.706029,"lon":-88.223842,"city":"Mobile","state":"AL","address":"ZEIGLER CORNERS, 740 N Schillinger Rd","name":""},
  {"lat":24.56456,"lon":-81.770953,"city":"Key West","state":"FL","address":"2778 N. Roosevelt Blvd., 2778 N Roosevelt Blvd","name":""},
  {"lat":24.564045,"lon":-81.771451,"city":"Key West","state":"FL","address":"LIQUOR, 2760 N Roosevelt Blvd","name":""},
  {"lat":30.672442,"lon":-88.277434,"city":"Mobile","state":"AL","address":"VIGOUROUX MARKETPLACE, 9948 Airport Blvd","name":""},
  {"lat":33.197684,"lon":-87.481571,"city":"Tuscaloosa","state":"AL","address":"FIVE POINTS SHOPPING CENTER, 4205 University Blvd East","name":""},
  {"lat":30.417217,"lon":-88.816885,"city":"Ocean Springs","state":"MS","address":"SPRING PLAZA, 1521 Bienville Blvd","name":""},
  {"lat":31.322699,"lon":-89.354168,"city":"Hattiesburg","state":"MS","address":"WESTWOOD SHOPPING CENTER, 4400 Hardy St","name":""},
  {"lat":30.018926,"lon":-89.97215,"city":"New Orleans","state":"LA","address":"HAYDEL REALTY SHOPPING CENTER, 9701 Chef Menteur Highway","name":""},
  {"lat":30.410883,"lon":-90.04314,"city":"Mandeville","state":"LA","address":"4100 Highway 59","name":""},
  {"lat":29.978256,"lon":-90.099344,"city":"New Orleans","state":"LA","address":"401 North Carrollton","name":""},
  {"lat":29.893695,"lon":-90.096993,"city":"Marrero","state":"LA","address":"MARRERO SHOPPING CENTER, 4627 Westbank Expressway","name":""},
  {"lat":30.453839,"lon":-90.137658,"city":"Covington","state":"LA","address":"70431 Hwy 21","name":""},
  {"lat":29.916084,"lon":-90.11686,"city":"New Orleans","state":"LA","address":"RIVERSIDE MARKET, 5400 Tchoupitoulas St","name":""},
  {"lat":30.002096,"lon":-90.125109,"city":"Metairie","state":"LA","address":"211 Veterans Memorial Blvd","name":""},
  {"lat":30.846191,"lon":-90.159155,"city":"Franklinton","state":"LA","address":"BOQUECHITTO PLAZA, 731 Washington Street","name":""},
  {"lat":29.943322,"lon":-90.211927,"city":"River Ridge","state":"LA","address":"8601 Jefferson Highway","name":""},
  {"lat":29.994878,"lon":-90.239977,"city":"Kenner","state":"LA","address":"2104 Williams Blvd","name":""},
  {"lat":29.986011,"lon":-90.362276,"city":"Destrehan","state":"LA","address":"CYPRESS PLAZA, 12519 Airline Hwy Suite A","name":""},
  {"lat":30.075615,"lon":-90.502602,"city":"La Place","state":"LA","address":"MARKET PLACE AT LAPLACE, 1830 West Airline Hwy","name":""},
  {"lat":30.06095,"lon":-90.699844,"city":"Gramercy","state":"LA","address":"1803 LA Hwy 3125","name":""},
  {"lat":30.546615,"lon":-91.051598,"city":"Baton Rouge","state":"LA","address":"INTERSTATE SHOPPING CENTER, 10974 Joor Rd","name":""}]}