{"key":"zoo","displayName":"Zoos","category":"entertainment","useLocationName":true,"locations":[
  {"lat":33.4861,"lon":-86.7817,"city":"Birmingham","state":"AL","address":"","name":"Birmingham Zoo"},
  {"lat":32.2451,"lon":-111.168,"city":"Tucson","state":"AZ","address":"","name":"Arizona-Sonora Desert Museum"},
  {"lat":33.4505,"lon":-111.9474,"city":"Phoenix","state":"AZ","address":"","name":"Phoenix Zoo"},
  {"lat":32.2102,"lon":-110.918,"city":"Tucson","state":"AZ","address":"","name":"Reid Park Zoo"},
  {"lat":34.7517,"lon":-92.2706,"city":"Little Rock","state":"AR","address":"","name":"Little Rock Zoo"},
  {"lat":36.7535,"lon":-119.7909,"city":"Fresno","state":"CA","address":"","name":"Fresno Chaffee Zoo"},
  {"lat":37.3256,"lon":-121.8612,"city":"San Jose","state":"CA","address":"","name":"Happy Hollow Zoo"},
  {"lat":33.6994,"lon":-116.3793,"city":"Palm Desert","state":"CA","address":"","name":"Living Desert Zoo"},
  {"lat":34.1485,"lon":-118.2851,"city":"Los Angeles","state":"CA","address":"","name":"Los Angeles Zoo"},
  {"lat":37.7514,"lon":-122.1446,"city":"Oakland","state":"CA","address":"","name":"Oakland Zoo"},
  {"lat":38.5403,"lon":-121.5033,"city":"Sacramento","state":"CA","address":"","name":"Sacramento Zoo"},
  {"lat":32.7353,"lon":-117.149,"city":"San Diego","state":"CA","address":"","name":"San Diego Zoo"},
  {"lat":33.0987,"lon":-116.998,"city":"Escondido","state":"CA","address":"","name":"San Diego Zoo Safari Park"},
  {"lat":37.7329,"lon":-122.503,"city":"San Francisco","state":"CA","address":"","name":"San Francisco Zoo"},
  {"lat":33.739,"lon":-117.8701,"city":"Santa Ana","state":"CA","address":"","name":"Santa Ana Zoo"},
  {"lat":34.4182,"lon":-119.6645,"city":"Santa Barbara","state":"CA","address":"","name":"Santa Barbara Zoo"},
  {"lat":40.7937,"lon":-124.1511,"city":"Eureka","state":"CA","address":"","name":"Sequoia Park Zoo"},
  {"lat":38.7706,"lon":-104.8521,"city":"Colorado Springs","state":"CO","address":"","name":"Cheyenne Mountain Zoo"},
  {"lat":39.75,"lon":-104.95,"city":"Denver","state":"CO","address":"","name":"Denver Zoo"},
  {"lat":38.2718,"lon":-104.6256,"city":"Pueblo","state":"CO","address":"","name":"Pueblo Zoo"},
  {"lat":41.1912,"lon":-73.1836,"city":"Bridgeport","state":"CT","address":"","name":"Beardsley Zoo"},
  {"lat":39.7576,"lon":-75.5466,"city":"Wilmington","state":"DE","address":"","name":"Brandywine Zoo"},
  {"lat":38.9296,"lon":-77.0499,"city":"Washington","state":"DC","address":"","name":"Smithsonian National Zoo"},
  {"lat":28.1626,"lon":-80.6695,"city":"Melbourne","state":"FL","address":"","name":"Brevard Zoo"},
  {"lat":28.0374,"lon":-82.4205,"city":"Tampa","state":"FL","address":"","name":"Busch Gardens Tampa Bay"},
  {"lat":28.7694,"lon":-81.3215,"city":"Sanford","state":"FL","address":"","name":"Central Florida Zoo"},
  {"lat":28.3553,"lon":-81.5901,"city":"Orlando","state":"FL","address":"","name":"Disney's Animal Kingdom"},
  {"lat":30.4077,"lon":-81.5944,"city":"Jacksonville","state":"FL","address":"","name":"Jacksonville Zoo"},
  {"lat":26.712,"lon":-80.3355,"city":"Loxahatchee","state":"FL","address":"","name":"Lion Country Safari"},
  {"lat":26.1567,"lon":-81.7879,"city":"Naples","state":"FL","address":"","name":"Naples Zoo"},
  {"lat":26.6673,"lon":-80.0755,"city":"West Palm Beach","state":"FL","address":"","name":"Palm Beach Zoo"},
  {"lat":29.8885,"lon":-81.2974,"city":"St. Augustine","state":"FL","address":"","name":"St. Augustine Alligator Farm"},
  {"lat":25.6079,"lon":-80.3984,"city":"Miami","state":"FL","address":"","name":"Zoo Miami"},
  {"lat":28.0127,"lon":-82.4695,"city":"Tampa","state":"FL","address":"","name":"ZooTampa at Lowry Park"},
  {"lat":33.7326,"lon":-84.3695,"city":"Atlanta","state":"GA","address":"","name":"Zoo Atlanta"},
  {"lat":21.2709,"lon":-157.8197,"city":"Honolulu","state":"HI","address":"","name":"Honolulu Zoo"},
  {"lat":43.4815,"lon":-112.0348,"city":"Idaho Falls","state":"ID","address":"","name":"Idaho Falls Zoo"},
  {"lat":43.6069,"lon":-116.2138,"city":"Boise","state":"ID","address":"","name":"Zoo Boise"},
  {"lat":41.833,"lon":-87.8331,"city":"Brookfield","state":"IL","address":"","name":"Brookfield Zoo"},
  {"lat":41.9211,"lon":-87.634,"city":"Chicago","state":"IL","address":"","name":"Lincoln Park Zoo"},
  {"lat":40.4826,"lon":-88.9712,"city":"Bloomington","state":"IL","address":"","name":"Miller Park Zoo"},
  {"lat":40.7113,"lon":-89.6181,"city":"Peoria","state":"IL","address":"","name":"Peoria Zoo"},
  {"lat":41.07,"lon":-85.1483,"city":"Fort Wayne","state":"IN","address":"","name":"Fort Wayne Zoo"},
  {"lat":39.767,"lon":-86.1764,"city":"Indianapolis","state":"IN","address":"","name":"Indianapolis Zoo"},
  {"lat":37.9868,"lon":-87.6013,"city":"Evansville","state":"IN","address":"","name":"Mesker Park Zoo"},
  {"lat":41.6654,"lon":-86.2492,"city":"South Bend","state":"IN","address":"","name":"Potawatomi Zoo"},
  {"lat":41.5386,"lon":-93.6359,"city":"Des Moines","state":"IA","address":"","name":"Blank Park Zoo"},
  {"lat":37.7188,"lon":-97.4097,"city":"Wichita","state":"KS","address":"","name":"Sedgwick County Zoo"},
  {"lat":39.0676,"lon":-95.6346,"city":"Topeka","state":"KS","address":"","name":"Topeka Zoo"},
  {"lat":38.7836,"lon":-97.607,"city":"Salina","state":"KS","address":"","name":"Rolling Hills Zoo"},
  {"lat":37.9604,"lon":-100.8515,"city":"Garden City","state":"KS","address":"","name":"Lee Richardson Zoo"},
  {"lat":38.2072,"lon":-85.7219,"city":"Louisville","state":"KY","address":"","name":"Louisville Zoo"},
  {"lat":29.9232,"lon":-90.1305,"city":"New Orleans","state":"LA","address":"","name":"Audubon Zoo"},
  {"lat":30.5458,"lon":-91.1561,"city":"Baton Rouge","state":"LA","address":"","name":"Baton Rouge Zoo"},
  {"lat":39.3223,"lon":-76.6494,"city":"Baltimore","state":"MD","address":"","name":"Maryland Zoo"},
  {"lat":41.6496,"lon":-70.9456,"city":"New Bedford","state":"MA","address":"","name":"Buttonwood Park Zoo"},
  {"lat":41.9351,"lon":-71.2847,"city":"Attleboro","state":"MA","address":"","name":"Capron Park Zoo"},
  {"lat":42.3022,"lon":-71.0862,"city":"Boston","state":"MA","address":"","name":"Franklin Park Zoo"},
  {"lat":42.4698,"lon":-71.0931,"city":"Stoneham","state":"MA","address":"","name":"Stone Zoo"},
  {"lat":42.2536,"lon":-85.0922,"city":"Battle Creek","state":"MI","address":"","name":"Binder Park Zoo"},
  {"lat":42.4776,"lon":-83.1481,"city":"Royal Oak","state":"MI","address":"","name":"Detroit Zoo"},
  {"lat":42.9579,"lon":-85.6948,"city":"Grand Rapids","state":"MI","address":"","name":"John Ball Zoo"},
  {"lat":42.7145,"lon":-84.5121,"city":"Lansing","state":"MI","address":"","name":"Potter Park Zoo"},
  {"lat":44.9823,"lon":-93.1483,"city":"St. Paul","state":"MN","address":"","name":"Como Park Zoo"},
  {"lat":46.7264,"lon":-92.1904,"city":"Duluth","state":"MN","address":"","name":"Lake Superior Zoo"},
  {"lat":44.7696,"lon":-93.1966,"city":"Apple Valley","state":"MN","address":"","name":"Minnesota Zoo"},
  {"lat":31.3181,"lon":-89.3346,"city":"Hattiesburg","state":"MS","address":"","name":"Hattiesburg Zoo"},
  {"lat":37.2576,"lon":-93.3195,"city":"Springfield","state":"MO","address":"","name":"Dickerson Park Zoo"},
  {"lat":39.0073,"lon":-94.5303,"city":"Kansas City","state":"MO","address":"","name":"Kansas City Zoo"},
  {"lat":38.635,"lon":-90.292,"city":"Saint Louis","state":"MO","address":"","name":"Saint Louis Zoo"},
  {"lat":44.6581,"lon":-111.1003,"city":"West Yellowstone","state":"MT","address":"","name":"Grizzly & Wolf Discovery Center"},
  {"lat":45.7315,"lon":-108.6062,"city":"Billings","state":"MT","address":"","name":"ZooMontana"},
  {"lat":40.8252,"lon":-96.6905,"city":"Lincoln","state":"NE","address":"","name":"Lincoln Children's Zoo"},
  {"lat":41.226,"lon":-95.9288,"city":"Omaha","state":"NE","address":"","name":"Omaha's Henry Doorly Zoo"},
  {"lat":39.0776,"lon":-74.8318,"city":"Cape May Court House","state":"NJ","address":"","name":"Cape May County Zoo"},
  {"lat":40.7598,"lon":-74.2643,"city":"West Orange","state":"NJ","address":"","name":"Turtle Back Zoo"},
  {"lat":35.0961,"lon":-106.6771,"city":"Albuquerque","state":"NM","address":"","name":"ABQ BioPark Zoo"},
  {"lat":40.8506,"lon":-73.8769,"city":"Bronx","state":"NY","address":"","name":"Bronx Zoo"},
  {"lat":42.9399,"lon":-78.8572,"city":"Buffalo","state":"NY","address":"","name":"Buffalo Zoo"},
  {"lat":40.7678,"lon":-73.9718,"city":"New York","state":"NY","address":"","name":"Central Park Zoo"},
  {"lat":40.6649,"lon":-73.9654,"city":"Brooklyn","state":"NY","address":"","name":"Prospect Park Zoo"},
  {"lat":40.7447,"lon":-73.8493,"city":"Queens","state":"NY","address":"","name":"Queens Zoo"},
  {"lat":43.0536,"lon":-76.176,"city":"Syracuse","state":"NY","address":"","name":"Rosamond Gifford Zoo"},
  {"lat":43.2104,"lon":-77.6267,"city":"Rochester","state":"NY","address":"","name":"Seneca Park Zoo"},
  {"lat":40.6254,"lon":-74.1156,"city":"Staten Island","state":"NY","address":"","name":"Staten Island Zoo"},
  {"lat":43.0908,"lon":-75.2165,"city":"Utica","state":"NY","address":"","name":"Utica Zoo"},
  {"lat":35.6284,"lon":-79.7517,"city":"Asheboro","state":"NC","address":"","name":"North Carolina Zoo"},
  {"lat":46.7994,"lon":-100.7891,"city":"Bismarck","state":"ND","address":"","name":"Dakota Zoo"},
  {"lat":46.9002,"lon":-96.8154,"city":"Fargo","state":"ND","address":"","name":"Red River Zoo"},
  {"lat":48.2295,"lon":-101.2881,"city":"Minot","state":"ND","address":"","name":"Roosevelt Park Zoo"},
  {"lat":41.0731,"lon":-81.5396,"city":"Akron","state":"OH","address":"","name":"Akron Zoo"},
  {"lat":39.1453,"lon":-84.5088,"city":"Cincinnati","state":"OH","address":"","name":"Cincinnati Zoo"},
  {"lat":41.4467,"lon":-81.712,"city":"Cleveland","state":"OH","address":"","name":"Cleveland Metroparks Zoo"},
  {"lat":40.156,"lon":-83.1183,"city":"Powell","state":"OH","address":"","name":"Columbus Zoo"},
  {"lat":41.6202,"lon":-83.5817,"city":"Toledo","state":"OH","address":"","name":"Toledo Zoo"},
  {"lat":35.5241,"lon":-97.4707,"city":"Oklahoma City","state":"OK","address":"","name":"Oklahoma City Zoo"},
  {"lat":36.1575,"lon":-95.9099,"city":"Tulsa","state":"OK","address":"","name":"Tulsa Zoo"},
  {"lat":43.9746,"lon":-121.3894,"city":"Bend","state":"OR","address":"","name":"High Desert Museum"},
  {"lat":45.5098,"lon":-122.7157,"city":"Portland","state":"OR","address":"","name":"Oregon Zoo"},
  {"lat":42.9685,"lon":-123.3884,"city":"Winston","state":"OR","address":"","name":"Wildlife Safari"},
  {"lat":40.1137,"lon":-75.3181,"city":"Norristown","state":"PA","address":"","name":"Elmwood Park Zoo"},
  {"lat":40.669,"lon":-75.6146,"city":"Schnecksville","state":"PA","address":"","name":"Lehigh Valley Zoo"},
  {"lat":39.9746,"lon":-75.1956,"city":"Philadelphia","state":"PA","address":"","name":"Philadelphia Zoo"},
  {"lat":40.4844,"lon":-79.9212,"city":"Pittsburgh","state":"PA","address":"","name":"Pittsburgh Zoo & Aquarium"},
  {"lat":41.7909,"lon":-71.411,"city":"Providence","state":"RI","address":"","name":"Roger Williams Park Zoo"},
  {"lat":33.5181,"lon":-79.0958,"city":"Murrells Inlet","state":"SC","address":"","name":"Brookgreen Gardens"},
  {"lat":34.8416,"lon":-82.3973,"city":"Greenville","state":"SC","address":"","name":"Greenville Zoo"},
  {"lat":34.0138,"lon":-81.0731,"city":"Columbia","state":"SC","address":"","name":"Riverbanks Zoo"},
  {"lat":43.5342,"lon":-96.7298,"city":"Sioux Falls","state":"SD","address":"","name":"Great Plains Zoo"},
  {"lat":35.0406,"lon":-85.2843,"city":"Chattanooga","state":"TN","address":"","name":"Chattanooga Zoo"},
  {"lat":35.1489,"lon":-89.9976,"city":"Memphis","state":"TN","address":"","name":"Memphis Zoo"},
  {"lat":36.062,"lon":-86.6803,"city":"Nashville","state":"TN","address":"","name":"Nashville Zoo"},
  {"lat":35.9687,"lon":-83.8851,"city":"Knoxville","state":"TN","address":"","name":"Zoo Knoxville"},
  {"lat":32.4444,"lon":-99.7189,"city":"Abilene","state":"TX","address":"","name":"Abilene Zoo"},
  {"lat":32.3228,"lon":-95.2627,"city":"Tyler","state":"TX","address":"","name":"Caldwell Zoo"},
  {"lat":31.5593,"lon":-97.1353,"city":"Waco","state":"TX","address":"","name":"Cameron Park Zoo"},
  {"lat":32.7411,"lon":-96.8154,"city":"Dallas","state":"TX","address":"","name":"Dallas Zoo"},
  {"lat":32.7254,"lon":-97.3556,"city":"Fort Worth","state":"TX","address":"","name":"Fort Worth Zoo"},
  {"lat":32.206,"lon":-97.7972,"city":"Glen Rose","state":"TX","address":"","name":"Fossil Rim Wildlife Center"},
  {"lat":25.9305,"lon":-97.4974,"city":"Brownsville","state":"TX","address":"","name":"Gladys Porter Zoo"},
  {"lat":29.7141,"lon":-95.3904,"city":"Houston","state":"TX","address":"","name":"Houston Zoo"},
  {"lat":29.4621,"lon":-98.4729,"city":"San Antonio","state":"TX","address":"","name":"San Antonio Zoo"},
  {"lat":40.7476,"lon":-111.8245,"city":"Salt Lake City","state":"UT","address":"","name":"Hogle Zoo"},
  {"lat":36.8663,"lon":-76.2799,"city":"Norfolk","state":"VA","address":"","name":"Virginia Zoo"},
  {"lat":46.9048,"lon":-122.3378,"city":"Eatonville","state":"WA","address":"","name":"Northwest Trek Wildlife Park"},
  {"lat":47.3063,"lon":-122.5172,"city":"Tacoma","state":"WA","address":"","name":"Point Defiance Zoo"},
  {"lat":47.6688,"lon":-122.3503,"city":"Seattle","state":"WA","address":"","name":"Woodland Park Zoo"},
  {"lat":40.0691,"lon":-80.6795,"city":"Wheeling","state":"WV","address":"","name":"Good Zoo at Oglebay"},
  {"lat":43.0577,"lon":-89.401,"city":"Madison","state":"WI","address":"","name":"Henry Vilas Zoo"},
  {"lat":43.0333,"lon":-88.0356,"city":"Milwaukee","state":"WI","address":"","name":"Milwaukee County Zoo"},
  {"lat":44.5303,"lon":-87.9656,"city":"Green Bay","state":"WI","address":"","name":"NEW Zoo"},
  {"lat":42.7199,"lon":-87.7887,"city":"Racine","state":"WI","address":"","name":"Racine Zoo"}]}